title,date,url,author,teaser,article_text
Edith Stein: Den Menschen denken und Gott wissen,2025-08-08,https://www.tichyseinblick.de/feuilleton/buecher/edith-stein-den-menschen-denken-und-gott-wissen/,Klaus-Rüdiger Mai,Die Patronin Europas Teresa Benedicta vom Kreuz – besser bekannt unter ihrem bürgerlichen Namen Edith Stein - wurde am 9. August 1942 von den Nationalsozialisten im Konzentrationslager Auschwitz-Birkenau ermordet. Ihr Vermächtnis – als Ordensfrau und Intellektuelle - ist von bleibendem Wert.,"Der 6. April 1968 bleibt ein denkwürdiger Tag. An diesem Tag hielt auf Bitte des Kardinals Karol Wojtyła der bedeutende polnische Philosoph Roman Ingarden in Krakau vor geladenen Gästen einen Vortrag über Edith Stein. Dass sich der spätere Papst für die Philosophin und Karmelitin interessierte, ging im Wesentlichen auf drei Gründe zurück. Erstens wurde der junge Karol Wojtyła 1948 in Rom über die Glaubensdoktrin beim heiligen Johannes vom Kreuz promoviert, Edith Steins letzte große Arbeit unter dem Titel „Kreuzeswissenschaft“ stellte eine fulminante Auseinandersetzung mit dem mystischen Werk des Johannes vom Kreuz dar.

Als Schülerin des Philosophen Edmund Husserl, der mit der Begründung der Phänomenologie am Anfang des zwanzigsten Jahrhunderts eine nachhaltige Wirkung auf die Entwicklung der Philosophie auslöste, die einerseits über seinen Schüler Martin Heidegger und die deutsche Existenzphilosophie zum französischen Existentialismus eines Jean-Paul-Sartre führte, andererseits entscheidende Impulse Derridas Dekonstruktivismus verlieh, der zum Ausgangspunkt neuerer Ideologien wie Genderismus, Postkolonialismus und Identitätsphilosophie wurde, verdankte Edith Stein Husserls Gegenpol in der Phänomenologie, Max Scheler, in dessen Zentrum die Person steht, deren Urgrund der Philosoph in der Liebe entdeckte, doch sehr viel. Alle Akte der Person sah Scheler in der Liebe begründet. Aus diesem Grund konnte er schlussfolgern, dass das Wesen der Person nicht Vernunft, sondern Liebe sei.

Nicht nur Edith Stein erfuhr eine starke Anregung aus Schelers Personalismus, sondern zweitens auch Karol Wojtyła, der sich 1953 mit der Arbeit „Beurteilung der Rekonstruktionsmöglichkeiten einer christlichen Ethik auf der Basis der Voraussetzungen des ethischen Systems von Max Scheler“ habilitierte. Drittens erfüllte Johannes Paul II. ein tiefer Respekt für das Judentum, die er als die „älteren Brüdern im Glauben“ ansprach. In Edith Stein, die in einer jüdischen Familie in Breslau geboren wurde, die zum Katholizismus konvertierte, den Schleier nahm und die schließlich die Nationalsozialisten am 9. August 1942 in Auschwitz wegen ihrer jüdischen Herkunft ermordeten, dürfte Karol Wojtyła eine Brückenbauerin zwischen Judentum und Christentum gesehen haben, eine Märtyrerin und Heilige war sie für ihn ohnehin. Man kann also sagen, dass mit dem Vortrag von Roman Ingarden in Krakau der Prozess begann, der am 1. Mai 1987 mit der Seligsprechung und schließlich am 11. Oktober 1998 mit der Heiligsprechung Edith Steins endete.

Biographie über den »Wildfang der Moderne«

Der atemberaubende Lebensweg der großen Philosophin Edith Stein

Ingarden nun leitete seinen Vortrag damit ein, dass er unter den noch Lebenden wahrscheinlich derjenige war, der Edith Stein am besten gekannt hat: „Wir gehörten beide derselben philosophischen Gemeinschaft, der Göttinger Gruppe der Phänomenologen an, und viele Jahre hindurch waren wir durch enge wissenschaftliche Beziehungen miteinander verbunden (1916-1939). 1916 und 1917 haben wir uns täglich gesehen, und fast bis zum Ausbruch des Krieges (1939) haben wir korrespondiert.“

Sie war schon vor der Konversion Philosophin

Ingarden nun, der ihrer Konversion und ihrem Eintritt ins Kloster kritisch gegenüberstand, sorgte sich um ihr philosophisches Erbe: „Auch die Veröffentlichungen über Edith Stein, die ihrer Biographie und der Tatsache ihrer Konversion zum Katholizismus gewidmet sind, lassen ihren früheren wissenschaftlichen Ertrag ganz und gar beiseite, so als ob er nicht existierte. Meines Erachtens wurde Edith Stein dadurch ein Unrecht angetan. Sie war Philosophin, Wissenschaftlerin, und ist es auch im Kloster geblieben. Auch unter schwierigen Bedingungen hat sie ihre wissenschaftliche Arbeit weitergeführt.“ Seit Ingardens Vortrag wurde und wird das philosophische Erbe vorbildlich entdeckt.

Noch zu wenig wird gesehen, dass von der Philosophie Edmund Husserls zwei große Wege weiterführten, einerseits Heideggers Existenzphilosophie, anderseits Edith Steins phänomenologischer Neuthomismus oder Welteinheitsdenken, wobei die Einheit im Schöpfer der Schöpfung begründet ist. Während Martin Heidegger den Menschen als ein in sein Leben Geworfenen betrachtet, fragt Stein nach dem Werfer, der für sie der Schöpfer ist und mithin der Mensch ein Geschöpf. Es geht ihr schließlich nicht um die Geworfenheit, sondern um die Geschöpflichkeit, nicht um die Ausweglosigkeit der Zeit als Sinn des Seins, also für den Menschen als Sinn des Lebens, sondern um die Ewigkeit, weshalb der Sinn des Lebens, der Aufstieg zum Sinn des Seins in der Erlösung besteht, die dem Menschen als Geschöpf von Anfang an gegeben ist: das Reich nicht von dieser Welt.

Die Welt von Gott her gedacht

Das Leben besteht für Stein nicht wie für Heidegger in der Sorge vor dem Tod, in der Besorgnis, sondern in der Überwindung des Todes. Die Voraussetzung hierfür ist durch die Gottesebenbildlichkeit des Menschen gegeben. In dem Axiom, dass „jeder Mensch … ein Gottsucher und darin am stärksten dem Ewigen verbunden“ ist, findet sich die fundamentale Vorstellung ihre Philosophie. „In allem Schönen und Guten, was der Mensch in sich und um sich findet, ahnt er ein Höchstes über sich und allem und fühlt sich angetrieben, es zu suchen und ihm zu dienen.“

Versöhner von Vernunft und Glauben

Der stumme Ochse als wilder Stier: Thomas von Aquin

Die Entscheidung, die Edith Steins Philosophie vorausgeht, wurde im metaphysischen Raum getroffen, sie ist nicht philosophisch, sondern vorphilosophisch und bedingt daher Philosophie. Sie beruht auf der persönlichen Erfahrung, dass der Mensch das Tiefste und Eigenste, was er ist, Gott verdankt, „Gott allein, und alles, was er irdischen Gemeinschaften verdankt, verdankt er mittelbar Gott. Gott ist er mit allem verpflichtet, was er ist. Durch Gott ist er in die Gemeinschaften hineingestellt, in denen er steht, und Gott bestimmt das Maß der Verpflichtungen, das er ihnen gegenüber hat. Was ich zu verantworten habe, das habe ich vor Gott zu verantworten. Worin es besteht, d. h. was meine Pflicht ist, das sagt mir mein Gewissen. Ihm zu folgen ist Sache meiner Freiheit.“

Auf dem Weg von der Erkenntnistheorie zur Wirklichkeit

Steins Philosophie ist ein Weg des Denkens, den sie im Studium in Breslau beginnt, der sie nach Göttingen zu Edmund Husserl und zur Phänomenologie führt. Was sie an Husserls Denken begeistert, ist der Weg fort von der Erkenntnistheorie zur Wirklichkeit hin, „zu den Sachen“, wie der Schlachtruf der Phänomenologen in jenen frühen Jahren lautet.

Husserls Grundidee besteht darin, dass die Wirklichkeit dem Menschen als Phänomene gegeben ist, die er durch besondere philosophische Verfahren von allen Überlagerungen und Überwucherungen befreien muss, damit er sie in der Reinheit, wie sie ihm ins Bewusstsein gegeben werden, erkennen kann. Gewissermaßen ist die Phänomenologie eher eine Methode, denn eine Philosophie, deren Letztbegründung Heidegger im Menschen und Stein in Gott sucht. Husserls Anspruch, „Wissenschaft von der Wissenschaft zu sein“ beflügelt Edith Stein, die immer stärker erkennt, dass sie die Frage nach der Person, danach, was der Mensch ist und welche Möglichkeiten er besitzt, antreibt.

Ein reflektiertes Leben

In einem Brief an Roman Ingarden schrieb sie am 15. Oktober 21: „Meine Arbeiten sind immer nur Niederschläge dessen, was mich im Leben beschäftigt hat, weil ich nun mal so konstruiert bin, dass ich reflektieren muss.“ Die Veranlagung vom Ich, vom eigenen Erfahren auszugehen, führte sie zur Phänomenologie, doch die Frage, worin letztlich das Menschsein besteht, worin unsere Existenz besteht zu Gott.

In den Zwanziger Jahren arbeitete sie zunächst als Lehrerin, später als Dozentin, vor allem aber kam sie durch die Übersetzung des Descartes Buches von Alexandré Koyré mit dem Neuthomismus in Berührung. Diese Begegnung intensiviert sich, als sie Thomas von Aquino ins Deutsche bringt. Die Vorstellung von der Einheit der Welt in ihrer Vielheit, die ihren Grund in der Schöpferkraft Gottes findet, findet ihren ersten Niederschlag in der Arbeit „Potenz und Akt“. Die Phänomenologie wurde ihr zur Methode, um den Thomismus zu dynamisieren, ihn aktuell zu interpretieren und zu erweitern. Im Kloster wird aus der Überarbeitung von „Potenz und Akt“ ihr philosophisches Hauptwerk „Endliches und ewiges Sein. Versuch eines Aufstiegs zum Sinn des Seins“.

Von der GESTAPO mitten aus dem Denken gerissen

Indem sie alles zu Gottes Werk erklärte, quasi Gott zur Voraussetzung ihrer Philosophie machte, hatte Edith Stein der Phänomenologie oder besser dem phänomenologischen Neothomismus eine Letztbegründung ermöglicht. Mit den Mitteln der Phänomenologie schuf sie eine Summa des Sinns des Lebens als christliches Leben.

Als die Gestapo am 2. August 1942 an der Tür des Karmels klopfte, um sie nach Auschwitz zu verschleppen, hatte mit dem zutiefst persönlichen, zutiefst mystischen Werk „Kreuzeswissenschaft“ ihr Denken einen Abschluss gefunden. Da aber dem Ende im Denken produktiver Philosophen stets ein Anfang innewohnt, verrät uns nichts, wohin und wie sich Edith Steins Denken weiterentwickelt hätte. So wurde sie mitten aus dem Denken gerissen.

Dieser

Beitrag von Dr. Klaus-Rüdiger Mai

erschien zuerst in

Die Tagespost. Katholische Wochenzeitung für Politik, Gesellschaft und Kultur.

Wir danken Autor und Verlag für die freundliche Genehmigung zur Übernahme. Jetzt drei Ausgaben kostenlos testen:

Die Tagespost-Probeabo.

Klaus-Rüdiger Mai,

Edith Stein – Geschichte einer Ankunft.

Leben und Denken der Philosophin, Märtyrerin und Heiligen.

Kösel Verlag, Hardcover mit Schutzumschlag, 352 Seiten, 22,00 €

Mit Ihrem Einkauf im TE-Shop unterstützen Sie den unabhängigen Journalismus von Tichys Einblick! Dafür unseren herzlichen Dank!!>>>"
Gaza: Ihr Kinderlein kommet,2025-08-08,https://www.tichyseinblick.de/meinungen/gaza-ihr-kinderlein-kommet/,Alexander Heiden,Grün-linke Politiker haben neue bevorzugte Opfer zur Zwangsbeglückung: Sie wollen Kinder aus Hamas-Land aufnehmen. Dahinter verbergen sich zwei sehr unterschiedliche Motive. Beide sind gleichermaßen unappetitlich.,"Da müssen wahre Menschenfreunde sitzen in den Rathäusern von Bonn, Düsseldorf, Hannover, Leipzig und Kiel. Die Bürgermeister dieser fünf Städte bieten an, verletzte oder traumatisierte Kinder aus dem Gaza-Streifen und aus Israel aufzunehmen. Also, nicht bei sich zuhause, versteht sich. Aber in ihrer jeweiligen Stadt.

Nicht zufällig stammt der Brief von zwei grünen und zwei sozialdemokratischen Stadtoberhäuptern. Dazu kommt der Düsseldorfer Rathaus-Chef. Er gehört formal zwar der CDU an, aber er identifiziert sich bekanntermaßen schon lange als Teil des grün-linken Spektrums. In der nordrhein-westfälischen Union liegt er damit gut im Trend.

In einem gemeinsamen Schreiben sowohl an das Bundesinnen- wie auch an das Bundesaußenministerium fordern die Bürgermeister, „die rechtlichen und organisatorischen Voraussetzungen für die humanitäre Initiative zu schaffen“. Die Kommunen hätten die erforderliche Infrastruktur und könnten Betreuung sowie psychologische und medizinische Versorgung der einzufliegenden Kinder gewährleisten. Benötigt werde jedoch „ein geordnetes Verfahren auf Bundesebene“.

Wohl selten war ein parteitaktischer Vorstoß so zynisch.

An traumatisierten Flüchtlingen herrscht in Deutschland nun wahrlich kein Mangel. Oft werden diese Menschen gewalttätig. Schon für Erwachsene reichen in Deutschland die vorhandenen Betreuungs- und Therapieplätze hinten und vorne nicht. Von der Vereinbarung eines ärztlichen Erstgesprächs bis zum Therapiebeginn vergeht derzeit ein halbes Jahr. Durchschnittlich – das heißt, es gibt auch viele Fälle, in denen es länger dauert.

Bei Kindern und Jugendlichen ist es noch viel schlimmer.

Eine Arbeitsgruppe von Wissenschaftlern an den Universitäten Leipzig und Koblenz-Landau hat in einer aufwändigen Studie ermittelt, dass die Wartezeiten bei den deutschen Kinder- und Jugendpsychotherapeuten aktuell im Schnitt 35,5 Wochen betragen – also weit mehr als acht Monate.

Zur Erinnerung: Unsere fünf ach so menschenfreundlichen Oberbürgermeister behaupten trotzdem, die Kommunen könnten die Betreuung sowie die psychologische und medizinische Versorgung von traumatisierten Kindern aus Gaza „gewährleisten“. Diese Erkenntnis haben sie exklusiv.

„Ich löse Konflikte aus aller Welt durch Aufnahme in Deutschland“ – diese Methode sei nun wirklich für jeden erkennbar gescheitert: Das schreibt der Kollege Ralf Schuler, und er hat völlig recht. Anders, als Angela Merkel es so nassforsch behauptet hatte, haben „wir“ es nach 2015 eben nicht geschafft. Und das wissen auch die Allermeisten bei den Grünen und bei der SPD.

Aber – und das ist das eine Motiv hinter der Initiative – das Thema eignet sich einfach so schön, um die Union pseudo-ethisch vor sich herzutreiben. CDU und CSU stellen in Berlin bekanntlich sowohl den Innen- wie auch den Außenminister, an die der Bürgermeisterbrief nicht zufällig adressiert ist. Indirekt ärgert man damit auch den Bundeskanzler (zur Erinnerung: Friedrich Merz, ebenfalls CDU). Das erklärt zusätzlich, weshalb der Düsseldorfer OB von CDU bei der fragwürdigen Sache mitmacht: Sie schwächt den verhassten eigenen Parteivorsitzenden.

„Es ist eine moralische Pflicht“, heißt es aus der Berliner SPD zu der Ihr-Kinderlein-kommet-Aktion, und damit ist die parteitaktische Stoßrichtung der ganzen Sache endgültig klar. Und in Bochum machen sie sich erst gar keine Mühe, den machtpolitischen Showcharakter irgendwie zu verstecken: Dort unterstützt der SPD-Bürgermeister die Initiative – erklärt aber gleichzeitig, seine Stadt könne aus Mangel an Kapazitäten leider nicht mitmachen.

Das zweite, vielleicht noch perfidere Motiv für die Aktion macht Berivan Aymaz deutlich, die grüne Kandidatin für das Oberbürgermeisteramt in Köln:

Ich bin damit einverstanden, dass mir Inhalte von Twitter angezeigt werden.

Wohl wenig ist derzeit so zweifelhaft wie die Aussage, israelische Kinder könnten „in Sicherheit“ gebracht werden, indem man sie ausgerechnet nach Deutschland holt. Mit einiger Berechtigung darf man davon ausgehen, dass jüdische Kinder im permanenten Pulverfass des Nahen Ostens immer noch wesentlich weniger akuten Gefahren für Leib und Leben ausgesetzt sind als in Berlin-Neukölln oder in der Kölner Südstadt.

Natürlich geht es Frau Aymaz auch kein bisschen um israelische Kinder, sondern nur um die aus Gaza. Und natürlich denkt die gebürtige Türkin und Studienabbrecherin nicht nur an die moslemischen Kinder, die sie aus Gaza nach Deutschland holen kann – sondern auch an die vielen moslemischen Angehörigen, die dann über den Familiennachzug quasi automatisch auch zu uns dürfen. Das wäre dann ein weiterer Hebel, um den linken Hass auf Deutschland auszuleben und die Islamisierung des Landes voranzutreiben.

Es gibt einen Grund, weshalb die Lage in Gaza so ist, wie sie ist: Weil dort der überwiegende Teil der Bevölkerung gewalttätige Herrscher unterstützt, die Juden hassen, Israel bekämpfen, Terroristen finanzieren und Geiseln vor laufenden Kameras verhungern lassen.

Wer den Kindern in Gaza wirklich helfen will, muss dafür sorgen, dass das aufhört. Aber ob die Grün-Linken aller Parteien in Deutschland das wirklich wollen?"
Transatlantiker an der Macht: Wie der Bund hinter Trumps Rücken Geld über den Atlantik pumpt,2025-08-08,https://www.tichyseinblick.de/daili-es-sentials/bund-pumpt-geld-in-die-usa/,Matthias Nikolaidis,Über eine halbe Milliarde Euro steckt das Entwicklungsministerium dieses Jahr der Gates-Stiftung zu. Doch da ist noch mehr: Soros und andere links-grüne Zentren dürfen nicht fehlen auf der Liste der staatlich finanzierten „NGOs“. All das wirkt wie eine riesige Kreislaufwirtschaft zwischen Bund und global agierenden Organisationen.,"An einem konnte man wohl kaum Zweifel haben: Auch die neue Bundesregierung fühlt sich für die „Pflege und Förderung der transatlantischen Beziehungen“ verantwortlich. Das sei eines ihrer Kernanliegen, schreibt sie in ihrer Antwort auf die aktuelle

Kleine Anfrage der AfD-Fraktion.

Man wolle die Beziehungen in die USA „über die bi- und multilaterale staatliche Zusammenarbeit hinaus“ bereichern und genau zu diesem Zweck verteilt man die Steuergelder der Bürger. Aber was verbirgt sich eigentlich dahinter? Die Frage lautete, ob und in welcher Höhe gewisse, vor allem US-amerikanische Institutionen der „Zivilgesellschaft“ im laufenden Jahr Gelder vom Bund erhalten. Die Antwort beginnt wie eben zitiert.

Die Behauptung ist also, dass die Bundesregierung kraft ihrer Zuschüsse an Organisationen mit „transatlantischer“ Ausrichtung bis in die sogenannte „Zivilgesellschaft“ anderer Länder (wie der USA) vordringen kann und dort – quasi jenseits staatlicher Strukturen – Verbindungen aufbauen kann. Außerdem will man so angeblich noch andere Ziele erreichen, wie „zum Beispiel Ernährungssicherheit, Förderung der Menschenrechte, Dialog mit dem Globalen Süden oder Demokratieförderung“, also wirklich einmal globale Politikziele.

Ergebnis einer Anfrage

Regierung zahlt 630 Millionen Euro an die Gates-Stiftung

Man kann ohne weiteres von einer umfassenden Agenda sprechen, die hier öffentlich proklamiert wird. Dass gewisse Teile der deutschen wie auch der US-Gesellschaft nicht mit allem davon einverstanden sein werden, ist klar. Das dürfte besonders da zutreffen, wo es darum geht, die berüchtigte „Demokratieförderung“ am Leben zu halten – bei der es meist eher darum geht, bestimmte Kandidaten, Parteien sowie deren mögliche Wähler von der Mitbestimmung auszuschließen. Die neu geknüpften transatlantischen Bande von CDU und SPD sind insofern keineswegs ein Friedensangebot an Donald Trump – eher das Gegenteil. Denn man wendet sich an informelle Kreise, die dem Präsidenten eher fernstehen und ihn lieber heute als morgen verschwinden sähen. Es ist der amerikanische Deep State, den man so unterstützt – und in die Welt trägt.

Daneben darf man ruhig in Frage stellen, ob ein zwischen Washington und Berlin besprochener, ziemlich einförmig anmutender „Dialog mit dem Globalen Süden“ irgendeinem bestimmten sachlich gebotenen Interesse der Wähler dient. Genauso ist es mit allen Werten (sogar den Menschenrechten, sogar der „Ernährungssicherheit“), die hier hochgehalten werden: Welche Priorität sie für staatliches Handeln haben sollen, wird schlicht nicht mit dem Wähler besprochen, sondern in Staatskanzleien und Ministerien beschlossen. Demokratisch ist das also eigentlich nicht. Nur ein weiteres Steuerverschiebemodell, das den Vorbildern USAID und anderen Projekten von Auswärtigem Amt und BMZ gleicht.

Kreislaufwirtschaft zwischen Bund und „NGOs“?

Den größten Posten konnte sich ohne Zweifel die Bill-und-Melinda-Gates-Stiftung sichern mit rund 630 Millionen Euro,

wie von TE bereits berichtet.

Das sind vor allem Mittel des Bundesministeriums für wirtschaftliche Zusammenarbeit und Entwicklung, an dessen Spitze ja inzwischen die vormalige Migrationsbeauftragte Reem Alabali Radovan (SPD) sitzt. Daneben können weitere private und öffentliche Mittel unter diese Ziffer gehören, wie die Regierung wenig transparent vermerkt. Es geht dabei um das „Globalvorhaben Digitale Transformation“, um „Interventionen für die Bodengesundheit“ in Äthiopien, den angeblichen Einsatz für „Ernährungssicherheit“ und ähnliches.

Gegen Grenzschutz, Bauern, Arbeitsplätze

Milliarden für die Demokratieverzerrung: EU-Kommission finanziert hunderte Lobby-„NGOs“

Die Gates-Stiftung ist bekanntlich sehr aktiv beim Erwerb landwirtschaftlicher Nutzflächen. Der Milliardärssozialismus rückt so bei der Nahrungsmittelversorgung täglich näher. Und die Bundesregierung unterstützt das offenbar mit dreistelligen Millionensummen. Die Gates-Stiftung revanchierte sich dafür schon vor Jahren, indem sie regierungsfromme Publikationen in Deutschland (etwa den

Spiegel

) finanziert.

Daneben lässt das Entwicklungshilfeministerium auch den Open Society Foundations von George Soros gut fünf Millionen (5.080.000) Euro zukommen – für eine „Globale Partnerschaft für Drogenpolitiken und Entwicklung“. Was für ein seltsames Gespann in diesem Projekttitel. Unklar bleibt nur, was er bedeutet. Bekannt ist, dass die Soros-Stiftung eine ganze Reihe von Vereinen und sogenannten „NGOs“ in Europa und Deutschland unterstützt, die sich wiederum in Übereinstimmung mit den von Soros senior gepredigten angeblich „liberalen“, in Wahrheit erzlinken Zielen befinden. 16,5 Millionen Euro gingen daneben an die Ford Foundation zur „Prävention von gender-basierter Gewalt in Südafrika“. Und während auch Präsident Donald Trump vor staatlich erlaubter Gewalt (gegen Weiße) in Südafrika gewarnt hat, scheint dieses Projekt einen anderen Fokus zu haben.

CDU-Außenamt unterstützt grüne Zentren

Unterstützt werden nicht nur alte Kampfrösser der deutsch-amerikanischen Zusammenarbeit – wie der German Marshall Fund mit einer erneuten Zustiftung von zwei Millionen Euro –, sondern auch das neue und reichlich grüne Gewächs „Zentrum Liberale Moderne“, das einen parteipolitisch, eben grün eingefärbten Zugriff auf aktuelle national- wie weltpolitische Fragen bietet. Für Projekte wie „Östliche Partnerschaft Plus“ oder „o[s]tklick: Postmigrantische Gesellschaft gestalten“ erhielt das von Marieluise Beck und ihrem Ehemann Ralf Fücks gegründete und immer noch von ihnen geleitete Zentrum insgesamt über eine Million Euro.

Endlich Kontrolle?

NGO-Macht unter der Lupe: Schluss mit der Schattenregierung im Brüsseler Gewand

Auch hier geht es nicht einfach um internationale Beziehungen oder glühende Drähte in andere „Zivilgesellschaften“ hinein, sondern um das Verbreiten einer Botschaft, die natürlich den obersten grünen Repräsentanten des Zentrums entspricht. Daneben hat die Bundesregierung dem Gustav-Stresemann-Institut in Niedersachsen e.V. knapp 120.000 Euro überwiesen für ein Projekt zur „rassismuskritischen Dialogarbeit mit Polizei und Zivilgesellschaft“ in Deutschland und den USA. Rechnet man die gut 800.000 Euro für das Aspen Institute Deutschland hinzu, das unter anderem eine „US-Delegationsreise für Wahlleiterinnen und Wahlleiter“ unter dem schmissigen Titel „Democracy at work“ plant, dann kratzen Außenamt und BMZ wohl an der Milliardenmarke, allein nur für diesen Ausschnitt aus dem globalen „Demokratie-Förderungs-Programm“.

Der Abgeordnete Markus Frohnmaier ist zugleich außenpolitischer Sprecher der AfD-Fraktion im Deutschen Bundestag und hat die Frage mitverfasst. Sein Schluss: „Das CDU-geführte Außenministerium setzt munter die Förderung von Grünen-nahen Denkfabriken wie das Zentrum Liberale Moderne oder das Progressive Zentrum fort. Die linksliberale Mainstreamausrichtung wird auch an der Förderung von Projekten wie ‚Rassismuskritische Dialogarbeit mit Polizei und Zivilgesellschaft (in Deutschland und USA)‘ deutlich oder bei der Reise von deutschen Wahlleitern in die USA.“

Vor dem Hintergrund der „Manipulationen bei den Präsidentschaftswahlen 2020“ fragt sich Frohnmaier, ob „dabei auch die von den Demokraten eifrig genutzten Schwachstellen des US-Wahlsystems beleuchtet wurden“. Natürlich dürfe auch „die Zusammenarbeit mit der Bill Gates Stiftung und der Open Society Foundations von George Soros nicht fehlen“, sieht Frohnmaier seine Erwartungen bestätigt und weist darauf hin: „Die AfD möchte eine transatlantische Zusammenarbeit auf Augenhöhe – nicht im Sinne einer woken Ideologie, sondern unserer nationalen Interessen.“"
Berlin: Wer zahlt eigentlich noch „Demokratieabgabe“ für die ARD?,2025-08-08,https://www.tichyseinblick.de/video/interview/demokratieabgebe-ard-strassenumfrage/,Redaktion,"Nur wenige Minuten vom Bundestag entfernt, residiert hoch herrschaftlich die ARD im Hauptstadtstudio. Sophia Juwien will von Passanten wissen: Zahlen Sie eigentlich gerne die „Demokratieabgabe"" für ARD und ZDF?","Ich bin damit einverstanden, dass mir Inhalte von Youtube angezeigt werden.

Wie steht Berlin zur ARD? Das will TE-Praktikantin Sophia Juwien wissen. Zwischen Brandenburger Tor, ARD-Hauptstadtstudio und Bundestag befragt sie die Passanten. Die Stimmung ist gemischt: Manche sind Fans der ARD und wollen mehr zahlen, andere wollen die ARD gleich ganz abschaffen. Die Bewohner des Palästinenser-Dauerprotestcamps wollen gar nicht mit Sophia Juwien sprechen. Die Polizei muss moderieren.

Mehr Videos von Tichys Einblick:

Interview mit Sebastian Kurz

„Es wird zeitnah ein böses Erwachen geben“

Die Lage der Nation

Länger arbeiten, damit Friedrich Merz nicht sparen muss"
Ein verlorener Coup – und der Spin danach,2025-08-08,https://www.tichyseinblick.de/meinungen/ein-verlorener-coup-und-der-spin-danach/,Friedrich Pürner,"Die gescheiterte Wahl von Brosius-Gersdorf war ein Sieg einer kritischen Öffentlichkeit, der seitens SPD und Grünen als Angriff auf die Demokratie umgedeutet wird. Rotgrün setzt auf Opfermythos und Verschwörungserzählung. Der Skandal ist nicht die verhinderte Personalie, sondern der Versuch, Kritik zu delegitimieren.","Dass Frau Frauke Brosius-Gersdorf nicht mehr zur Richterin am Bundesverfassungsgericht gewählt werden wird, hätte ein guter Tag für die Demokratie sein können. Ein Tag, an dem deutlich wurde, dass öffentliche Aufmerksamkeit und kritischer Widerspruch noch Gewicht haben – auch gegen parteipolitische Machtspiele. Doch genau dieser demokratische Reflex wird nun umgedeutet.

Statt einer ehrlichen Aufarbeitung dieses gescheiterten politischen Coups der SPD wird nun folgender Spin gesetzt: Eine angeblich orchestrierte „Kampagne“, gelenkt von „extremen Kräften“, habe Brosius-Gersdorfs Wahl verhindert. Diese Erzählung ist bequem – sie entlastet die SPD, die mit ihrer Personalie eine fragwürdige Entscheidung durchdrücken wollte, und schützt jene Medien, die das Vorgehen weitgehend unkritisch begleiteten.

Doch es gab keine orchestrierte Hetze. Es gab Kritik – aus der Mitte der Gesellschaft, von Juristen, Medienkommentatoren und einzelnen Politikern. Kritik daran, dass eine höchst umstrittene Person auf einen Posten von zentraler demokratischer Bedeutung gehoben werden sollte. Kritik daran, dass Parteien versuchen, über den Umweg der Personalpolitik ihre ideologischen Vorstellungen in eigentlich unabhängigen Institutionen zu verankern.

Der eigentliche Skandal liegt nicht in der Kritik an der Entscheidung der SPD, sondern im Versuch, diese Kritik zu ignorieren. Der Reflex der SPD, mit Macht durchzuregieren, wurde gestoppt – nicht von einer “Kampagne”, sondern durch Öffentlichkeit. Genau das, was Demokratie braucht: Kontrolle, Transparenz, Debatte.

Doch die Geschichte wird nun anders erzählt. Brosius-Gersdorf soll zur tragischen Figur verklärt werden – Opfer eines „Shitstorms“, einer dunklen Welle von Demokratiefeinden. Während öffentlich über „wehrhafte Demokratie“ geredet wird, bastelt man hinter verschlossenen Türen womöglich schon an einem Verfahren, das eine künftige Einmischung aus der Gesellschaft möglichst ausschließt. Kritik wird dann als „Delegitimierung des Staates“ gebrandmarkt, Öffentlichkeit zur Bedrohung erklärt.

Das ist nicht wehrhaft. Das ist selbstherrlich.

Der Fall Brosius-Gersdorf ist eine Zäsur – nicht, weil sie verhindert wurde, sondern weil Politik und öffentlich-rechtliche Medien in dieser Situation eine tiefe Blöße offenbart haben. Sie haben ihre Deutungshoheit verloren. Und das werden sie sich nicht gefallen lassen. Doch wenn auf diese Blamage die Einschränkung öffentlicher Mitwirkung folgt, ist die Demokratie tatsächlich in Gefahr – nicht wegen zu viel Kritik, sondern wegen zu wenig Bereitschaft, sie auszuhalten."
SPD und Union zweifeln an sich selbst: Wie belastbar ist die Regierung?,2025-08-08,https://www.tichyseinblick.de/meinungen/spd-union-belastbarkeit-regierung/,Mario Thurnes,"Der SPD-Mann Matthias Miersch stellt die Belastbarkeit der Regierung in Frage. Als Fraktionsvorsitzender wäre es seine Aufgabe, die Belastbarkeit herzustellen. Doch noch bevor die ersten 100 Tage vorbei sind, hat sich diese Koalition schon aufgegeben – nur eins hält sie zusammen.","Die berühmten 100 Tage, die man einer neuen Regierung geben soll, gehen am Donnerstag zu Ende. Doch eigentlich macht diese Schonfrist ohnehin nur Sinn, wenn die Handelnden um Zeit bitten, sich Dinge anschauen zu können, bevor sie diese verändern. Wer aber wie CDU, CSU und SPD noch vor Amtsantritt das Land mit weiteren 850 Milliarden Euro überschuldet, kann schlecht sagen: Gebt uns ein wenig Zeit, um zu sagen, ob das eine gute Idee war.

Zwei herbe Niederlagen hat diese Regierung schon in ihren ersten 100 Tagen kassiert. Zum einen die gescheiterte Wahl von Friedrich Merz (CDU) zum Kanzler im ersten Wahlgang. Nun die verpatzte Richterinnenwahl. Das Drama ist zum einen mit dem „freiwilligen“ Rückzug von Frauke Brosius-Gersdorf noch nicht beendet – und es zeigt zum anderen, dass die Koalitionspartner sich in schwierigen Fragen nicht einigen können: „Vielleicht fragen sich einige von euch, wie belastbar diese Koalition überhaupt noch ist.“

Richterinnenwahl

Frauke Brosius-Gersdorf: Ein Ende mit Schrecken für die schwarz-rote Koalition

Das Zitat stammt von Matthias Miersch. Er ist der Vorsitzende der SPD-Fraktion im Bundestag. Sein Job ist es, dafür zu sorgen, dass diese Koalition belastbar ist oder wird. Man stelle sich einen Piloten vor, der an der Startbahn neben dem Flugzeug steht und die ankommenden Passagiere fragt, für wie belastbar sie diese Maschine halten. Hand aufs Herz, wer würde da mitfliegen wollen? Vom anderen Piloten, dem Fraktionsvorsitzenden der Union, Jens Spahn, verlangt Juso-Chef Philipp Türmer sogar den Rücktritt. Crasht diese Maschine also noch in den ersten 100 Tagen?

Das nicht. Die Entscheider waren am Morgen danach eher bemüht, den Motorschaden Brosius-Gersdorf runter zu spielen. Sie wollen an der Koalition festhalten. Aus Mangel an Alternativen. Oder richtiger: wegen der Alternative, der Alternative für Deutschland (AfD). Merz hat vor Amtsantritt nicht zu Unrecht festgestellt, dass diese Regierung funktionieren müsse, wenn die größte deutsche Oppositionspartei nicht noch weiter wachsen solle. Ein so frühes Scheitern würde die AfD stärker machen und dem Bündnis Sahra Wagenknecht eine Chance geben, die knappe Niederlage vom Februar wettzumachen.

Doch schon jetzt reicht es in den Umfragen nicht mehr für eine Mehrheit für das, was sich früher mal zu Recht die „große Koalition“ genannt hat. Würden diese Umfragen zu einem Ergebnis werden, dann gebe es drei Möglichkeiten: Die Union lässt die „Brandmauer“ einstürzen und arbeitet mit der AfD zusammen. Das ist, Stand jetzt, die unwahrscheinlichste Möglichkeit. Oder SPD, Grüne und Linke bilden eine linke Minderheitsregierung, indem sie CDU und CSU zwingen, diese der „Brandmauer“ wegen mitzutragen. Bei dem jetzigen „Kopf an Kopf“-Rennen im linken Lager wäre sogar eine Kanzlerschaft von Heidi Reichinnek in dem Fall ein Thema. Am wahrscheinlichsten wäre aber die dritte Möglichkeit: eine Koalition von Union, SPD und Grünen. Kurzum: Die Koalition würde mit einer Neuwahl ihre Situation verschlimmern, statt sie zu verbessern.

Israel-Politik der Bundesregierung

Bis zur Selbstaufgabe: Wie Merz die SPD-Linken in der Koalition halten will

Also halten CDU, CSU und SPD an der Zusammenarbeit fest. Auch wenn sie sich selbst fragen, wie belastbar die ist. Wenig – um eine Antwort zu liefern. Bis jetzt hat die Koalition den Staat massiv verschuldet und mit dem gepumpten Geld vermeintliche Geschenke bezahlt und verteilt. Doch selbst mit diesem Wohlfühlprogramm im Rücken kam es zu den beiden schweren Niederlagen innerhalb der ersten 100 Tage.

Wie soll das erst werden, wenn die Koalition das Bürgergeld reformiert? Versucht, die Lohnnebenkosten durch Renten-, Kranken-, Pflege- und Arbeitslosenversicherung zu senken – oder wenigstens ihren Anstieg zu bremsen. Bürokratie abschaffen, während die Koalition doch selbst die Tendenz hat, Bürokratie massiv aufzubauen. Die Verwaltung digitalisieren, woran drei Kanzler bereits gescheitert sind. In keinem von diesen Punkten scheinen sich CDU, CSU und SPD einigen zu können. Schon gar nicht, wenn Spahn und Miersch die Männer sind, die diese Einigung herbeiführen sollen.

Die Regierung setzt auf ihre Kommissionen. Die sollen all die Grausamkeiten vorschlagen, sodass die Regierung nicht dafür verantwortlich ist. Ernsthaft. Das ist die Kommunikations-Strategie von CDU, CSU und SPD: Wählt mich als euren starken Mann! Ich bringe euch zwar nichts als Leid, kann aber nichts dafür, weil die Kommissionen das halt so wollen – und außerdem bin ich besser als die AfD, weil… die AfD ist böse. Über diese Brücke wollen Merz, sein Vizekanzler Lars Klingbeil (SPD) und sein Schattenkanzler Markus Söder (CSU) tatsächlich gehen. Spoiler: Diese Brücke trägt nicht."
Ihre Aktien gehören Ihnen nicht: Die perfekte Enteignung läuft bereits,2025-08-08,https://www.tichyseinblick.de/unternehmen/ihre-aktien-gehoeren-ihnen-nicht-die-perfekte-enteignung-laeuft-bereits/,Sponsored Article,"Stellen Sie sich vor: Sie öffnen morgens Ihr Depot und Ihre 100.000 Euro Altersvorsorge sind verschwunden. Einfach weg. Für immer. Was wie ein Albtraum klingt, ist durch internationale Gesetzgebung bereits bittere Realität geworden. Während die Mainstream-Medien schweigen, enthüllt der ehemalige Hedgefondsmanager David Rogers Webb den perfidesten Enteignungsplan der Finanzgeschichte – und er läuft bereits auf Hochtouren.","Können Sie beweisen, dass Ihre Aktien wirklich Ihnen gehören? Nein? Dann sind Sie bereits Opfer der größten Vermögensumverteilung aller Zeiten geworden. Seit den 1970er Jahren wurden weltweit die Eigentumsrechte an Wertpapieren systematisch zerstört. Was früher echtes Eigentum war, ist heute nur noch ein „Security Entitlement“ – ein wertloser Anspruchszettel, mehr nicht.

Der 65-jährige David Rogers Webb aus Cleveland riskiert alles, um Sie zu warnen: In seinem 2023 erschienenen Buch „The Great Taking“ deckt er auf, was Ihnen systematisch verschwiegen wird. Durch den Uniform Commercial Code (UCC) wurden Millionen von Anlegern zu rechtlosen Bittstellern degradiert. Sie glauben, Sie besitzen Ihre Aktien? Sie irren sich gewaltig – Sie haben nur noch einen Anspruch darauf. Und der ist im Krisenfall exakt nichts wert.

Die CIA-Verbindung: Wie ein Geheimagent das Finanzsystem umbaute

Hier wird es richtig unheimlich: William Dentzer Jr., ehemaliger CIA-Agent, wurde 1973 Chef der neu gegründeten DTC (Depository Trust Company) – der zentralen Verwahrstelle für US-Wertpapiere. Zufall? Webb bezweifelt das massiv. Unter Dentzers Führung wurde das System von physischen Wertpapieren auf rein digitale Buchungen umgestellt. Ihre Aktien existieren nur noch als Computereintrag – und können genauso schnell wieder verschwinden. Die Zeit läuft ab, während Sie noch ahnungslos Ihren Kontoauszügen vertrauen.

Sichern Sie sich jetzt HIER Ihren Platz im Webinar “ Der digitale Euro kommt” und erfahren Sie welche Vermögenswerte wirklich sicher sind.

Die Zentralverwahrer-Falle: Ihre Lebensersparnisse als Spielball der Großbanken

Während Sie arbeiten und sparen, läuft im Hintergrund ein perfides Spiel: Ihre Wertpapiere liegen nicht in Ihrem Tresor, sondern bei Zentralverwahrern wie der DTC in den USA oder den europäischen CSDs. Diese Institutionen verwenden Ihre mühsam über Jahrzehnte angesparten Aktien als Sicherheiten für hochriskante Geschäfte – ohne Sie zu fragen, ohne Sie zu informieren. Das Perfide: Im Krisenfall stehen Sie als Privatanleger ganz hinten in der Schlange der Gläubiger. Gesicherte Großgläubiger greifen sofort auf „Ihre“ Wertpapiere zu. Ihre 30 Jahre Arbeit – futsch.

Lehman Brothers: Als JP Morgan die Beute einsackte

2008 zeigte die Lehman-Pleite, wie gnadenlos das System funktioniert. Während Kleinanleger ihre kompletten Lebensersparnisse verloren, profitierte JP Morgan Chase massiv durch sofortigen Zugriff auf Milliarden-Sicherheiten. Die Safe-Harbor-Regeln von 2005 machten es möglich: Enteignung per Mausklick, ohne Gerichtsverfahren, ohne Widerspruchsrecht. Was die gleichgeschalteten Medien als „Einzelfall“ verkauften, war in Wahrheit der erste Testlauf für die große Enteignung. Experten warnen eindringlich: Das war erst der Anfang.

Der SEB-Schock: Schweden schreibt die Enteignung ins Gesetz

Während Sie noch hoffen, dass „so etwas in Deutschland nie passieren wird“, macht der SEB-Gesetzestext von 2023 aus Schweden die brutale Realität schwarz auf weiß: „Im unwahrscheinlichen Fall eines Wertpapierdefizits kann der betreffende Kunde kein Absonderungsrecht geltend machen, sondern wird voraussichtlich als ungesicherter Gläubiger ohne vorrangigen Anspruch auf die Konkursmasse eingestuft werden.“

Übersetzung für Laien: Ihre Aktien sind weg. Für immer. Und das ist nicht nur legal – es steht bereits im Gesetz. Und auch deutsche Anleger haben es mit Unternehmen wie Credit Suisse oder Varta durchleben müssen.

JETZT hier kostenlos zum Webinar anmelden. Die Plätze sind streng limitiert

Die 0,0001 Prozent: Wer orchestriert Ihre Enteignung?

Webb identifiziert eine globale Finanzelite von nur 0,0001 Prozent der Weltbevölkerung als Strippenzieher dieser perfiden Enteignungsmaschinerie. Diese wenigen Tausend Menschen kontrollieren Zentralbanken, Politik und Medien. Ihr Ziel: Die komplette Kontrolle über das Weltvermögen. Webb erlebte diese Macht hautnah, als er nach dem DotCom-Crash eine Begegnung mit George Soros hatte – und erkannte, wie das Spiel wirklich läuft.

Die Parallelen zur Goldkonfiszierung von 1933 sind erschreckend. Damals zwang Executive Order 6102 die Amerikaner durch den „Trading with the Enemy Act“ von 1917, ihr Gold an die Federal Reserve abzugeben. Auch in der Weimarer Republik gab es Goldverbote. Heute geht es um alle Wertpapiere – und diesmal global. Während Sie noch glauben, in Sicherheit zu sein, haben die Mächtigen bereits alle Hebel in Position gebracht.

Das Haager Übereinkommen: Ihre Rechte werden international begraben

Schon gehört vom Haager Übereinkommen? Nein? Kein Wunder – die Medien verschweigen Ihnen systematisch, wie Ihre Rechte international ausgehöhlt werden. Dieses Abkommen stärkt die Rechte gesicherter Gläubiger und begräbt Privatanleger am Ende der Befriedigungsreihenfolge. Wenn die nächste Krise kommt – und sie kommt – stehen Sie als letzter in der Schlange. Ihre Lebensersparnisse werden zur Konkursmasse für Großbanken und Hedgefonds.

Live und mit dem geballtem Wissen der Experten: HIER zum Webinar anmelden.

Die digitale Falle: Totale Kontrolle durch Zentralverwahrer

Seit der „Paperwork Crisis“ der 1960er Jahre wurden physische Wertpapiere systematisch durch digitale Buchungen ersetzt. Was als „Effizienzsteigerung“ verkauft wurde, war in Wahrheit die Vorbereitung der totalen Kontrolle. Ihre Aktien existieren nur noch als Computereintrag bei der DTC oder europäischen CSDs – und können per Mausklick gelöscht werden. Während Sie nachts ruhig schlafen, werden Ihre Wertpapiere als Sicherheiten für hochriskante Derivategeschäfte missbraucht.

Der Ausweg: Warum nur physische Werte Sie noch retten können

Was können Sie tun, während das System um Sie herum zusammenbricht? Webb und führende Finanzexperten sind sich einig: Nur physische Werte außerhalb des digitalen Kontrollsystems bieten echten Schutz. Gold und Silber in eigener Verwahrung entziehen sich der digitalen Enteignung und den Zugriffen der Zentralverwahrer. Während Millionen ihre Depots verlieren werden, sichern die Wissenden bereits ihr Vermögen in echten, anfassbaren Werten.

Während Sie noch zögern, bereiten die Machtzentren die größte Vermögensumverteilung der Geschichte vor. Schließen Sie sich den Aufgewachten an – oder werden Sie Teil der größten Enteignung aller Zeiten.

Das Webinar: Ihre letzte Chance sich selbst zu schützen

Am 27. August 2025 um 19:00 Uhr versammeln sich Deutschlands führende Experten in unserem exklusiven Webinar “Der digitale Euro kommt”. Werden Sie Teil der Bewegung, die sich der systematischen Enteignung widersetzt:

Peter Hahne: Bestsellerautor und ZDF-Legende

Prof. Dr. Sucharit Bhakdi: Medizinischer Aufklärer

Ernst Wolff: Wirtschaftsjournalist und Systemkritiker

Philip Hopf: Kapitalmarktanalyst und Autor

Joachim Steinhöfel: Deutschlands bekanntester Medienanwalt

Patrick Baab: Furchtloser investigativer Journalist und Kriegsreporter

Erfahren Sie in unserem exklusiven Webinar:

Wie der digitale Euro ab Oktober unser Geld und unsere Freiheit bedroht

Wie Sie der digitalen Enteignung noch entkommen können

Welche Vermögenswerte wirklich sicher sind, wenn das System kollabiert

Konkrete Schutzstrategien, die Ihr Erspartes retten

Insider-Informationen, die Ihnen sonst niemand verrät

Das Webinar ist vollständig kostenlos. Die Plätze sind streng limitiert auf 50.000 Teilnehmer. Live-Chat und exklusive Q&A-Runde mit den Experten inklusive. Zusätzlich verlosen wir Gold im Wert von 15.000 Euro unter allen Teilnehmern.

Handeln Sie jetzt – oder verlieren Sie alles

Die große Enteignung läuft bereits. Während Politiker von „Mobilisierung privater Ersparnisse“ sprechen und das System Sie systematisch entrechtet, haben Sie noch eine letzte Chance. Die Experten warten am 27. August auf Sie. Verpassen Sie nicht Ihre einzige Gelegenheit zur finanziellen Selbstverteidigung.

Die Zeit wird knapp. Die Plätze sind begrenzt. Die Entscheidung liegt bei Ihnen.

JETZT HIER ZUM WEBINAR ANMELDEN

Herzlichst,

Dominik Kettner

Geschäftsführer Kettner Edelmetalle"
Befreit die Geiseln – 9000 Unterschriften für Petition gegen Hamasterror,2025-08-08,https://www.tichyseinblick.de/meinungen/befreit-die-geiseln-petition-gegen-den-hamasterror/,Anna Diouf,"Eine von Frauke Petry initiierte Petition stellt die Diskussion um den Nahostkonflikt vom Kopf auf die Füße: Sie fordert dazu auf, Druck auf die Hamas auszuüben, anstatt aufgrund fehlgeleiteter moralischer Impulse Terroristen zu unterstützen – und deutsche Interessen zu sabotieren.","Deutsche Eliten zeichnet ein starker moralischer Impetus aus. Allerdings ist dieser gewöhnlich seichter als die Nordsee bei Ebbe: Gut ist, was sich gut anfühlt, was die größte emotionale Befriedigung verschafft.

Es ist weniger absurd, als es auf den ersten Blick scheint, dass man nun meint, die historische Verantwortung, die sich aus dem Holocaust ergibt, ausgerechnet durch Solidarität mit Judenhassern einlösen zu können: Ein überdehnter Schuldbegriff, gern verbunden mit dem irrigen Konzept einer Kollektivschuld, scheint derart überfordernd zu sein, dass sich Feindseligkeit nun gegenüber denjenigen entlädt, die doch „eigentlich“ schuld sind an der Misere: die Juden eben, deren Vorfahren die unsägliche Chuzpe besaßen, sich von Deutschen ermorden zu lassen.

Die Sucht nach Moralin und der Versuch, sich der lästigen Verantwortung zu entledigen, bieten eine schlüssige Erklärung, warum man sich an der Täter-Opfer-Umkehr und der Instrumentalisierung von Kindern, Alten und Kranken durch die Hamas beteiligt.

Wer kümmert sich um die Geiseln?

Die Gaza-Petition: Verbrüderung mit Islamisten

Diese Haltung, besonders präsent im öffentlichen Rundfunk, in Teilen der Politik und im Kulturbetrieb, kulminiert in einer Petition, die Bundeskanzler Merz dazu auffordert, „Gaza nicht sterben“ zu lassen. Über 200 Erstunterzeichner, die meisten aus der Theater- und Filmbranche, darunter illustre Namen, hat

die Petition

gefunden.

Nun wäre es eine Sache, sich für die Kinder in Gaza einzusetzen – unschuldige Opfer einer militärischen Auseinandersetzung. Verwerflich ist jedoch, dieses Engagement lediglich als Deckmantel für Agitation gegen Israel zu nutzen. Denn zur Wahrheit, dass Palästinenser leiden, gehört untrennbar das Leid der Israelis – und nicht nur der: Zahlreiche ausländische Staatsbürger wurden 2023 von der Hamas ermordet. Die Terroristen töteten, wen sie vorfanden, und man hätte meinen sollen, dass die Mordaktion, der Philippinos wie US-Amerikaner zum Opfer fielen, ein internationales Band der gemeinsamen Trauer und der gegenseitigen Solidarität geschaffen hätte. Das war nicht der Fall.

ÖRR befördert Schieflage der Wahrnehmung

Ziel der Küstler-Petition ist nicht das Wohl der Kinder, die die Hamas als Schutzschild und Moralkeule missbraucht, sondern die Maßregelung und Isolierung Israels.

„162 weitere Promis unterzeichnen Israel-Appell“, vermeldete

ZDF heute am 6. August stolz.

Was die Sendung unterschlägt: Dass zu dem Zeitpunkt

eine Petition, die die Freilassung der Geiseln fordert, bereits tausende Unterzeichner gefunden hat

– und das, nachdem sie erst wenige Tage zuvor lanciert worden war, ohne Medienapparat und PR.

Dass der ÖRR dieser Petition keine Sendezeit einräumt, ist nicht erstaunlich, wurde sie doch nicht von einem seiner Lieblinge initiiert, sondern von Frauke Petry. „Es war eine spontane Reaktion auf die Aktion dieser Möchtegernkünstler“, so die Politikerin.

Ich bin damit einverstanden, dass mir Inhalte von Twitter angezeigt werden.

„Finden wir 200 Menschen, die sich für die hungernden und gequälten (deutschen) Geiseln in der Hand der Hamas einsetzen?“,

hatte sie auf X gefragt, und damit den Anstoß gegeben zur Aufforderung, auf die Freilassung der Geiseln zu drängen.

Die Petition „Befreit die Geiseln“ fordert unter anderem die Bundesregierung dazu auf, in dieser Hinsicht politischen Druck auszuüben, und die palästinensische Autonomiebehörde in die Pflicht zu nehmen, Farbe zu bekennen. Zudem solle Terror gegen Israel nicht mit Anerkennung eines Palästinenserstaats belohnt, und die direkte und indirekte Finanzierung der Hamas und ihrer Unterstützer eingestellt werden.

Selbstverständliche Forderungen – und doch ein wichtiger Akt, um jene Stimmen sichtbar zu machen, die ansonsten unter den Teppich gekehrt werden.

Pro-Palästina Pressure Groups

Hass auf Israel: Deutsche, esst nicht bei Juden

Nach nicht einmal einer Woche kommt die Petition auf über 9000 Unterzeichner. Das ist für Petry ein Beleg dafür, dass der Eindruck, der über die Medien erweckt wird, unvollständig ist: „Der Rückhalt für Israel in der Bevölkerung ist nach wie vor sehr, sehr groß. Die Medien und jetzt eben auch solche sogenannten ‚Kulturschaffenden‘ vermitteln ein Zerrbild, von dem sich die Bundesregierung offenbar beeinflussen lässt.“ Augenscheinlich so sehr, dass Merz

Waffenlieferungen nach Israel nun gestoppt hat:

eine beispiellose Abwendung von der „Staatsräson“, die in Bezug auf Israel beschworen wird.

Es gäbe durchaus Unterstützung für Israel. Aber die finde in den Medien kaum Widerhall. „Es haben sich viele spannende Leute gemeldet, in Halle etwa gibt es einen Verein, der sich um die Stolpersteine kümmert, etliche deutsch-israelische Organisationen, Institutionen, Menschen, die sich ehrenamtlich engagieren, aber auch Akademiker; etliche Leute aus dem – vor allem deutschsprachigen – Ausland. Und auch Künstler, die das anders sehen als die Akteure in der linken Künstlerszene.“ Kommentare und Briefe, die über die Website der Petition eingingen, bestätigten diesen Eindruck.

Ich bin damit einverstanden, dass mir Inhalte von Twitter angezeigt werden.

Tatsächlich fällt ins Auge, dass sich hier die breite der Gesellschaft abbildet, von der Buchhaltungsassistentin bis zum Schauspieler, von der Journalistin bis zum Flugtriebwerkmechaniker – und nicht die „zivilgesellschaftliche“ Elfenbeinturmklientel.

Petry stellt fest, dass vor allem Älteren die Solidarität mit Israel ein Anliegen sei. Ihnen sei das Thema womöglich präsenter. Dies sei ein wichtiger Hinweis: „Gerade für die jungen Leute muss man das mal historisch in die richtige Perspektive bringen.“

Ethisch unverantwortlich, politisch dumm

Die Petition soll direkt an Merz und Wadephul herangetragen werden. Frauke Petry zeigt sich entsetzt über die Haltung der Bundesregierung: „Ich bin darüber erschrocken, wie seit dem Regierungswechsel Täter-Opfer-Umkehr betrieben wurde; dass die eigentlichen Verursacher gar nicht mehr benannt wurden. Dass man nicht selbstverständlich an der Seite Israels stand.“ Und man muss sagen: Es gibt derzeit keine politische Kraft, die sich uneingeschränkt für Israel einsetzt.

Neben dem humanitären Aspekt weist Petry auf die politische Dimension hin: „Ich halte das nicht nur für geschichtsvergessen, sondern auch für strategisch äußerst kurzsichtig. Die nächsten Wochen werden zeigen, wie sich Deutschland in Zukunft gegenüber Israel positioniert, und das wird darüber entscheiden, ob und wo wir im Nahen Osten in den nächsten Jahrzehnten einen Partner haben werden.“

Der Krieg der Bilder

Propagandakrieg: Trau deinen Augen nicht

Von der EU als Ganzes sei da nicht viel zu erwarten, die orientiere sich schon viel zu lange zu Antisemiten hin. Petry warnt jedoch davor, die deutsche Israelpolitik zu ändern. „Wer das tut, entscheidet sich nicht nur in diesem Konflikt, den wir militärisch sowieso nicht beeinflussen können. Wir stellen hier auch die Weichen für unsere Position in der gesamten Region. Und da gibt es etliche Länder, die inzwischen mit Israel gute Kontakte unterhalten, man denke an die Vereinigten Arabischen Emirate, aber auch Saudi-Arabien arbeitet an einer Normalisierung der Beziehung zu Israel.“

Weitblick, der der Bundesregierung fehlt, die nun neuerlich der Hamas suggeriert, dass der Westen auf ihrer Seite stünde. Damit trifft Petry ein weiteres Kernproblem: Nicht nur der fehlgeleitete moralische Impetus ist typisch für Deutschland, sondern auch, nationale Interessen im Sinne dieses Strebens zu sabotieren.

Das ist an dieser Stelle gerade aus ethischer Sicht absurd. Auch die Zivilbevölkerung Gazas leidet durch und unter dem Hamas-Terror. Es sollte daher ein Leichtes sein, sie im Blick zu behalten, zugleich deutsche Interessen zu wahren, und nicht nur mit Entsetzensbekundungen, sondern mit konkretem politischen Druck den Geiseln beizustehen, deren Martyrium in den Tunneln der Hamas mittlerweile seit fast zwei Jahren andauert."
Friedrich Merz opfert Israel der SPD,2025-08-08,https://www.tichyseinblick.de/daili-es-sentials/merz-waffenlieferungen-gestoppt-israel-spd/,Mario Thurnes,"Am Donnerstag war klar, dass die CDU der SPD etwas schenken muss, um sich für die geplatzte Richterinnenwahl zu entschuldigen. Am Freitag macht Kanzler Friedrich Merz klar, was das ist: Deutschland stoppt die Waffenlieferungen an Israel.","Friedrich Merz hat an diesem Freitag erklärt: „Unter diesen Umständen genehmigt die Bundesregierung bis auf Weiteres keine Ausfuhren von Rüstungsgütern, die im Gazastreifen zum Einsatz kommen könnten.“ Er könne nicht mehr erkennen, wie die Strategie Israels sei. Mit dem Einsatz wehrt sich Israel gegen den Terror der Hamas. Deren Mörder kamen buchstäblich aus Gebäuden der Vereinten Nationen hervorgekrochen, um die Babys ihrer Nachbarn zu ermorden, Frauen zu vergewaltigen und Leichen zu schänden.

Merz turnt dabei das übliche Geheuchel linker deutscher Politiker: Israel dürfe sich zwar verteidigen, aber … Wie Israel sich verteidigen darf, sagt Merz indes nicht. Mit einer Demo? Mit einem Konzert von Feine Sahne Fischfilet? Oder mit einer Erklärung? Natürlich nicht allzu scharf formuliert, sondern auf die Gefühle der Vergewaltiger Rücksicht nehmend. Letztlich schließt sich Merz der Position an, Israel müsse für den Frieden nur die Forderung der Mörder erfüllen und einen Staat schaffen, den die Mörder regieren. Sollte irgendwo auf der Welt jemand eine Weiße Fahne hissen wollen, wäre Friedrich Merz der Fachmann für diese Aufgabe.

Die Ankündigung des Kanzlers erfolgt nicht zufällig einen Tag nach der bisher größten innenpolitischen Krise der schwarz-roten Regierung: der verpatzten Richterinnenwahl fürs Verfassungsgericht. Die Sozialdemokraten schäumten nach dem Rücktritt von Frauke Brosius-Gersdorf von ihrer Kandidatur und stellten die Koalition in Frage. Mit dem Opfern von Israel erfüllt Merz den Sozialdemokraten einen Wunsch und befriedet den Streit in den eigenen Reihen."
J.D. Vance spricht Klartext: Deutschlands zivilisatorischer Selbstmord,2025-08-08,https://www.tichyseinblick.de/meinungen/deutschlands-zivilisatorischer-selbstmord-jd-vance/,Thomas Punzmann,"US-Vizepräsident J.D. Vance spricht aus, was hierzulande kaum jemand zu sagen wagt. Deutschland begeht zivilisatorischen Selbstmord, verursacht durch ideologische Verblendung, wirtschaftliche Selbstzerstörung und eine Migrationspolitik, die Probleme statt Fachkräfte importiert.","Nachdem seine Äußerungen im Zuge der Münchner Sicherheitskonferenz Schlagzeilen gemacht hatten, übte US-Vizepräsident J.D. Vance einmal mehr scharfe Kritik an Europa und warf der EU vor, „zivilisatorischen Selbstmord“ zu begehen. Das, so der Spectator, gelte insbesondere für Deutschland, das seiner eigenen Zerstörung entgegen gehen würde.

J.D. Vance wörtlich:

„Wenn ein Land wie Deutschland noch ein paar Millionen weitere Einwanderer aus kulturell völlig inkompatiblen Ländern aufnimmt, dann ist es egal, was ich über Europa denke (…) Deutschland wird sich selbst umbringen. Und ich hoffe, dass es das nicht tut, weil ich Deutschland liebe und möchte, dass es prosperiert.“

Seine Bemerkungen wurde als ein weiterer Seitenhieb nach der Münchner Sicherheitskonferenz abgetan, Vance betonte jedoch, dass er sich tatsächlich Sorgen um Deutschland machen würde.

Migration und Sozialsystem

Dem

Spectator

ist der Zusammenhang zwischen Masseneinwanderung und implodierenden Sozialsystemen, im Gegensatz zum deutschen polit-medialen Komplex, nicht verborgen geblieben. Er schreibt: “Während die USA diese Entwicklungen aus der Ferne beobachten, verbreiten die deutschen Mainstream-Medien weiterhin das Narrativ, dass das Land jährlich 400.000 „Fachkräfte“ benötige, obwohl fast vier Millionen arbeitsfähige Menschen bereits Sozialleistungen beziehen, fast die Hälfte davon ohne deutschen Pass. Zählt man jene mit deutschem Pass, aber aus dem Ausland stammend, dazu, steigt der Anteil auf rund 64 Prozent”.

Die Illusion der „Fachkräfte“. Eine Billionenlüge

Seit Jahren predigen Politik und Medien, Deutschland brauche jährlich 400.000 Fachkräfte. Tatsächlich importiert Deutschland vor allem Bezieher von Sozialleistungen und keine Ingenieure, Architekten oder Herzspezialisten. Fast vier Millionen arbeitsfähige Menschen beziehen Bürgergeld. Die Mehrheit mit ausländischem Hintergrund.

Die Brandmauer muss weg

Wird aus Deutschland ein isoliertes, abgehängtes Wokistan als Besiedlungsgebiet?

Anstelle einer Einwanderungspolitik, die qualifizierte Kräfte nach klaren Kriterien auswählt, haben wir ein permanentes Notaufnahmelager mit Familiennachzug. Die viel gepredigte Integration bleibt Illusion. Wer aber darauf hinweist, wird mit dem Kampfbegriff „rechts“ diffamiert, ganz gleich, wie rational seine Argumente sind.

Gewalt, Parallelgesellschaften, Schulverfall: Der Preis der falschen Toleranz

In hunderten deutschen Städten sind Problembezirke, wie sie von offizieller Seite verharmlosend genannt werden, längst Alltag. Es gibt Schulklassen ohne ein einziges deutsches Kind. In manchen Schulen wird Weihnachten aus Respekt vor den Einwanderern sogar schon gestrichen, aber dafür Ramadan, natürlich für alle verpflichtend, gefeiert. Kritiker dieser Zustände werden islamophob genannt.

US-Vizepräsident Vance: „Ich mag' dich, Europa – aber regle dein Migrationsproblem“

Die Kriminalstatistiken liefern, obwohl man sich alle Mühe macht, das Offensichtliche zu verschleiern, längst erschütternde Fakten. Jugendgewalt, Messerattacken, Gruppenvergewaltigungen. Auffällig oft mit Tätern, die erst seit wenigen Jahren im Land sind. Die Justiz urteilt in diesen Fällen milde. Traumatisierung gilt als strafmindernd. Ausgeglichen werden diese Urteile durch entsprechende beinharte Urteile bei anderen.

Wirtschaft im Rückwärtsgang – der grüne Totalschaden

Während die USA und Argentinien aktive und wirkungsvolle Industriepolitik betreiben, schafft Deutschland sie ab. Die Autoindustrie, einst Rückgrat der deutschen Wirtschaft, wird durch ideologisch motivierte Grenzwerte und allerlei andere Vorschriften, die das Klima retten sollen, stranguliert. Immer mehr gut bezahlte Arbeitsplätze verschwinden. Mit ihnen ganzen Industriezweige. Für die EU-Kommission allerdings kein Grund ihre zerstörerische Wirtschaftspolitik und ihren Regulierungswahn zu überdenken.

Statt Wachstum Rezession, statt Reformen Steuererhöhungen, statt Sparsamkeit Boomer-Soli. Doch in der Parallelwelt der EU-Politik wie auch der deutschen Politik regnet es Milliarden für NGOs, um diese fatale Politik zu propagieren.

Meinungsfreiheit? Nur für die Richtigen

Die Regierung spricht von Demokratie und Rechtsstaat. Lässt aber gleichzeitig Kritiker von Justiz und Polizei verfolgen. Vorgeworfen wird diesen dann Hass und Hetze oder Volksverhetzung. Rentner werden für harmlose Facebook-Posts verurteilt, während Linksextreme straflos agieren können.

INTERVIEW

„Migration ist ein Schicksalsthema für Demokratien“

Wer das Fiasko benennt, steht unter Generalverdacht. Die Meinungsfreiheit endet dort, wo sie die Regierung in Verlegenheit bringt. In einem Land, in dem ein Meme schlimmere rechtliche Konsequenzen hat als ein Ehrenmord, ist etliches aus dem Lot geraten.

Deutschlands Probleme sind nicht zufällig entstanden. Sie wurden systematisch erzeugt, sie sind nach wie vor politisch gewollt und man versucht wie eh und jeh, sie mit enormen propagandistischen Aufwand ideologisch zu rechtfertigen. Die Verantwortlichen sind bekannt. Und sie sitzen nicht in Washington, auch nicht in Texas, sondern in Berlin, Brüssel und den Redaktionen der Mainstream-Medien.

J.D. Vance hat nicht übertrieben. Er beschreibt, was jeder sehen kann, wenn er nur sehen wollte."
Streitsache Bundespolizei versus Böhmermann spitzt sich zu,2025-08-08,https://www.tichyseinblick.de/meinungen/streitsache-bundespolizei-versus-boehmermann/,Josef Kraus,"Jan Böhmermann nimmt sich den Bundespolizisten und Polizeigewerkschafter Manuel Ostermann vor, und überzieht ihn mit der für ihn typischen Kaskade von Verleumdungen und Diffamierungen unter dem Deckmantel von „Satire“. Doch Ostermann wehrt sich und verklagt das ZDF.","ZDF-Mann Jan Böhmermann, angeblich investigativer Journalist, selbsternannter Satiriker und mutmaßlicher Entertainer, fischt gern in trüben Gewässern, die er zuvor selbst angerührt hat. Dafür kassiert er pro Jahr vom ZDF rund 700.000 Euro. Pardon: nicht vom ZDF, sondern vom Zwangsgebührenzahler. Summen für seine „ZDF Magazin Royale“-Redaktion nicht mitgerechnet.

Nun wollte Böhmermann in seiner „Royale“-Sendung vom 28. März 2025 eine halbe Stunde lang über das „Bundesaufnahmeprogramm Afghanistan“ (BAP) „aufklären“. Titel: „Wer ist hier das Sicherheitsrisiko?“. Selbst steckte sich Böhmermann dazu in die Uniform eines Bundespolizisten, nein: des Bundespolizeipräsidenten – mit Schirmmütze sowie Eichenlaub-Viersterne-Schulterklappen in Gold.

Null Einsicht bei den Tricksern:

Der ZDF/Böhmermann/Faeser-Skandal findet kein Ende

Es wurde ein verquirlter Eintopf aus ach so bösen BILD-Schlagzeilen, acht (!) eingespielten Äußerungen von CSU-Chef Markus Söder, Auszügen aus amtlichen Papieren, Statements betroffener „Afghan*innen“, ein paar Zahlen, Taliban-Bildern, Musikeinlagen, bestelltem Publikumsgejohle, aufgesetzt hysterischer Böhmermann-Mimik und Gestik. Böhmermanns Ergebnis: Die Bundespolizei ist doppelt so gefährlich, wie es „1.437 aufgenommene Afghanen“ sind.

Einen bestimmten Bundespolizisten hat sich Böhmermann besonders vorgenommen: Manuel Ostermann. CDU-Mitglied, 1. Stellvertretender Bundesvorsitzender der Gruppe Bundespolizei in der rund 100.000 Mitglieder zählenden Deutschen Polizeigewerkschaft. Ostermann hatte sich sehr kritisch über das BAP und die dafür Verantwortlichen geäußert. Böhmermann ordnet Ostermann dann unter anderem wie folgt ein: „radikalisierter Michel aus Lönneberga“, „Herrenmensch im Skoda“ mit „Blitzkriegsfrisur“. Siehe

ab Minute 19:00.

Interview mit Manuel Ostermann

Clanland Deutschland: Millionen Beute, machtlose Polizei

Nun hat Ostermann Klage gegen das ZDF eingereicht. Er schreibt: „Die ZDF-Sendung ‚Magazin Royale‘ vom 28.03.2025 wirft der Bundespolizei gezielte Sabotage des Afghanistan-Programms vor und erhebt falsche Vorwürfe, dass Visa-Verfahren vorsätzlich fehlerhaft durchgeführt worden seien, um das BAP zu behindern.“ Ostermann stellt gegenüber, was Böhmermann behauptet und was Sache ist.

Ich bin damit einverstanden, dass mir Inhalte von Twitter angezeigt werden.

Böhmermann geht es um die „richtige“, anti-rechte Haltung, nicht um investigative Aufklärung. Wir geben ihm ein paar wirklich wichtige Aufgaben mit:

Warum nimmt sich Böhmermann nicht die offensichtlichen Unregelmäßigkeiten im Rahmen des BAP-Programms vor: die Vetternwirtschaft und Tricksereien im Auswärtigen Amt (AA) der Annalena Baerbock, das Kaltstellen von kritischen Mitarbeitern des AA, die ab Mitte 2023 erfolgte Aufdeckung der für einen Visaantrag eingereichten gefälschten Dokumente?

Tricksereien, Rechtsbeugung und Willkür

Visa-Skandale am laufenden Band im Baerbock-Ministerium

Warum leuchtet Böhmermann nicht hinein in die mit Zustimmung aus „Karlsruhe“

geheimgehaltene Liste der NGOs

, die beim BAP eingebunden waren? An Telefonnummern zu diesen NGOs dürfte es ihm nicht fehlen.

Warum nimmt Böhmermann wegen des Vorwurfs der Anerkennung „minderwertiger“, ja gefälschter Papiere nicht Bezug auf die dazu laufenden Ermittlungen der Staatsanwaltschaften Berlin und Cottbus?

Vielleicht sollte Böhmermann doch einmal

TE lesen

. Er fände viele echte Skandale, derer er sich annehmen könnte. Dann müsste er keine erfinden.

Ansonsten würde uns interessieren, in welchem monetären Umfang das ZDF wegen Böhmermann bereits Anwälte bemühen musste. Und es würde uns interessieren, wer in der oberen Etage des ZDF die schützende Hand über einen Mann hält, der vielleicht über diese Etage etwas zu viel weiß. Wir raunen nach dem „royalen“ Vorbild einfach mal vor uns hin."
Fortuna Düsseldorf und die Feigheit vor dem Freund,2025-08-08,https://www.tichyseinblick.de/meinungen/fortuna-duesseldorf-shon-weissman/,Alexander Heiden,"Shon Weissman bekommt keinen Vertrag beim Zweitliga-Klub am Rhein, weil er im Internet Militärschläge gegen Gaza befürwortet hat. Islamisten fordern täglich die Auslöschung Israels, aber für Juden in Deutschland gelten andere Maßstäbe.","Eine totalitäre Ideologie erkennt man unter anderem daran, dass sie ihren Gegnern keinen Rückzugsraum lässt und sie überall hin verfolgt. Deshalb ist der Satz „Das Private ist politisch“ totalitär, er war es schon immer.

Wirtschaft findet in der Wirtschaft statt. Politik wird im politischen Raum gemacht. Das Private aber ist privat, und in jeder auch nur halbwegs freiheitlichen Gesellschaft muss das so sein.

Die Juden bei uns (und ihre nicht-jüdischen Sympathisanten, von denen ich einer bin) erleben gerade die Verwandlung Deutschlands: von einem leidlich freien Land in ein totalitäres.

*****

Shon Weissman kann unbestritten sehr gut stürmen. Der 29-Jährige hat knapp drei Dutzend Spiele für die israelische Nationalmannschaft bestritten, er war in Spanien und Italien ein gefürchteter Angreifer. Das schafft beileibe nicht jeder.

So einen kann Fortuna Düsseldorf gut gebrauchen. Der Traditionsverein vom Rhein dümpelt seit vielen Jahren in der Zweitklassigkeit. Ab und zu steigen die Fortunen in die Erste Bundesliga auf – um dann meist sofort wieder abzusteigen. Fahrstuhlmannschaft nennt man das. Graue Maus.

In der gerade begonnenen Zweitliga-Saison soll ein neuer Anlauf zum Aufstieg gemacht werden – und zwar mit Shon Weissman. Der Verein wollte den Spieler unbedingt haben und war sich mit ihm auch schon längst einig. Am vergangenen Montag absolvierte der Stürmer erfolgreich den üblichen Medizin-Check, am Dienstag sollte er seinen Vertrag unterschreiben und vorgestellt werden. Eine Formsache.

Doch dann griff der lange Arm des Islam nach Fortuna Düsseldorf.

Sogenannte „Fans“ organisierten einen Shitstorm gegen den Juden Weissman. Denn der Israeli hatte – direkt nach dem Hamas-Massaker vom 7. Oktober 2023 und erkennbar unter dem Eindruck der Bluttat – in Sozialen Medien Posts hinterlegt, in denen gnadenlose Vergeltung für die bestialisch ermordeten Opfer der Terroristen gefordert wurde.

Als er sich beruhigt hatte, löschte Weissman die Kommentare. Aber er gab anderen Posts ein „Daumen hoch“:

– „Welchen logischen Grund gibt es, dass noch keine 200 Tonnen Bomben auf Gaza abgeworfen wurden?“

– „Ganz Gaza unterstützt den Terrorismus. Ganz Gaza ist tot.“

– „Es gibt keine Unschuldigen, wir müssen sie nicht warnen, bevor man sie bombardiert. Löscht Gaza einfach aus.“

Das ist grob – allerdings auch nicht gröber als das, was man jedes Wochenende in den Fankurven der deutschen Stadien so zu hören bekommt. Und es unterscheidet sich auch nicht von den Aufrufen zur Tilgung Israels von der Landkarte, von denen unsere Sozialen Medien überschwemmt werden – und an denen sich zum Beispiel der FAZ-Redakteur Patrick Bahners mit unnachahmlicher Dialektik beteiligt:

Ich bin damit einverstanden, dass mir Inhalte von Twitter angezeigt werden.

Aber Shon Weissman ist Jude, und für Juden gelten in Deutschland inzwischen wieder andere Maßstäbe.

*****

Nun hätte Fortuna Düsseldorf verantwortlich und vernünftig reagieren und den Protest einiger „Fans“ ertragen können. Man hätte sich schützend vor seinen Wunschspieler stellen und sich als respektabler Arbeitgeber profilieren können.

Aber man entschied sich anders.

Ich bin damit einverstanden, dass mir Inhalte von Twitter angezeigt werden.

Der Verein hatte es einst auf einen Konflikt mit den Fans ankommen lassen, als es um die umstrittenen „Montagsspiele“ ging. Der Verein hatte sich mit den Fans angelegt, als es darum ging, Pyrotechnik aus den Stadien zu verbannen. Aber wenn es um die Verteidigung eines israelischen Fußballers gegen erkennbar moslemisch gesteuerte Anfeindungen geht, duckt sich die Fortuna schnell weg.

Vor einem Jahr, als es noch nichts kostete, machte der Club gerne Werbung für seine angeblich doch ach so fremdenfreundliche Gesinnung:

Ich bin damit einverstanden, dass mir Inhalte von Twitter angezeigt werden.

*****

„Fortuna Düsseldorf ist jetzt gesichert arisch“, lautet nun ein Kommentar zu der erbärmlichen Dokumentation von Feigheit. Das Ganze hat natürlich Folgen.

Zum einen wird die Trennung zwischen dem privaten und dem beruflichen Leben weiter ausgehebelt. Das ist Absicht: Von einschlägigen Kreisen gebrandmarkte Meinungen sollen nicht mehr geäußert werden können, ohne dass man Angst vor beruflichen Konsequenzen haben müsste.

Das ist, siehe oben, totalitär. Und es ist so gewollt.

Zum anderen wird mit jedem Tag offenkundiger, dass nicht nur deutsche Politiker, sondern auch deutsche Wirtschaftskapitäne – wie der Vorstand von Fortuna Düsseldorf – den aufrechten Gang gegen einen schäbigen Opportunismus eingetauscht haben.

Drittens wird klar, dass Juden in Deutschland kaum noch Fürsprecher haben – auch nicht bei denen, die von Amts wegen auf ihrer Seite stehen sollten. Wolfgang Rolshoven ist Antisemitismusbeauftragter der Stadt Düsseldorf und sagt allen Ernstes: „Ich persönlich glaube aber nicht, dass es antisemitische Gründe gibt.“ Besser hätte das auch der Pressesprecher des Vereins nicht formulieren können.

Deutlicher wird da, immerhin, die Jüdische Gemeinde Düsseldorf. Sie spricht, völlig zurecht, von einer „Anti-Israel-Kampagne gegen den israelischen Fußballer Shon Weissman“. Fortuna Düsseldorf werfe dem Spieler vor, das Löschen seiner Posts sei unglaubwürdig gewesen. „Doch gerade angesichts des fortdauernden Traumas und der tiefen Erschütterung, die viele Israelis bis heute begleiten, erscheint diese Argumentation wenig sensibel.“

*****

Das ist erstaunlich deutlich. Der Zentralrat der Juden in Deutschland dürfte gar nicht glücklich darüber sein, dass die Düsseldorfer Filiale zum Klartext übergegangen ist.

Denn der Zentralrat unter seinem Präsidenten Josef Schuster verfolgt eine verstörende Politik. Die Organisation, die so wichtig für die Verteidigung des jüdischen Lebens in Deutschland wäre, scheint in den 1980er-Jahren stehengeblieben zu sein. Damals konnte man die deutsche Rechte an ihren Rändern – vor allem bei der NPD und den „Republikanern“ – tatsächlich als antisemitisch bezeichnen. Doch die Entwicklung spätestens seit 1990 hat der Zentralrat verschlafen. Seitdem ist der Judenhass in Deutschland immer mehr von rechts nach links gewandert. Heute darf man gesichert davon ausgehen, dass es bei der „Linken“, bei den Grünen und in der SPD (womöglich auch in der CDU) jeweils deutlich mehr Judenhasser und Israelfeinde gibt als in der AfD.

Doch der Zentralrat stellt sich weiter ausgerechnet an die Seite derer, die immer mehr Antisemiten ins Land schaufeln und mittlerweile völlig unverblümt gemeinsame Sache mit ihnen machen. Die Vorsitzende der Grünen Jugend, Jette Nietzard, bezeichnet das palästinensische Massaker an Israelis vom 7. Oktober 2023 als „militärische Operation“.

Ich bin damit einverstanden, dass mir Inhalte von Twitter angezeigt werden.

Nun gut, sowas passiert, wenn man ungebildete und wohlstandsverwahrloste Kinder Politik machen lässt. Aber man stelle sich kurz vor, der Vorsitzende der „Jungen Alternative“ hätte die Reichspogromnacht eine „Militäroperation“ genannt: Es hätte, völlig zurecht, einen öffentlichen Aufschrei gegeben. Und der Zentralrat der Juden wäre ganz sicher nicht stumm geblieben.

Zu Jette Nietzard kam vom Zentralrat nur ohrenbetäubendes Schweigen.

Auch zur neuen Statistik der antisemitischen Straftaten in Deutschland fallen Josef Schuster, nur völlig aus der Zeit gefallene Sätze ein:

„Neben den Straftaten aus dem rechtsextremen Spektrum – einem Milieu, das längst nicht mehr am Rand unserer Gesellschaft steht, sondern über seinen parlamentarischen Arm salonfähig geworden ist –, nimmt der islamistisch motivierte Antisemitismus immer weiter zu.“

Der Mann weiß ganz genau, dass die mit Abstand meisten Gewalttaten gegen Juden von Moslems und von linken „Aktivisten“ begangen werden. Aber er sagt das nicht – wohl, um es sich mit der linken Blase in Berlin nicht zu verscherzen. Damit zeigt Schuster ähnlich viel Rückgrat wie der Vorstand von Fortuna Düsseldorf. Und er macht so weiter:

„Diese Radikalisierung darf nicht zur neuen Normalität werden.“

Man reibt sich verwundert die Augen: Das IST doch längst Normalität im real existierenden Deutschland. Wo lebt der Mann?

„Was wir jetzt brauchen, ist keine Betroffenheitsrhetorik, sondern einen Staat, der konsequent durchgreift und antisemitische Straftaten in allen Erscheinungsformen bekämpft.“

Auch das muss man erst einmal schaffen: Betroffenheitsrhetorik abzusondern – und darin Betroffenheitsrhetorik zu kritisieren.

*****

Ich gebe zu, lieber Leser: All das macht müde. Man ist müde, den Juden in Deutschland mittlerweile wieder täglich beistehen zu müssen. Nicht nur gegen moslemische Judenhasser und Israelfeinde. Nicht nur gegen linke „Aktivisten“. Sondern inzwischen auch gegen einen unterwürfigen Zentralrat.

Wer solche Freunde hat, braucht keine Feinde mehr."
Mit Trump gegen die ganze Welt: Okkupation Gazas birgt enorme Risiken,2025-08-08,https://www.tichyseinblick.de/kolumnen/aus-aller-welt/trump-okkupation-gaza-netanjahu/,Laszlo Trankovits,"Israel wird ungeachtet der Kritik im eigenen Land und der wachsenden internationalen Isolation den Kampf gegen die Hamas im Gazastreifen erneut verschärfen. Das bedeutet, dass ein Ende des Krieges in diesem Jahr kaum noch vorstellbar ist.","Das Sicherheitskabinett beschloss am Donnerstag zunächst die schrittweise Besetzung von Gaza-Stadt. Damit setzt sich Ministerpräsident Benjamin Netanjahu sogar gegen Teile des eigenen Militärs durch – seine anhaltend offensive Strategie nach bald zwei Jahren Krieg gegen die Terrororganisation Hamas wäre allerdings ohne die Rückendeckung durch US-Präsident Trump kaum vorstellbar.

Die geplante Eskalation könnte der Hamas, die trotz enormer Verluste noch immer kampffähig ist und über funktionierende Strukturen verfügt, endgültig den Garaus machen. Allerdings birgt eine neue Offensive erhebliche Risiken. Die Zahl der Opfer wird erneut emporschnellen. Der Aufschrei weltweit wird enorm sein. Für die etwa 20 israelischen Geiseln könnte es im schlimmsten Fall sogar das Todesurteil sein. Der Widerstand gegen Netanjahu im eigenen Land droht dann noch heftiger zu werden.

Die Entscheidung, mit Gaza-Stadt das größte der drei im schmalen Landstreifen noch nicht von den Israelis kontrollierten Gebiete Schritt für Schritt ganz einzunehmen und erst einmal zu besetzen, wären kaum vorstellbar ohne die „Carte Blanche“ Trumps an den israelischen Regierungschef. Beide Politiker verbindet, abgesehen von dem weltweit großen Hass auf sie, die Überzeugung, dass es im Nahen Osten, insbesondere aber gegenüber islamistischen Terrororganisationen wie der Hamas, keine Alternative zu einer radikalen Politik der Stärke geben kann – in die Militärstrategie Jerusalems mischt sich der US-Präsident offensichtlich nicht ein, auch wenn er vergangene Woche Israel gemahnt hatte, die humanitäre Krise in den Griff zu bekommen.

Europas Politiker werden nicht allzu ernst genommen

Netanjahu und Trump eint in vielen Aspekten die Sicht auf die internationale Lage, beispielsweise was Iran oder Europa angeht. Beide finden die Bemühungen europäischer Politiker, einen nicht existierenden Palästinenserstaat „anzuerkennen“ und das Ziel einer Zwei-Staaten-Lösung angesichts der Erfahrungen der vergangenen Jahrzehnte mit den arabischen und islamistischen Extremisten einfach nur lächerlich und hochgradig weltfremd.

Während also auf UN-Konferenzen und in Europas Hauptstädten mehr akademisch über „dauerhafte Friedenslösungen“ debattiert wird, ist Israels Regierung dabei, auf dem komplizierten Schlachtfeld dieses asymmetrischen Krieges Tatsachen zu schaffen. Allerdings gibt es weiterhin heftige Auseinandersetzungen in Jerusalem über Strategie und Zukunftsplanung. Am Donnerstagabend hatte Netanjahu noch in einem Interview des US-TV-Senders

Fox News

deutlich gemacht, dass Israel anstrebt, den gesamten Gazastreifen vorübergehend unter Kontrolle zu bringen.

Später beschloss das Sicherheitskabinett, den Krieg gegen die Hamas weiter zu verschärfen. Der Krieg soll nicht beendet werden, bevor nicht das gesamte Palästinensergebiet im Süden Israels kontrolliert und entmilitarisiert sowie die Hamas entwaffnet ist. Erst dann soll eine Zivilregierung aufgebaut werden.

Israel wolle sich den Gazastreifen nicht aneignen, betonte Netanjahu. „Wir wollen eine Sicherheitszone haben.“ Nach einer Übergangszeit soll die Kontrolle an arabische Kräfte übergeben werden, „die das Land ordentlich regieren, ohne uns zu bedrohen, und den Menschen in Gaza ein gutes Leben ermöglichen“.

Die Entscheidungen vom Donnerstagabend bedeuten, dass der Krieg im Gazastreifen noch mindestens bis 2026 andauern wird. Netanjahu zieht damit die Konsequenzen aus den gescheiterten Verhandlungen mit der Hamas über eine neue Waffenruhe und die Freilassung der Geiseln. „Ich verstehe genau, was die Hamas will. Sie will keinen Deal“, hatte Netanjahu zuletzt in einer Video-Botschaft erklärt.

Die neuen Pläne Jerusalems beenden allerdings kaum die heftigen innenpolitischen Debatten über die Zukunft des Gazastreifens. Wie hoch die Emotionen zu diesem Thema hochkochen, zeigte ein Kommentar von Netanjahus Sohn Yair, einem Podcaster und „politischen Aktivisten“ auf der Nachrichtenplattform X; der 34-Jährige hatte Israels Generalstabschef Eyal Zamir (59) attackiert, dessen „kriminelle“ Haltung zu den Gaza-Plänen der Regierung „einer Rebellion und einem versuchten Militärputsch… wie in einer Bananenrepublik“ gleiche.

Israels Streitkräfte fürchten eine Falle

Zamir hatte sich der „Jerusalem Post“ zufolge – vor allem aus Sorge um die Geiseln – gegen eine Besetzung des gesamten Landstreifens ausgesprochen. Die Besetzung der letzten nicht kontrollierten Gebiete mit zahlreichen noch unentdeckten Tunneln und versteckten Bunkern könne zu einer „Falle“ für die israelische Armee werden. Benjamin Netanjahu verteidigte später seinen Sohn und kritisierte die Medienauftritte des Generalleutnants und seine öffentlichen Rücktrittsdrohungen. Allerdings ist die Zahl prominenter Ex-Militärs, von Intellektuellen und Demonstranten, die eine Kurskorrektur und ein Nachgeben Netanjahus fordern, um das Leben der Geiseln zu retten, in Israel weiter gewachsen.

Im Sicherheitskabinett in Jerusalem sollte noch diese Woche eine Entscheidung über die vollständige Besetzung des Gazastreifens gefällt werden. Die schrittweise Umsetzung des Plans soll der Online-Zeitung „Times of Israel“ zufolge etwa fünf Monate dauern und sich auf Gaza-Stadt und das Zentrum des Gazastreifens konzentrieren. Vorgesehen sei auch, in Zusammenarbeit mit den Amerikanern die Zentren für Hilfslieferungen – von derzeit vier auf 16 – auszubauen.

Die Bewohner von Gaza-Stadt sollen dem Bericht des israelischen TV-Senders

Channel 12 News

zufolge zur Evakuierung aufgefordert werden, um Zeit für den Aufbau der zivilen Infrastruktur – darunter Krankenhäuser und Versorgungs-Einrichtungen – im Zentrum der Stadt zu haben. Etwa eine Million Palästinenser sollen nach Süden in Richtung der Zelt-Flüchtlingslager Mawasi gehen.

Grundsatzrede Trumps über die Zukunft Gazas?

Erst in einer zweiten Phase würde dann die israelische Militäroffensive beginnen. US-Präsident Trump werde dann in einer Grundsatzrede über die Zukunft des Gazastreifens und die Hilfe für die Bewohner sprechen, so der Fernsehsender.

Generalstabschef Zamir hatte sich laut israelischen Medien für einen alternativen Besatzungsplan eingesetzt. Statt einer kompletten Besetzung sollten nur Gaza-Stadt und andere Orte schrittweise eingekesselt werden. Derzeit kontrolliert die israelische Armee laut eigenen Angaben rund 75 Prozent des Gazastreifens.

Unklar ist, ob die Rechtsaußen in der Regierung, Sicherheitsminister Itamar Ben Gvir und Finanzminister Bezalel Smotrich, ihre Forderung nach einer jüdischen Wiederbesiedlung des Gazastreifens nun tatsächlich aufgeben werden. Bis zum völligen Abzug Israels aus dem Gebiet 2005 hatten dort mehr als 8500 Israelis in 21 Siedlungen mit blühenden Obstplantagen, Gewächshäusern, Landwirtschaftsbetrieben, Entsalzungsanlagen und kleinen Fabriken gelebt. Es dauerte nach dem Weggang der Siedler nicht lange, bis Islamisten nicht nur Wohnhäuser und Synagogen, sondern auch die Wirtschaftsbetriebe zerstörten.

Weltweite Proteste scheinen sicher

Die weitere Eskalation im Gaza-Krieg wird ziemlich sicher erneut heftige Proteste der arabisch-islamischen Welt, der Brics-Staaten wie China, Russland und Indien, der meisten Staaten Europas und der Vereinten Nationen provozieren.

Auch die allermeisten Medien und die Öffentlichkeit im freien Westen werden empört sein, vor einer „neuen Spirale der Gewalt“ warnen und Israels Politik scharf verurteilen. Aber das ist Israel seit dem Massaker der Hamas in Israel am 7. Oktober 2023 mit über 1200 Toten und 221 Geiseln nun wirklich gewohnt.

UN-Botschafterin Miriam Novak erinnerte bei der Sondersitzung der UN-Generalversammlung in New York vergangene Woche an die Jahrtausende währende Leidensgeschichte der Juden, an den Holocaust und an den Überlebenskampf des modernen jüdischen Staates seit 1948.

„Und heute – da Juden in euren Ländern wieder geplündert, geschlagen und getötet werden, und eure Gerichte die Täter freilassen – sagt ihr uns, wir hätten kein Recht, uns zu verteidigen?“ wetterte Novak gegen die schweigenden Repräsentanten der Weltgemeinschaft in der Vollversammlung.

Heftiger Antisemitismus weltweit

„Glaubt ihr wirklich, eure Resolutionen, Boykotte und Sanktionen schicken uns zurück in die Gaskammern?“, so hochemotional Israels Botschafterin, die zornig den weltweit blühenden Antisemitismus anprangerte. Israel sei nicht darauf angewiesen, gemocht zu werden – es habe den unbedingten Willen als jüdische Staat zu überleben. „Ob ihr uns mögt oder nicht – ist uns gleich. Wir waren vor euch da. Und wir werden auch nach euch da sein“, zitierte sie den russischen Schriftsteller und Zionisten Wladimir Zeev Jabotinsky.

Es ist nicht das erste Mal seit dem 7. Oktober 2023, dass Netanjahu eine weitere militärische Eskalation anordnete. Als Israel Mitte Juni begann, Iran zu bombardieren, waren die Befürchtungen in der westlichen Welt vor der Gefahr eines Dritten Weltkriegs enorm groß. Als Trump schließlich Tage später US-Bomber nach Teheran schickte, reagierten Politiker und Öffentlichkeit im Westen teilweise mit Entsetzen.

Merz dankt für die Erledigung der „Drecksarbeit“

Nachdem es aber schließlich beim 12-Tage-Krieg gegen die Mullahs in Iran blieb und mit einer dramatischen Schlappe für die menschenverachtenden Islamisten in Teheran endete, waren es nicht viele, die ihre Anerkennung über die Strategie Netanjahus und Trumps öffentlich äußerten; ausgerechnet Kanzler Friedrich Merz war es vorbehalten, als einer der wenigen sogar von Dankbarkeit zu sprechen: Die Israelis hätten hier offensichtlich „die Drecksarbeit“ für den freien Westen erledigt, so der CDU-Politiker in diesem lichten Moment.

Das geplante Vorrücken der israelischen Streitkräfte in die weitgehend zerstörte Stadt Gaza beschert Netanjahu wieder einen globalen Aufschrei der Empörung. US-Präsident Trump, der nach Ansicht amerikanischer Experten wirklich sehr gerne den Friedensnobelpreis bekommen möchte, stimmt offensichtlich trotz der absehbaren Reaktionen auch im westlichen Bündnis Netanjahus Plänen zu.

Hintergrund ist wohl die fundamental unterschiedliche Einschätzung der Weltlage im Weißen Haus, die mit den Ansichten Netanjahus übereinstimmt, und den Sichtweisen in Europas Hauptstädten. Für Trump und den Israeli gibt es sehr wohl einen Kampf der Kulturen, den Kampf zwischen expansive, offensive Islamisten unterschiedlichster Couleur und dem freien Westen. Derzeit geht es darum, die Hamas endgültig zu atomisieren. Der Preis dafür dürfte groß werden.

Zukunft des Gazastreifens völlig unklar

Allerdings weiß heute wohl niemand, wie die Zukunft des Gazastreifens mit den mehr als zwei Millionen Palästinensern aussehen wird. Die Städte und Orte in dem schmalen Landstreifen sind durch den Krieg weitgehend zu Ruinenlandschaften geworden, die Infrastruktur ist so gut wie vernichtet, angesichts tausender, oft zerstörter und zerbombter Tunnel sind Grund und Boden löchrig und völlig instabil.

Trump hatte im Februar über eine Umsiedlung der Palästinenser in arabische Staaten gesprochen und davon fantasiert, aus dem Gazastreifen eine „Riviera des Nahen Ostens“ zu machen. Sonderlich realistisch scheinen solche Überlegungen nicht zu sein.

Rechtsradikale Politiker in Israel träumen von einer Eingliederung des Gazastreifens in Israel, der Aussiedlung oder Vertreibung der Bevölkerung in die arabischen Staaten. Nicht nur Menschenrechtsorganisationen wie Amnesty International prangern solche Ideen als Pläne für eine ethnische Säuberung an.

Israel steht vor anhaltend schweren Zeiten

Eine angedachte Übernahme der Verantwortung für den Landstreifen durch arabische Staaten ist gleichfalls schwer vorstellbar. Eher noch könnte die von der PLO kontrollierte Palästinensische Autonomiebehörde des Westjordanlands teilweise die Verantwortung für den Gazastreifen übernehmen – unter vermutlich scharfer israelischer Kontrolle.

Trump hofft sicher, dass zumindest mittelfristig moderate arabische Staaten zur Lösung der Probleme beitragen werden. Schließlich war es dem US-Republikaner schon in seiner ersten Amtszeit gelungen, 2020 mit dem Abraham-Abkommen eine diplomatische Normalisierung zwischen Israel und Vereinigten Arabischen Emiraten, Bahrain, Sudan und Marokko zu erreichen.

Derzeit aber dominiert fast in der gesamten arabischen Welt angesichts der schlimmen humanitären Lage im Gazastreifen eine heftige anti-israelische Stimmung. Israels Regierung steht vor gewaltigen Problemen, wenn es um eine Planung für die Nachkriegszeit geht. Die nächsten Schritte werden es kurzfristig ganz sicher nicht leichter machen."
Weniger statt mehr Angebote: Pflege wird „zum Spielball“ politischer Netzwerke,2025-08-08,https://www.tichyseinblick.de/daili-es-sentials/weniger-statt-mehr-angebote-pflege/,Mario Thurnes,"Das Kabinett hat zwei Gesetze durchgewunken. Gut finden das die Verbände, die von der schwarz-roten Regierung Geld bekommen. Andere sehen in den Reformen ein Bürokratiemonster und eine Erlaubnis für politische Netzwerke, sich die Pflege zum „Spielball“ zu machen.","Ausgebildete oder studierte Pfleger können künftig manche Eingriffe vornehmen, die bisher einem Arzt vorbehalten sind. So kündigt es Gesundheitsministerin Nina Warken (CDU) an. Das hört sich erfreulich nach dem Abbau von Bürokratie und mehr Pragmatismus an. Doch es gibt einen Pferdefuß: Die Selbstverwaltungen der Pflegekassen und der Berufsverbände müssen noch aushandeln, welche Eingriffe den Pflegern erlaubt werden sollen – und welche halt nicht.

Warkens Ministerium beschreibt es so: “Zur weitergehenden fachlichen Klärung wird wissenschaftlich eine Aufgabenbeschreibung für berufliche Pflege, auf Grundlage ihrer Kompetenzen, erarbeitet.” Einfach ausgedrückt bedeutet das: Pfleger sollen ärztliche Eingriffe durchführen dürfen – aber sie und ihre Arbeitgeber müssen genau dokumentieren, wer wann welchen Eingriff vollziehen darf. So wird aus dem, was als Vereinfachung gestartet war, schnell wieder ein Bürokratiemonster.

Als bürokratische Entlastung verkauft Warkens Ministerium ebenfalls “mehr verbindliche Mitwirkungsmöglichkeiten” für Städte und Gemeinden “bei der Zulassung von Pflegeeinrichtungen”. In der Realität bedeutet das: Bisher mussten Anbieter viele bürokratische Hürden nehmen, um ein Pflegeheim zu eröffnen. Haben sie das getan, hatten sie aber ein Recht darauf, das Heim zu eröffnen. Künftig müssen sie weiterhin viele bürokratische Hürden nehmen, aber danach kann ihnen die Kommune die Eröffnung trotzdem verweigern:

Sei es, weil sie selbst ein öffentliches Heim betreibt. Oder es gibt ein privates Heim, dessen Betreiber – rein zufällig – das gleiche Parteibuch besitzt wie der Bürgermeister oder die Mehrheit im Stadtrat. Oder die Gemeinde verhindert den Bau von ausreichend Heimen. Das treibt zwar die Bedürftigen und ihre Angehörigen in die Verzweiflung – entlastet aber die Kasse der Gemeinde, weil sie entsprechende Zuschüsse für die Unterbringung nicht finanzieren muss.

Wie die Verbände Warkens Gesetze bewerten, hängt auch davon ab, wie stark die Bundesregierung sie mit Geld versieht. Die Mitglieder der Deutschen Krankenhausgesellschaft erhalten vier der 850 Milliarden Euro staatlicher Schulden, die CDU, CSU und SPD aufnehmen. Die Deutsche Krankenhausgesellschaft lobt die “Entbürokratisierung in der Pflege”: Es sei “dringend notwendig, die Kompetenzen der Fachkräfte optimal zu nutzen und stärker in die Versorgung einzubinden”. Nur so könne auch künftig eine qualitativ hochwertige medizinische und pflegerische Versorgung gewährleistet werden. Zwar hat die Bundesregierung in diesem Punkt bisher nur eine Absichtserklärung abgegeben – aber vier Milliarden Euro stimmen gnädig.

Die Kassenärztlichen Vereinigungen (KV) freuen sich über die “Rechtssicherheit bei der Gestaltung des vertragsärztlichen Notdienstes”. Die Ärzte loben den Dialog, den es dazu im Vorfeld gegeben habe. Die “ausreichende Finanzierung der von den KVen aufgelegten Strukturfonds” finden die Ärzte aber auch nicht schlecht.

Kein Geld des Staates gibt es für die privaten Pflegebetreiber. Sie reagieren entsprechend kritischer auf Warkens Vorschläge. Sie lehnen die “faulen Kompromisse” ab und wünschen sich praxiserprobte Lösungen”. Dazu gehöre, dass die Ausbildung als Voraussetzung für Pfleger genüge, um gewisse ärztliche Eingriffe durchführen zu müssen – statt sie im Einzelfall aushandeln und dokumentieren zu müssen.

Der Verband kritisiert aber vor allem die “kommunale Pflegeplanung”. Schon mit dem Antragsverfahren entstünden den Betreibern Kosten im sechsstelligen Euro-Bereich. “Wenn die Kommune dann ablehnt, laufen Investitionen künftig ins Leere.” So reduziere die schwarz-rote Regierung mit ihrem Gesetz das Angebot an Pflegeplätzen – statt es auszubauen. “Die Pflegeversorgung droht, zum Spielball kommunalpolitischer Netzwerke zu werden. Träger mit direktem Draht zur Politik und der passenden ideologischen Ausrichtung könnten Wettbewerber ausbremsen – zulasten von Angebotsvielfalt, Qualität und Innovation”, schreibt der Dachverband der Pflege-Anbieter."
Sicherheitskabinett bestätigt Netanjahu: Einnahme von Gaza folgt,2025-08-08,https://www.tichyseinblick.de/daili-es-sentials/netanjahu-einnahme-von-gaza-geplant/,Redaktion,"Vollständige Entwaffnung der Hamas, dauerhafte militärische Kontrolle über den Gazastreifen sowie der Aufbau einer neuen zivilen Verwaltung: So benennt die israelische Regierung die Ziele der Ausweitung der Militäroperation im Gazastreifen.","Zwei Jahre nach Beginn des Gaza-Krieges hat die israelische Regierung eine Ausweitung des Militäreinsatzes beschlossen. Das Sicherheitskabinett stimmte in einer nächtlichen Sitzung einem gezielten Vorstoß auf Gaza-Stadt im Norden des umkämpften Küstenstreifens zu.

Diese Entscheidung markiert einen strategischen Wendepunkt in der anhaltenden Offensive gegen die islamistische Hamas, nachdem monatelange diplomatische Bemühungen um eine Waffenruhe gescheitert waren.

Wie das Büro von Ministerpräsident Benjamin Netanjahu mitteilte, wurden im Zuge der Sitzung auch fünf Grundprinzipien verabschiedet, die das langfristige Ziel eines militärischen und politischen Neustarts für den Gazastreifen definieren sollen. Dazu zählen unter anderem die vollständige Entwaffnung der Hamas, die dauerhafte militärische Kontrolle über das Gebiet durch Israel sowie der Aufbau einer neuen zivilen Verwaltung – losgelöst von islamistischen Kräften.

Nach Medienberichten kontrolliert die israelische Armee bereits rund 75 Prozent des Gazastreifens. Die nun angekündigte Operation konzentriert sich jedoch zunächst auf Gaza-Stadt selbst. Laut dem Fernsehsender N12 sollen die verbleibenden Bewohner bis Oktober in zentral gelegene Flüchtlingslager evakuiert werden. Konkrete Angaben über das genaue Vorgehen oder den Zeitplan machte die Regierung bislang nicht.

Netanjahu betonte in einem Interview mit dem US-Sender Fox News, Israel strebe keine dauerhafte Besatzung des Gazastreifens an. Vielmehr solle das Gebiet von der Hamas befreit und in die Hände „gemäßigter arabischer Kräfte“ übergeben werden. „Wir wollen den Gazastreifen nicht behalten, wir wollen ihn nicht regieren – aber wir wollen eine Sicherheitsgrenze und verhindern, dass erneut Terror von dort ausgeht“, sagte er.

Internationale Organisationen reagieren alarmiert. Die Vereinten Nationen warnten vor katastrophalen humanitären Folgen einer weiteren Ausweitung der Kampfhandlungen. UN-Diplomat Miroslav Jenca sprach von einem „besorgniserregenden Schritt“, der Millionen Menschen in Gefahr bringen könne. Nach UN-Angaben sind bereits 70 Prozent der Gebäude im Gazastreifen zerstört oder schwer beschädigt – in Städten wie Chan Junis und Rafah sogar bis zu 90 Prozent.

Israel ermöglicht wieder verstärkt die Lieferung humanitärer Hilfsgüter. Allerdings erreichen viele dieser Güter aufgrund von Plünderungen nicht die notleidende Bevölkerung. Gleichzeitig bleibt das Schicksal zahlreicher Geiseln ungewiss. Etwa 50 Menschen befinden sich nach israelischen Schätzungen noch in der Gewalt der Hamas, nur 20 davon sollen noch am Leben sein.

Die Ankündigung der Offensive gilt auch als Druckmittel gegenüber der Hamas. Beobachter vermuten, dass Israel durch die militärische Zuspitzung die Verhandlungsbereitschaft der Hamas erhöhen will. Vermittlerstaaten wie Katar und Ägypten intensivieren derzeit ihre diplomatischen Bemühungen, um beide Seiten zurück an den Verhandlungstisch zu bringen.

Gleichzeitig wächst der innenpolitische Druck auf Netanjahu. Kritiker werfen ihm vor, den Krieg unnötig in die Länge zu ziehen, um innenpolitisch zu profitieren und seine rechte Regierungskoalition zu stabilisieren. Angehörige der Geiseln drängen unterdessen auf eine diplomatische Lösung und lehnen riskante militärische Befreiungsaktionen ab.

Der Gaza-Krieg war durch den Großangriff der Hamas am 7. Oktober 2023 ausgelöst worden. Dabei wurden 1200 Menschen in Israel getötet und mehr als 250 als Geiseln verschleppt. Seitdem starben laut der von der Hamas kontrollierten Gesundheitsbehörde über 61.000 Menschen im Gazastreifen, diese Zahl ist nur eingeschränkt überprüfbar."
"Für den Ämterbesitz tun sie alles, Bürger kümmern sie dabei nicht",2025-08-08,https://www.tichyseinblick.de/daili-es-sentials/merz-klingbeil-2/,Fritz Goergen,"Sozialdemokraten und Christdemokraten gibt es nicht mehr, die Parteien heißen nur noch so. In Berlin-Mitte, Schauplatz des Parteienstaats, geht es zu wie in den latzten Jahren der DDR. Nur noch Tarnen, Tricksen, Täuschen, Flicken, Verschieben - über die Runden stolpern.","Durch die Schablone der in Berlin-Mitte Wirkenden gesehen ist der Rückzug der Verfassungsgerichts-Kandidatin eine Niederlage der SPD. Sonst nichts. Das ist aber der unbedeutendste Teil des Ereignisses. Die SPD wird einen anderen Kandidaten benennen, von dem sie nicht weniger eine Entscheidung des Gerichts für das Verbot der AfD erwarten darf und die Transformation des Grundgesetzes nach Bauplänen des bürokratischen Wokunismus-Globalismus.

Wirtschaftskrise.

Die Industrie ist weiterhin im freien Fall. Im Juni brach die Produktion allein im

Pharmabereich

dramatisch um 11 Prozent ein. Auch andere Schlüsselbranchen haben starke Rückgänge: Der

Maschinenbau

meldet ein Minus von 5,3 Prozent, die

Nahrungsmittelindustrie

sogar von 6,3 Prozent. Die reale (preisbereinigte) Produktion im

Produzierenden Gewerbe

sank nach vorläufigen Angaben des Statistischen Bundesamtes (Destatis) im Juni 2025 gegenüber Mai saison- und kalenderbereinigt um 1,9 % − auf den niedrigsten Stand seit Mai 2020, als die Produktion als Folge der Corona-Politik eingebrochen war.

Tarnen, Tricksen, Täuschen:

In Berlin-Mitte geht es zu wie in den latzten Jahren der DDR. Beispiel: Mit einem Buchungstrick will SPD-Finanzminister Klingbeil zusätzlichen Spielraum im Haushalt 2025 gewinnen, aus der Bundeswehr eine

Liquiditätsreserve von 800 Millionen Euro

an den Bund überweisen und im BMF als Einnahme verbuchen

(Spiegel).

CDU-Krise.

„Wir müssen aufpassen, dass wir nicht zwischen AfD und Linken aufgerieben werden“, sagte CDU-Arbeitnehmerflügel-Vormann Radtke

(SZ).

Würde im Bund gewählt, wäre die schwarz-rote KleiKo ohne Mehrheit: „Wir steuern in Deutschland auf französische Verhältnisse zu, wir haben schon heute zwei Landtage, in denen die Landesregierungen keine eigene Mehrheit mehr im Parlament haben.“ Zu glauben, dies sei „nur die Folge der Flüchtlingskrise von 2015 und der Corona-Pandemie, ist nicht nur falsch, es ist gefährlich“. Bereits in fünf Wochen seien Kommunalwahlen in NRW, dem bevölkerungsreichsten Bundesland. Vor der letzten Kommunalwahl habe die Union in bundesweiten Umfragen nicht wie jetzt bei 25, sondern noch bei 38 Prozent gelegen. Es sei eben „bei Weitem nicht so, dass quer durchs Land vor lauter Begeisterung die Löcher aus dem Käse fliegen“. Die CDU müsse ihren Kurs nachjustieren. Außenpolitisch habe Merz Deutschland zurück in die Champions League geführt (

Herr Radtke, Sie gestatten, dass ich griene?

), aber „das Aufstiegsversprechen, das die Demokratie in Deutschland nach der Nazi-Zeit gefestigt hat, ist seit mindestens 20 Jahren tot … Selbst junge Akademiker haben in vielen Regionen in Deutschland auf dem Wohnungsmarkt keine Chance und ziehen zurück zu ihren Eltern oder in WGs.“ Die gutverdienende Mittelschicht sei an vielen Stellen nicht mehr in der Lage, sich Wohneigentum zu kaufen. „Diese Fragen nicht zu adressieren, treibt viele Menschen in die Arme der Linkspartei.“ Deren Lösungen für das Problem seien zwar alle untauglich, aber sie besetze das Thema als einzige Partei prominent. Die AfD speise „sich nicht nur aus ihrem Brot-und-Butter-Thema Migration, sondern auch sehr stark aus ihrem Kampf gegen das Establishment und aus einer politischen und kulturellen Entfremdung der Arbeiter von den Volksparteien“. Letzteres sei „natürlich ein historisches Versagen der SPD, aber ich gebe mich nicht zufrieden damit, dass wir als CDU davon nicht profitieren können“.

Kommunen-Krise.

Der Präsident des Städte- und Gemeindebunds, Spiegler fordert von Bund und Ländern die Finanzierung des Wechsels ukrainischer Flüchtlinge vom Bürgergeld ins Asylbewerbergeld

(Rheinische Post):

„Es darf nicht nur eine Kostenbeteiligung geben, sondern eine komplette, dauerhafte Übernahme der Kosten durch Bund und Länder.“ Auf die Kommunen kommen jährliche Mehrkosten von 1,3 Milliarden Euro zu.

ARD

-Hauptstadtstudio-Krise.

Der Pro-Atomkraft-Verein Nuklearia will das

ARD

-„Sommerinterview“ mit SPD-Vorfrau Bas am Sonntag für Proteste nutzen. Nach den Erfahrungen des letzten Wochenendes meldete er eine Demo für Sonntagfrüh, 8 Uhr, an. „Besonders möchten wir die SPD und ihre Stammwählerschaft aus gewerkschaftlich organisierten Industriebeschäftigten erreichen“, sagte Nuklearia-Niels Harksen (

dts

), „Ihre Arbeitsplätze sind durch hohe Energiekosten bedroht. Reaktivierte deutsche Kernkraftwerke könnten günstigen Strom liefern und zur Rettung der Arbeitsplätze beitragen, falls die SPD den Weg für den weiteren Betrieb der Kraftwerke frei macht.“ − Letzten Sonntag wollte der Pro-Atomkraft-Verein das „Sommerinterview“ mit Grünen-Vormann Banaszak zum Protest nutzen und war ab 12 Uhr vor dem Reichstagsgebäude gegenüber dem TV-Set, aber die

ARD

hatte die Sendung am Vormittag aufgezeichnet, die etablierte Live-Sendung im Internet und den üblichen Pressetermin gestrichen − „aus Sicherheitsgründen“, wie eine Sprecherin sagte.

Kultur-Krise.

In Frankreich soll eine

Ausgangssperre für Kinder

die überbordende Kriminalität bremsen,

Kindersöldner

sind keine Seltenheit mehr in Schweden, Dänemark, Deutschland oder eben Frankreich. Zwölf- und Dreizehnjährige werden von Drogendealern als Späher, Kuriere und Handlanger eingesetzt.

In Nîmes gilt die Ausgangssperre für alle unter 16 Jahren von 21 Uhr bis sechs Uhr früh.

Gaza-Krise.

Israel will die Kontrolle im ganzen Gazastreifen übernehmen. Sagte Israels Premier Netanjahu Donnerstag

Fox News:

„Wir wollen uns selbst und die Bevölkerung des Gazastreifens von dem schrecklichen Terror der Hamas befreien .“Israel wolle den Gazastreifen nicht behalten, sondern an „Streitkräfte“ übergeben, die ihn ordnungsgemäß verwalten. Die Hamas halte nicht nur israelische Geiseln fest, „sondern auch zwei Millionen Palästinenser“. Entgegen westlicher Medien, die von Palästinenser-Umsiedlung sprechen, meldet

JFEED,

„Gaza wird nicht annektiert, seine Bewohner nicht weggebracht“.

− Warum? Trump will Ruhe im Orient. Das bedeutet keine Lösung, sondern weiter wie schon 77 Jahre.

Keine Netzkrise.

Ein X-Gegner nach dem anderen kehrt von seinem woken Ausflug zu Bluesky zurück, Reichweite siegt über ideologische Reinheit.

Stablecoins.

Während alle auf Tagesthemen schauen, sind Strukturveränderungen mit ganz weitreichenden Folgen im Gange, auf die kaum jemand achtet. In der

Bargeld-Debatte

entgeht den meisten, wie mit Trumps Hilfe privates Digitalgeld auf den Markt drängt: Stablecoins. „Die werden den Konflikt zwischen staatlicher und privater Souveränität im Zahlungsverkehr weiter verschärfen“, prognostiziert

Paweł Tokarski, Ökonom der Stiftung Wissenschaft und Politik (SWP)

. Am Ende geht es nicht mehr um

Bargeld

oder

Digitalgeld,

sondern

Privatgeld

oder

Staatsgeld.

Klimaindustrie-Krise.

Die jüngste Ausschreibung der grünen Bundesnetzagentur für Windparks in der Nordsee blieb ohne Gebot. Investoren steigen aus, die technischen Risiken der Windmühlen in der stürmischen Nordsee sind exorbitant hoch wie auch die negativen Preise. Wenn zu viel Strommüll von Windrädern vorhanden ist, muss der teuer entsorgt werden. Niemand will mehr investieren. Die Klimaindustrie läuft nur mit steuergestützten Garantiegewinnen.

Norbert Häring klärt auf,

wo der Deutsche Wetterdienst eiskalt behauptet, dieser Juli wäre ungewöhnlich warm gewesen.

Ich bin damit einverstanden, dass mir Inhalte von Twitter angezeigt werden.

Nachhaltig

wirkten andere als die grünen Weltwokunisten im Parteienstaat.

Ich bin damit einverstanden, dass mir Inhalte von Twitter angezeigt werden."
Professor-Titel in Gefahr: Brosius-Gersdorf zieht zurück – TE-Wecker am 8. August 2025,2025-08-08,https://www.tichyseinblick.de/podcast/te-wecker-am-8-august-2025/,Holger Douglas,"Der TE-Wecker erscheint montags bis freitags – und bietet Ihnen einen gut informierten Start in den Tag. Ideal für den Frühstückstisch – wir freuen uns, wenn Sie regelmäßig einschalten. An Wochenenden und Feiertagen erscheint der Wecker mit einer Schwerpunktsendung.","Ich bin damit einverstanden, dass mir Inhalte von Soundcloud angezeigt werden.

Abonnieren ▼

iTunes

Amazon

Spotify

+++ Koalition im Chaos – Brosius-Gersdorf-Rückzug löst politisches Beben in Regierung aus +++ Deutschlands Industrie bricht ein – Rezession frisst sich fest +++ „So viel können die USA gar nicht liefern“ – RWE-Chef zerlegt EU-Energieplan +++ neuer Kulturstaatsminister stoppt Roths Millionenflut für regierungsnahe Medien +++ Labour plant Freilassung von Bin-Laden-Vertrautem – kulturelle Kapitulation des Westens +++ TE-Energiewendewetterbericht +++

SIOUX – Schuhwetterbericht: Für alle Hörer des ‚TE Wecker‘ gilt: Mit

dem Gutscheincode ‚Wecker20‘ sparen Sie auf

www.Sioux.de

20 Euro. Finden Sie jetzt Ihren neuen Lieblingsschuh für den Sommer auf

www.Sioux.de

."
