title,date,url,author,teaser,article_text
Vernunft statt Klimapanik,2025-12-09,https://www.tichyseinblick.de/feuilleton/buecher/vernunft-statt-klimapanik/,Alexander Wendt,Diese Trendwende verkündet eine Gruppe von Wissenschaftlern seit Jahren. Mittlerweile bestimmt sie in vielen Ländern die Agenda. Auch in Deutschland findet der Siegeszug der Ökorealisten Beachtung – nur nicht in der Politik.,"Noch vor zehn Jahren galt zumindest für die westliche Welt in der Klimadebatte die eiserne Regel: Die größte Aufmerksamkeit sichert sich derjenige, der es mit der apokalyptischen Wortwahl am weitesten treibt. UN-Generalsekretär António Guterres erklärte bei jeder Gelegenheit, die Welt befinde sich „auf dem Highway zur Hölle“, Greta Thunberg heimste Applaus ein bei Politikern, Journalisten und Kirchenoberen für ihre Botschaft: „Unser Haus steht in Flammen.“ Angela Merkel erklärte 2017 den Klimawandel zur „Schicksalsfrage der Menschheit“.

Dieselbe Politikerin setzte bekanntlich 2011 den Ausstieg Deutschlands aus der Kernkraft, der einzigen CO2-freien, verlässlichen Energieerzeugungstechnik, durch. Aber sie konnte sich darauf verlassen, dass kein Hauptstadtjournalist sie im Interview auf den offensichtlichen Widerspruch aufmerksam machen würde. Es fragte auch niemand nach der fachlichen Kompetenz einer Greta Thunberg oder des früheren sozialistischen Parteifunktionärs António Guterres. Dass selbst das Klimawissenschaftler-Netzwerk IPCC in seinen Berichten nicht behauptete, die Welt stünde kurz vor dem Klimakollaps, ging im politisch-medialen Überbietungswettbewerb schlicht unter. Und die Langfassung der IPCC-Dossiers las sowieso kaum ein Journalist. Es fiel ihnen leichter, Greta Thunbergs „How dare you“-Ansprache vor der UN-Vollversammlung 2019 am Bildschirm zu verfolgen – und für großartig zu halten.

Die Zeiten sind vorbei – fast jedenfalls. Auf ihre Greta-Jubelarien wollen die meisten Politiker und Journalisten jedenfalls nicht mehr angesprochen werden. Gegen den Weltuntergangssound wenden sich immer mehr Forscher – sie begreifen, dass irgendwann niemand mehr auf eine Alarmsirene hört, die pausenlos heult. Selbst in Deutschland, wo Angst eigentlich immer zieht, bringt „Fridays for Future“ heute keine Massen mehr auf die Straße. Das liegt auch an einer kleinen Gruppe von Klimarealisten, die zu den Hochzeiten des apokalyptischen Überbietungswettbewerbs als Außenseiter ein Gegenprogramm zu Thunbergs Forderung zu entwickeln begannen. Die lautete bekanntlich: „Ich will, dass Ihr in Panik geratet.“ Die Botschaft von Bjørn Lomborg, Michael Shellenberger, Steven Koonin, Steven Chu und anderen lässt sich am besten so zusammenfassen: Wir wollen, dass Ihr Zahlen und Diagramme lest. Und: Es gibt keinen Grund für Weltuntergangspanik.

DER PODCAST AM MORGEN

Jahresringe gegen Alarmismus – 3000 Jahre Klima, wie es wirklich war – TE-Wecker am 7. Dezember 2025

Der dänische Politikwissenschaftler und Statistiker Bjørn Lomborg, Jahrgang 1965, gehörte zu den Ersten, die einen Gegenakzent zum Panikmodus setzten. In seinem Bestseller „Cool It“ – in Deutschland erschienen unter dem Titel „Cool It. Warum wir trotz Klimawandels einen kühlen Kopf bewahren sollten“ – zeigte er schon 2007 mit einer Fülle von Daten, dass die Welt eben nicht auf einen Abgrund zurast. In seinen Vorträgen nennt der Präsident des Copenhagen Consensus Center immer wieder statistische Befunde, die im krassen Gegensatz zum Immerschlimmerismus der meisten Medien stehen. Dort bekommen oder bekamen Leser zumindest lange Zeit den Eindruck: Es gibt immer größere und heftigere Waldbrände, verursacht von der globalen Erwärmung.

Das Gegenteil, zeigen Lomborgs Zahlen, trifft zu: Um die Jahrhundertwende schädigten Feuer noch jährlich etwa 4,5 Prozent der Erdoberfläche – heute noch 2,2 Prozent. Wetterkatastrophen wie Überschwemmungen und Stürme treffen immer mehr Menschen? Nein, im Gegenteil: Die Zahl der Toten durch Elementargewalten fiel von weltweit rund 500 000 in den 1920er-Jahren auf heute etwa 10 000. Ist, wie der frühere US-Präsident Joe Biden behauptete, Hitze „der größte wetterbedingte Killer“? Nein. In Europa sterben jährlich gut 20 500 Menschen an den Folgen hoher Temperaturen – aber 220 000 an den Folgen von Kälte. Für die USA fallen die Zahlen sogar noch deutlicher auseinander.

Anfangs versuchten einige Politiker, Journalisten und Wissenschaftler noch, Lomborg das Etikett des „Klimaleugners“ anzukleben; 2003 leitete das dänische „Komitee für unethisches Verhalten in der Wissenschaft“ ein Verfahren gegen ihn ein. Es endete mit einem Freispruch. Natürlich leugnet Lomborg den Klimawandel nicht. Zu diesem Thema sagt er: „Wenn, dann leugne ich, dass es einen Grund für Panik gibt.“ Er gehört wie Shellenberger und Koonin zu jenen, die sich strikt gegen die vor allem in Deutschland verbreitete Idee des „Degrowth“ wenden, also Klimarettung durch Deindustrialisierung. Ihr Argument: Das werden nicht nur Millionen Amerikaner und Europäer nicht akzeptieren, sondern vor allem nicht die über zwei Milliarden Chinesen und Inder, deren Vorfahren noch vor zwei Generationen meist in bitterer Armut lebten.

Zukunfts- und Freiheitsenergie

Die dümmste Energiepolitik der Welt und der klügste Weg aus der Falle

„Es gibt viele Länder mit niedrigem Energieverbrauch, aber kein einziges mit niedrigem Energieverbrauch und Wohlstand“, lautet das Credo von Michael Shellenberger, der sich selbst als „Eco Realist“ bezeichnet. Die deutsche Ausgabe seines Bestsellers „Apokalypse Never“ („Apocalypse, niemals!“, 2022) machte den Kalifornier auch hierzulande bekannt. Ganz ähnlich wie Lomborg zeigt er anhand von Daten, dass sich der Zustand der Welt eben nicht verschlechtert. Wohlstand und günstige, zuverlässige Energie gehören für ihn untrennbar zusammen. Den besten Weg sieht der heute als Professor in Austin lehrende Shellenberger deshalb in der Nutzung der Kernenergie – und die spezielle deutsche Energiewende folglich als weltweit einzigartigen Irrweg [im TE SPEZIAL hier ein Verweis auf das dort zu lesende Interview – Anm. d. Red.].

Shellenbergers Landsmann Steven Koonin, einer der führenden Physiker des Landes, der lange das Forschungsprogramm am California Institute of Technology (Caltech) leitete, zeigte 2021 mit seinem (noch nicht auf Deutsch erschienenen) Buch „Unsettled“, dass Klimawissenschaftler in sehr vielen Fragen eben nicht, wie oft behauptet, „settled“, also festgelegt sind, sondern im Gegenteil noch nach Antworten suchen. Auch Koonin hält es für überheblich und vor allem realitätsfern, vom Westen aus Ländern wie China und Indien, die erst seit Kurzem dem Wohlstandsklub angehören, Verzicht zu predigen. Den Physiker als „Leugner“ oder „Rechten“ abzutun, dürfte selbst harten Ideologen schwerfallen: Koonin diente in der Administration von Barack Obama als Energie-Unterstaatssekretär unter Staatssekretär Steven Chu, Physik-Nobelpreisträger und ebenfalls Klimarealist. Chu kritisierte 2023 den Weg der deutschen Energiewende, den die Merz-Regierung offenbar fortsetzen will: „Wenn die Grünen vernünftig wären, würden sie Atomenergie vorziehen.“

Die meisten Industrieländer folgen mittlerweile der realistischen Strategie: Ausbau der Atomkraft, technische Innovation statt Schrumpfung, Anpassung an Klimaveränderungen statt Feinjustierung des Weltklimas bis 2100. In Deutschland dringen zwar Stimmen wie die von Lomborg, Shellenberger und anderen stärker durch als noch vor zehn Jahren. Aber eine deutsche Talkshowausgabe, zu der Steven Chu oder Steven Koonin eingeladen würden, muss erst noch stattfinden. Im deutschen Wikipedia- Eintrag zu Lomborg findet sich – anders als im englischen Text – gleich im ersten Absatz das Signalwort „umstritten“. Und inzwischen gibt es zwar eine Bevölkerungsmehrheit für Kernkraft – aber keine entsprechende Mehrheit in der neuen Koalition. Möglicherweise dauert es einfach noch einmal zehn Jahre, bis die Botschaft der Ökorealisten auch im Berliner Regierungsviertel ankommt.

Tichys Einblick Spezial,

Der Klima- und Energiekomplex.

Holderstock Media,  Broschur, 140 Seiten, 14,80 €.

Mit Ihrem Einkauf im TE-Shop unterstützen Sie den unabhängigen Journalismus von Tichys Einblick! Dafür unseren herzlichen Dank!!>>>"
"Europas Politiker „reden, aber sie liefern nicht“",2025-12-09,https://www.tichyseinblick.de/daili-es-sentials/trump-interview-politico/,Holger Douglas,"In einem Interview mit dem amerikanischen Magazin Politico urteilt Präsident Donald Trump hart über die europäische Politik. Sein erklärtes Ziel: ""Widerstand gegen Europas Kurs innerhalb europäischer Staaten stärken“","Europa muss seine Migrationspolitik radikal ändern, seine Ukraine-Strategie überprüfen und ökonomisch wie sicherheitspolitisch wieder auf eigene Füße kommen: Das betonte US-Präsident Donald Trump in einem Interview mit dem Springer-Magazin Politico. Trump stellt dabei die Existenz der Europäischen Union infrage und fordert einen radikalen Kurswechsel in der Migrations- und Ukrainepolitik.

Trump beschreibt eine EU, die den Ukraine-Krieg verlängert, aber keine strategische Kraft besitzt. Er fordert einen Bruch mit der europäischen „bis zum Sieg“-Rhetorik. Er ist nahezu der einzige Politiker, der das hunderttausendfache Töten anprangert und ausspricht, dass es bei dem Ukraine-Konflikt zuerst darum geht, den Krieg zu beenden. Solche Worte hört man aus der europäischen Polit-Klasse praktisch nicht: „Der einzige Grund, warum mir das wirklich am Herzen liegt, ist, dass ich es hasse, zu sehen, wie junge, wunderschöne Menschen getötet werden. Das ist im Wesentlichen der Grund, warum ich mich engagiert habe!“ Und er wirkt dabei überzeugend.

„Sie reden, aber sie liefern nicht“, wirft Trump den Europäern vor. Nicht zum ersten Mal, wie überhaupt die Haltung nicht neu ist, allerdings in dem spannend geführten Interview der amerikanischen Journalistin Dasha Burns gut zusammenhängend dargestellt wird. Sie behandelt ihn respektvoll, aber nicht unterwürfig, kritisch, aber nicht polemisch. Er antwortet ebenso respektvoll und höflich, aber klar und bestimmt. Trump begibt sich sogar im Anschluss der Aufnahmen für ein „Family Shot“ mit Reporterin und Team ins Oval Office.

In dem ausführlichen Interview legt US-Präsident Donald Trump eine Fundamentalabrechnung mit Europas Politik vor und liefert eine Blaupause für eine geopolitische Neuordnung. Seine Botschaft ist klar: Europa steht am Scheideweg, und nur ein drastischer Kurswechsel könne den Kontinent vor dem eigenen Niedergang bewahren. Der Ukraine-Krieg ist „ein Krieg, der nie hätte stattfinden dürfen“. Russland habe in den Verhandlungen klar die stärkere Position: ein größeres Land, mehr Ressourcen und einen strategischen Vorteil. Selenskyj selbst stelle sich einer Lösung in den Weg, indem er einen US-Friedensentwurf „nicht einmal gelesen“ habe.Der Präsident fordert zudem Wahlen in der Ukraine. Demokratie könne kein Dauerzustand ohne Urnengang sein: „Sie nutzen den Krieg als Vorwand.“

Hohle Größe

Prinzip EU: Krisen sind unser Machtfutter

Europa selbst beurteilt er scharf: Es rede viel, liefere wenig und trage Mitschuld daran, dass der Krieg seit vier Jahren andauere. Die bisherigen westlichen Strategien bezeichnet er als gescheitert. Wer allerdings bis zum Sieg der Ukraine durchhalten wolle, müsse „endlich bezahlen und liefern“.

Am deutlichsten wird Trump beim Thema Migration, seinem politischen Kerngebiet. Für ihn steht fest: Die europäische Migrationspolitik sei „eine Katastrophe“. Europa lasse Menschen aus aller Welt unkontrolliert einreisen, darunter „Strafgefangene aus dem Kongo und anderen Staaten“. Dadurch verändere sich der Charakter ganzer Nationen. „Europa wird unregierbar, wenn es so weitermacht“.

London und Paris seien „völlig andere Orte geworden“. Den Londoner Bürgermeister Sadiq Khan nennt er „inkompetent“ – ein Produkt einer veränderten Wählerstruktur. Schweden sei vom „sichersten Land Europas“ zu einem Kriminalitätsschwerpunkt geworden. Sein Rezept: konsequente Abschiebung illegal Eingereister. Die USA hätten das geschafft – seit sieben Monaten gebe es „null illegale Einreisen“.

Die neue Nationale Sicherheitsstrategie der USA formuliert offen, man wolle „Widerstand gegen Europas Kurs innerhalb europäischer Staaten stärken“. Trump verteidigt das: Wenn Europa nicht überlebensfähig bleibe, gefährde das auch die USA. Er strebe kein amerikanisches Dirigieren an – aber „ein starkes Europa“. Ein schwaches sei eine Gefahr für die westliche Welt.

Eingreifen in europäische Wahlen schließt er nicht aus. Viktor Orbán nennt er ein Vorbild, besonders wegen dessen Migrationspolitik. Polen habe ebenfalls „einen großartigen Job gemacht“. Trump wiederholt, die NATO nur durch massiven Druck seinerseits zur höheren Finanzierung gebracht zu haben. Das BIP-Ziel liege nun faktisch bei 5 Prozent, nicht mehr bei 2.

National Security Strategy

Amerikas Sicherheitsstrategie: Europa als zivilisationsmüder Problemfall

Russlands Wohlwollen gegenüber der US-Strategie sieht er gelassen. Es spiegele lediglich wider, dass Europa sich selbst schwäche. Die Ukraine werde auf absehbare Zeit kein NATO-Mitglied – schon vor Putin sei das eine informelle Grundsatzentscheidung gewesen.

Trotz Inflation und sozialer Spannungen bewertet Trump die eigene Wirtschaftslage als hervorragend. Die Energiepreise seien stark gefallen, Investitionen von „18 Billionen Dollar“ ins Land geflossen. Der Fed-Chef sei „nicht besonders klug“ und feindlich gesonnen; der nächste Vorsitzende müsse die Zinsen senken. Internationale Erfolge, Abkommen und der Ausbau der Industrie seien entscheidende Trümpfe seiner Regierung.

Die Kritik des Papstes an seiner Migrationspolitik weist Trump zurück. Der Supreme Court müsse das Geburtsrechtsprinzip neu bewerten: Es sei ursprünglich nur für Kinder versklavter Menschen gedacht gewesen, nicht für Einwanderer aus aller Welt.

Trump droht offen mit Maßnahmen gegen Venezuelas Präsident Maduro. Die Zahl der aus Venezuela eingereisten Kriminellen sei immens, die USA würden sie aufspüren und zurückschicken oder inhaftieren. Militärische Schritte schließt er weder ein noch aus. Trump sieht sich dabei als Warner, nicht als Dirigent. Doch klar ist: Unter seiner Präsidentschaft wird die transatlantische Beziehung härter, direkter – und zwingt Europa zu Entscheidungen, die seit Jahren verschoben wurden.

Den wichtigsten Satz dürften hierzulande all jene unterschreiben, die die unkontrollierte Massenmigration fassungslos mit ansehen müssen. Kernbotschaft Trumps: „Europa ist auf einem Weg, der nicht mehr korrigierbar sein könnte.“"
Für einheitliche Elektromobilität fehlen in Europa alle Voraussetzungen,2025-12-09,https://www.tichyseinblick.de/wirtschaft/mobilitaet/elektromobilitaet-europa/,Dr. Helmut Becker,"Von einem einheitlichen europäischen Automobilmarkt kann bei Elektroautos keine Rede sein, die nationalen Einflussfaktoren auf deren Absatz sind gravierend. Jede ganzheitliche Marktsteuerung durch die EU-Kommission, zum Beispiel das Verbrennner-Aus 2035, muss an nationalen Besonderheiten scheitern.","Bei

Tichys Einblick

wurde vor kurzem nachgewiesen, dass die grün-linke Verkehrswende in Deutschland nicht stattfindet. Alle ideologisch-medialen wie auch politischen Kraftanstrengungen, mit journalistischer Meinungsmache und staatlichen Fördermilliarden Verbrennerautos durch Batterie-Elektroautos zu ersetzen, sind am Markt gescheitert. Zwar nimmt die Elektromobilität mit breiterem Modell-Angebot bei allen Herstellern zu – per Oktober 2025 lag der Marktanteil von Batterie-Elektroautos (BEV) immerhin schon bei 18,4 Prozent (2024: 13,3 Prozent) –, allerdings verfehlt dieses schwache Wachstum bei weitem Erwartungen und Kapazitätsplanungen der Autoindustrie.

Wirklichkeit ist stärker

Verkehrswende scheitert an leeren Kassen

Einziges Ergebnis der Elektro-Initiative: Alle Autohersteller machen hohe Verluste, zahlreiche kleine und mittlere Zulieferer sind in Existenznot geraten oder schon ausgeschieden. Bei Branchengrößen wie VW, Mercedes, Bosch, ZF etc. kommen hausgemachte strategische Fehlentscheidungen, die die Schieflage verstärken, hinzu. Im Herbst 2025 beschäftigte die Autoindustrie fast 100.000 Menschen weniger als vor einem Jahr.

Ein Ende ist nicht abzusehen, bei allen automobilen Branchengrößen geht der Personalabbau weiter. Besserung ist nicht in Sicht, die Erwartungen in der Branche sind laut Umfragen sehr trübe.

Der chinesische Markt tendiert immer stärker zu rein chinesischen Elektroautos und hinterlässt bei allen ehemaligen deutschen Marktführern hohe zweistellige Absatzeinbrüche.

Der US-Markt wehrt importierte deutsche Premium-Autos mit hohen Zöllen ab und kehrt überdies verstärkt zu Verbrennern zurück.

In Europa (EU, EFTA, UK) nimmt der BEV-Marktanteil mit wachsendem Modellangebot zwar zu, bis Oktober 2025 liegt er aber immer nicht höher als 18,3 Prozent. Ein starkes Wachstum hingegen weisen jene Verbrennerautos auf, die teilweise elektrifiziert angetrieben werden (Hybride, Plug-In-Hybride, Range Extender). Fast ein Drittel des EU-Marktes entfällt inzwischen auf solche elektrifizierte Fahrzeuge.

Obwohl die Marktdurchdringung mit reinen Elektroautos (BEV) in Europa im statistischen Durchschnitt ähnlich verläuft wie in Deutschland, täuscht diese Parallelität jedoch erheblich.

Der gesamte europäische Markt weist gravierende regionale und nationale Unterschiede zwischen den einzelnen Ländern auf.

Den europäischen Markt für Elektroautos gibt es nicht. Jede EU-Gesamtmarktzahl für den Vormarsch von Elektroautos ist ein künstlicher Durchschnitt, der die Wirklichkeit verzerrt.

Die einzelnen europäischen Volkswirtschaften weisen starke Unterschiede in der Marktdurchdringung von BEVs auf. Die Spanne der Marktanteile von BEV reicht von Spitzenreiter Norwegen mit einer Quote von 95,1 Prozent (2024: 129.000 Neuzulassungen) bis hin zu einer Quote von 5,2 Prozent im viertgrößten europäischen Automobilmarkt Italien (2024: 1,56 Millionen). Europas Schlusslicht bildet die Slowakei mit 4,5 Prozent (2024: 93.000). Frankreich liegt bei 18,9 Prozent, Großbritannien bei 22,4 Prozent. Die Benelux-Staaten erreichen Quoten zwischen 25 bis 35 Prozent.

Auffallend bei der BEV-Marktdurchdringung ist, dass alle kleineren Märkte im nördlichen Europa, wie Dänemark (66,5 %), Schweden (35,5 %) und Finnland (35,7 %) Quoten von über 30 Prozent aufweisen, während in östlichen und südlichen EU-Länder wie Polen (6,4 %), Griechenland (5,7 %), Rumänien (5,3 %), Spanien (8,5 %) die Quoten deutlich unter 10 Prozent bleiben.

Ein einheitliches europäisches Verbrennerverbot ab 2035 ist vor diesem Hintergrund eine Illusion. Die östlichen und südlichen Länder Europas sind nicht in der Lage, auch nur annähernd Mobilitätsgrade mit BEV wie heute mit Verbrennern zu erreichen. Dafür fehlen wesentliche Voraussetzungen.

Die extreme nationale Differenzierung in der Elektromobilität in Europa und die Marktschwäche bei BEVs im Osten und Süden Europas haben drei handfeste Ursachen:

Zum einen die Möglichkeit, die Speicherbatterien mit billigem, nach Möglichkeit „sauberem“ Strom zu betanken. Wobei die Frage der klimafreundlichen Produktion des Stromes für den BEV-Kunden nicht den Ausschlag gibt.

Zum zweiten die regionalen und lokalen Gegebenheiten für den BEV-Käufer, sein Auto überhaupt laden zu können – und dann auch noch nach Möglichkeit komfortabel.

Staatliche finanzielle und sachliche Förder- und Bevorzugungsmaßnahmen für Elektroautos gegenüber Verbrennern. Solche Programme wurden inzwischen in fast allen Ländern wegen der hohe Kosten eingestellt oder stark eingeschränkt, so in Norwegen.

Fakt ist, dass nachhaltig mit Wind und Wasserkraft erzeugte, billige Energie vor allem im Norden Europas reichlich verfügbar ist. Spitzenreiter ist Norwegen. Ebenso bieten eine hohe Wirtschaftskraft bei geringer Bevölkerungsdichte sowie ein hoher Bestand an Eigenheimen mit viel Grundfläche als Basis für eigene Home-Ladepunkte (Wallboxes) gute Voraussetzungen für den Betrieb von Elektroautos.

Vereinfacht gesprochen: Es ist leichter, im menschenleeren Norwegen, wo mehr als die Hälfte der Bevölkerung in Eigenheimen im Großraum Oslo lebt und arbeitet, eine hohe Flotte von Batterie-Elektroautos zu betreiben, als im dichtbesiedelten, antiken Italien mit seiner mittelalterlichen Struktur an engen und verwinkelten Städten und Dörfern, die den Bau von dichten Elektro-Ladenetzen unmöglich machen.

Genau diese Kriterien spiegeln die Statistiken des

europäischen Automobilverbands ACEA sowie jüngste Analysen über die Dichte der Ladennetze

in den europäischen Ländern wider.

Für die flächendeckende Einführung von Elektroautos fehlt nach Analyse der FAZ in halb Europa, nämlich in den Ländern Ost- und Südeuropas, in der die Hälfte der EU-Bevölkerung wohnt, die entscheidende Voraussetzung: die notwendigen Ladesäulen zum Auftanken.

Ost- und Südeuropa verfügt gerade einmal über 20 Prozent von Europas Ladesäulen, sogar nur über 16 Prozent der wirklich schnellen Lader mit mehr als 150 Kilowatt Leistung, die für Langstreckenreisende und Urlauber von Bedeutung sind. Umgekehrt werden in Norwegen inzwischen Benzin- und Diesel-Tankstellen knapp, an denen Touristen ihre Autos betanken können.

Die EU-Daten vom August 2025 weisen beispielsweise für ganz Kroatien 241 dieser schnellen Ladesäulen aus, für ein Land, das mehr als zweimal so groß ist wie das Bundesland Hessen. Mancher deutsche Landkreis ist da besser ausgerüstet, meint die FAZ.

Geradezu grotesk wirkt vor diesem Hintergrund das Festhalten der EU am Verbrenner-Aus und den Regulierungsvorschriften bis 2035. Um die technisch nicht einhaltbaren Vorgaben zur Absenkung der Emmissionsgrenzwerte für den Flottenausstoß neu zugelassener Autos zu erreichen, müssen die Hersteller ihren BEV-Absatz erheblich steigern, um Milliardenstrafen bei Nichteinhaltung zu entgehen.

Aber wie soll das geschehen? Für diesen Mehrabsatz der Elektroautos fehlen in den meisten Ländern die notwendigen Voraussetzungen in Form eines ausgebauten Ladenetzes. Und weil das Ladenetz fehlt, ist völlig einsichtig, dass die Autokäufer in Süd- und Osteuropa keine Lust auf Elektroautos haben, sondern weiter Verbrenner fahren.

In Kurzform: Ohne Ladenetz keine reinen Elektroautos möglich

Ökonomen, die geglaubt haben, die Autohersteller selber würden gegen diese sinnwidrigen EU-Emissionsvorschriften offen opponieren, sahen sich getäuscht. Erst allmählich regt sich Widerstand und man beginnt die Verantwortung für eine gegen den Markt erzwungene Absatzsteigerung von Elektroautos abzulehnen. Allmählich dämmert es den Verantwortlichen, dass sie keine Verantwortung für etwas übernehmen können, was sie selber gar nicht erzwingen können: nämlich den Kunden zum Kauf eines E-Autos zu bewegen.

Und der Kunde verweigert den Kauf, solange er sein Gefährt nicht ähnlich sicher und bequem betanken kann wie bisher seinen Verbrenner. Und der Kunde kann sein E-Auto nicht betanken, weil es kein E-Mobilität-konformes Ladenetz gibt. Und ein Ladenetz gibt es nicht, weil weder die EU-Mitgliedstaaten im Osten und Süden noch die EU selber, weder gestern noch heute, noch in Zukunft in der Lage sein werden, ein adäquates Ladenetz für Massenmobilität wie für den Verbrenner aufzubauen. In Zeiten geopolitischer Spannungen sehen Prioritätenlisten bei den Staatsausgaben anders aus, Ladenetze für E-Autos stehen ziemlich weit hinten.

Das Operieren mit Durchschnittszahlen hilft vor Ort nicht weiter. In Siena, Florenz, Budapest und Carcassonne müssen die Ladepunkte entstehen, nicht auf dem Papier in Brüsseler Amtsstuben. Die Automobilhersteller selber müssen endlich den Mut haben, die Verantwortlichkeiten klarzustellen: Die EU muss den ersten Schritt vor dem zweiten machen. Erst kommt der Ausbau des Ladenetzes. Das ist Sache der EU und deren Mitgliedsländer. Dann, wenn die Voraussetzungen für die Antriebswende geschaffen sind, so wie in Norwegen heute, könnte im zweiten Schritt wieder über Flottengrenzwerte, Verbrenner-Aus oder Strafzahlungen diskutiert werden.

Jede EU-Gesamtmarktzahl über den BEV-Marktanteil heute ist ein unechter, künstlicher Durchschnitt, der die Wirklichkeit verzerrt. In den südlichen und östlichen EU-Ländern sind die Voraussetzungen für eine umfassende Elektromobilität als Massenmarkt nicht möglich.

Elektromobiliät für alle in Europa ist eine Illusion."
"Deutschland, Deine Soldaten",2025-12-09,https://www.tichyseinblick.de/kolumnen/stephans-spitzen/deutschland-deine-soldaten/,Cora Stephan,"Die Politik träumt von Kriegstüchtigkeit, doch Kasernen fehlen, Soldaten fehlen – und nicht unwichtig, vor allem der Grund, wofür junge Männer kämpfen sollen. Zwischen Vaterlandsverlust, Identitätskrise und Führerscheinprämie wird klar, dass die Wehrpflicht Probleme lösen soll, die viel tiefer liegen.","Es ist keine neue Erkenntnis: Ein Land, das sich nicht selbst verteidigen kann, ist nicht souverän. Dass unsere Politiker jetzt erst auf die Idee kommen, man müsse verteidigungs- oder gar kriegsfähig sein, falls der Russe kommt, ist allerdings schlechterdings lächerlich. Dazu ist es längst zu spät.

Woran liegt es? Ich hielt die Aussetzung der Wehrpflicht 2011 für richtig. Die Mobilisierung der männlichen Zivilbevölkerung im amerikanischen Bürgerkrieg und dann im Ersten Weltkrieg hat die Opferzahlen hochgetrieben, ganz im Unterschied zu den Kabinetts- oder Manöverkriegen nach dem 30-jährigen Krieg, in denen gut ausgebildete Armeen kunstvoll versuchten, sich und dem Gegner möglichst wenig Schaden zuzufügen. So ein ausgebildeter Soldat war ja wertvoll – weit wertvoller als Schütze Arsch aus Itzehoe.

Die Verteidiger der Wehrpflicht priesen stets die durch die allgemeine Wehrpflicht gegebene enge Anbindung an die Gesellschaft. Doch war das nicht durchaus zwiespältig? Konnte das nicht auch Militarisierung der Gesellschaft bedeuten? Warum also nicht eine Armee von hochausgebildeten Spezialisten?

Tja. Irgendwer hat da irgendwas versäumt. Eine ausreichend große Berufsarmee gibt es in Deutschland bis heute nicht, jedenfalls nicht in einem Maß, das „kriegstüchtig“ bedeutet. Der Krieg in der Ukraine deutet darauf hin, dass ein konventioneller Krieg in Europa länger dauern kann und zu einem Abnutzungskrieg wird. Außerdem wird die Bundeswehr in den kommenden Jahren militärische Fähigkeiten ersetzen müssen, die derzeit von den USA gestellt werden, sagt

Joachim Krause, der ehemalige Direktor des Instituts für Sicherheitspolitik an der Universität Kiel

und Herausgeber von „SIRIUS“, Zeitschrift für strategische Analysen. Es braucht also genügend Reservisten, sprich: eine Wehrpflicht.

Doch die Wehrpflicht ist ja gar nicht abgeschafft, der damalige Verteidigungsminister Guttenberg hat sie lediglich ausgesetzt. Aber nun fehlt alles, was für eine Rückkehr zum Wehrdienst nötig wäre: etwa die Kreiswehrersatzämter und Kasernen.

Vor allem aber fehlt die Bereitschaft junger Männer, sich auf den Umgang mit dem Militärischen einzulassen. Und vor allem stellt sich ihnen die Frage, wofür sie denn womöglich nicht nur in die Kasernen, sondern sogar in den Krieg ziehen sollten? Fürs Vaterland? Für Schland? Für ein Siedlungsgebiet? Für eine immer größer werdende Bevölkerungsgruppe, die sich mit „Deutschland“ so gar nicht identifiziert und „die Deutschen“ eher verachtet?

Doch das tun sie schon lange selbst, mit stetigem Erfolg. In Deutschland glaubt man weit fester an die britische Propaganda (nicht nur) im Ersten Weltkrieg als die Briten selbst. Wie soll man sich mit einem Gemeinwesen identifizieren, das vor allem als eines von Kriegstreibern und Massenmördern begriffen wird, wie sie in der Schule gelernt haben? Wer will schon dafür sein junges Blut auf dem Schlachtfeld vergießen? Und nein: auch nicht für die Ukraine. „And the Russians love their children too“, wissen wir dank Sting.

Ich bin damit einverstanden, dass mir Inhalte von Youtube angezeigt werden.

Im Übrigen ist eine Armee von Wehrpflichtigen deutlich teurer als eine Berufsarmee, haben das

Deutsche Institut für Wirtschaftsforschung

und das

ifo Institut

ermittelt. Die Bundeswehr mit mehr Personal auszustatten, sei über eine Marktlösung gesamtwirtschaftlich deutlich günstiger als über die Wehrpflicht.

Warum also sind unsere Politiker so verliebt in ein Modell, das einigermaßen aussichtslos erscheint? Träumt man von der „Nation in Waffen“?

Immerhin hat man sich Gedanken darüber gemacht, wie man den Wehrdienst attraktiver gestalten kann: „Er kann künftig mit einer Dauer von sechs bis elf Monaten geleistet werden, wobei die ersten sechs Monate als Probezeit gelten. Die Vergütung wird auf einen Wehrsoldgrundbetrag von mindestens 2.600 Euro brutto für die niedrigsten Dienstgrade angehoben und steigt mit dem Dienstgrad. Wer sich für mindestens ein Jahr verpflichtet, kann zudem einen

Zuschuss für den erstmaligen Erwerb einer Fahrerlaubnis beantragen

. Dieser beträgt bis zu 3.500 Euro für die Klasse B (Pkw) und bis zu 5.000 Euro für die Klassen C oder C1 (Lkw).“

Na bitte!

Im Übrigen, möchte ich hinzufügen und dieses Argument allen ans Herz legen: Ein durch den Wehrdienst disziplinierter junger Mann hat alle möglichen Vorzüge, die ihn auf dem Heiratsmarkt attraktiv machen. Soldaten können nähen, kochen und bügeln. Sie können schwere Lasten tragen, zur Not ihr Essen selbst schießen und ihre Familie beschützen. Nicht nur vorm Russen.

Wer weiß, wann die Debatte auf diesem Niveau enden wird."
Nicht vor meiner Haustür,2025-12-09,https://www.tichyseinblick.de/meinungen/nicht-vor-meiner-haustuer/,Thomas Punzmann,"Ausgerechnet im grünen Kreuzberg protestieren die Grünen jetzt gegen ein Migrantenheim für über 1.000 Menschen. Was jahrelang moralisches Gebot war, wird plötzlich zum Sicherheits- und Kostenproblem. Die grüne Bezirksbürgermeisterin Clara Herrmann schreibt nun einen besorgten Brief an den Regierenden Bürgermeister.","Die Grünen lieben das moralische Pathos, die grenzenlose Humanität, das Willkommen ohne Wenn und Aber. Kurzum, sie lieben das Gute und nach ihrem eigenen Empfinden sind sie die Guten. Sie holen die ganze Welt ins Land, erklären jede Kritik daran zur Unmenschlichkeit und jeden Kritiker zum Rechten, Faschisten und Nazi. Doch die grüne Moral hält exakt bis zur eigenen Haustür. Dann benutzen sie ganz schnell die Argumente von Rechten, Faschisten und Nazis.

Ausgerechnet im Herzen des guten, links-woken und grünen Berlin, in Kreuzberg, regt sich nun Widerstand gegen Migranten. In der Hasenheide soll ein ehemaliges Bürogebäude zur Unterkunft für 200 Millionen Euro für über 1.000 Migranten umgebaut werden. Zehn Etagen, 32.000 Quadratmeter, voll belegt mit den Folgen jener Politik, die die Grünen seit Jahren mit missionarischem Eifer vertreten.

Und plötzlich ist alles ganz anders

Die grüne Bezirksbürgermeisterin Clara Herrmann schreibt nun einen besorgten Brief an den Regierenden Bürgermeister. Eine solche Großunterkunft sei „der falsche Weg für das Zusammenleben in der Stadt“. Man habe nicht genug Schulplätze, keine Kitaplätze, kein Geld für soziale Betreuung. Die Miete sei zu hoch. Außerdem drohten „negative Wechselwirkungen“ mit der Drogenszene im Park und generell mit der kriminellen Szene.

Glaubt die grüne Bezirksbürgermeisterin tatsächlich, dass diese Folgen nur in Kreuzberg auftreten würden und nicht bereits überall die realen Folgen ihre Politik sind?

Jeder dieser Einwände ist natürlich richtig. Und, all diese Argumente sind seit langem bekannt. Doch jeder, der diese Argumente gegen die Masseneinwanderung vorgetragen hat, wurde und wird von Grünen, Linken, der CDU und der SPD als rassistisch, islamophob, xenophob, unmenschlich oder rechtsradikal diffamiert.

Jetzt, da die Folgen nicht mehr abstrakt in irgendeinem „strukturschwachen Landkreis“ auftauchen, sondern im eigenen grünen Wohnzimmer, scheint sich das aber geändert zu haben.

Plötzlich ist Integration nicht mehr nur ein moralischer Imperativ, sondern eine Frage von Platz, Geld, Sicherheit und Belastungsgrenzen. Genau jene Begriffe, die zuvor als unmoralisch galten.

Die grüne Doppelmoral

Die Grünen predigen seit Jahren offene Grenzen, Bleiberecht für alle, keine Abschiebung, großzügige Sozialleistungen und Familiennachzug ohne Begrenzung.

Gefahren und Belastungen wurden von diesem Milieu immer geleugnet.

Und jetzt heißt es plötzlich, die Unterbringung wäre zu teuer, das Heim wäre zu voll, die Belastung für Kreuzberg wäre zu groß. Plötzlich sind Migranten auch noch – was bisher immer grundsätzlich und vehement geleugnet wurde – zu gefährlich, ja sie wären, Vorsicht Rassismus, kriminell.

Willkommen – aber bitte woanders

Solange Migration nicht die Grünen selbst betrifft und nicht nur wirtschaftlich abgehängte Rechtswähler, ist sie ein moralisches Prinzip, von dem keine Jota abgewichen werden kann. Sobald es aber die Grünen selbst betrifft, hört es ganz schnell auf, ein moralisches Prinzip zu sein.

Die Grünen, die jahrelang dafür gesorgt haben, dass immer mehr Menschen nach Deutschland kommen, haben sich über Wohnraum, Infrastruktur und Sicherheit nie Gedanken gemacht beziehungsweise jeden, der das tat, als Faschisten diffamiert. Jetzt sehen auch sie in der Migration nur noch Probleme.

Ganz, ganz besonders schlimm scheint für Frau Herrmann zu sein, dass junge „Geflüchtete“ mit Drogenhändlern in ihrem grünen Paradies in Kontakt kommen könnten.

Schlimm, ganz schlimm."
BASF-Chef sieht keine Deindustrialisierung,2025-12-09,https://www.tichyseinblick.de/wirtschaft/basf-chef-sieht-keine-deindustrialisierung/,Thomas Kolbe,"Im Handelsblatt verspricht BASF-Vorstandschef Markus Kamieth Milliardeninvestitionen am Standort Deutschland. Eine Deindustrialisierung sehe er nicht, so Kamieth, der allerdings für die deutsche Wirtschaft auch im kommenden Jahr kein Wachstum erwartet. Die Hoffnungen der Industrie ruhen wohl auf dem Hochlauf des Militärsektors.","BASF-Vorstandsvorsitzender Markus Kamieth gab im Interview mit dem Handelsblatt seine Sicht auf BASF, die Chemiewirtschaft und den Standort Deutschland zu Papier. Dabei wichen seine Betrachtungen um Längen von dem ab, was wir tagtäglich in der Wirtschaft beobachten.

Kamieth sieht Standortstabilität, wo eine messbare Deindustrialisierung zu massivem Substanzverlust führt

.

Wenn der CEO des deutschen Chemie-Flaggschiffs BASF ein Interview über die allgemeine Lage gibt, lohnt es sich, genau hinzuhören. Was Kamieth im Gespräch mit dem Handelsblatt konkretisierte, ist bemerkenswert: Die

BASF investiere nirgendwo auf der Welt so stark wie am Ludwigshafener Stammsitz

, mehr als in China, so Kamieth.

Diese Aussage weicht bemerkenswert weit von der Realität ab, investierte BASF doch jüngst einen Betrag von 8,7 Milliarden Euro in seinen neuen Verbundstandort im chinesischen Zhanjiang. In Deutschland hingegen wird der Abbau weiter fortgesetzt.

BASF nimmt „Anpassungen“ vor

Bereits 2023 kündigte BASF an, mehrere größere Assets ausgerechnet am Stammsitz und anderen deutschen Schlüsselwerken stillzulegen. Ziel war es, die Fixkosten vor dem Hintergrund des energiepolitischen Desasters zu reduzieren, das den Standort fundamental beschädigt hat.

Regulativer Overkill

Deutsche Chemiebranche vor „Knock-out“ – Auftragsbestand so niedrig wie vor 30 Jahren

Das Jahr 2023 war das Jahr der Wahrheit für die Chemiebranche. Es war das Jahr, in dem klar wurde, dass sich der Abwärtstrend nach dem Produktionshöhepunkt im Jahr 2018 in Deutschland nicht mehr umkehren würde. Hoffnung auf eine Energiewende zurück zu einem marktwirtschaftlichen Design, um langfristig die überhohen Kosten wieder in den Griff zu bekommen, waren ebenso wie ein mögliches Ende der Regulierungsarbeit Brüssels zu diesem Zeitpunkt bereits ad acta gelegt.

Und so kam es, wie es kommen musste. Im Februar 2023 begann die systematische Reduzierung der Aktivitäten von BASF am deutschen Standort. Vor allem in Ludwigshafen wurden erstmals 700 Stellen abgebaut. Mehrere Anlagen, darunter eine Ammoniak-Anlage, Caprolactam und diverse chemische Produktionen, wurden geschlossen.

Konsequenter Rückzug

Damit war der Kurs vorgezeichnet. In den folgenden Monaten kündigte BASF weitere Umstrukturierungen an, die tief in das industrielle Gefüge Deutschlands schnitten. 2024 folgte die Entscheidung, die Produktion des Herbizids Glufosinat-Ammonium an den Standorten Frankfurt-Höchst und Knapsack einzustellen – rund 300 Arbeitsplätze waren betroffen.

„Made for Germany“ ist Geschichte

Covestro in den Wellen des Ausverkaufs

Ebenfalls in Ludwigshafen wurden die Adipinsäure-, Cyclododecanon- und Cyclopentanon-Anlagen zur Stilllegung vorbereitet, ein weiterer Baustein im Rückbau energieaufwändiger Wertschöpfung.

Auch im laufenden Jahr hielt das BASF-Management an der Schrumpfungsstrategie fest. In Schwarzheide wurden Kapazitäten eingedampft, knapp 50 Mitarbeiter sollen durch interne Regelungen neue Arbeit finden werden. Am Düsseldorfer Standort, einst ein Aushängeschild für Inhaltsstoffe für kosmetische Produkte, stehen über 100 Stellen vor dem Aus. Parallel bereitet der Konzern die Schließung seiner Hydrosulfit-Anlage in Ludwigshafen vor. Die Summe all dieser Maßnahmen zeigt: Die BASF folgt einer strategischen Neuausrichtung – und ein Fanal für die gesamte deutsche Chemieindustrie.

Warten auf die nächste Subventionsrunde

BASF steht beispielhaft für den dramatischen Absturz der gesamten Branche. Mit einem Umsatzrückgang von etwa einem Drittel seit 2022 ist der Konzern kein Einzelfall, sondern Symptom eines tieferliegenden Strukturproblems. Die chemische Industrie arbeitet heute mit einer Kapazitätsauslastung von etwa 70 Prozent und erreicht damit in vielen Teilbereichen nicht einmal mehr den notwendigen Breakeven.

Im Innenraum des Öko-Desasters

Von Leiterplatten und Zentralplanern

Am Standort Deutschland lässt sich unter den Bedingungen der anhaltenden Energiekostenkrise und der immer weiter wuchernden Klimaregulierung eine industrielle Produktion kaum noch wettbewerbsfähig organisieren.

Gerade vor diesem Hintergrund sind die Äußerungen vom BASF-Chef mit größter Vorsicht zu betrachten. Die Lage ist deutlich schlechter, als er sie im Handelsblatt-Interview beschrieb. Sein Hinweis, dass auch 2026 in Deutschland nicht mit Wachstum zu rechnen sei, macht klar, dass er in weiten Teilen des Gesprächs zweckoptimistisch argumentierte. Denn zwischen den Zeilen zeigt sich: Die Substanz schrumpft – und dieser Prozess ist bestens dokumentiert in den Insolvenzstatistiken und im Netto-Kapitalabfluss.

Letzte Hoffnung Kriegswirtschaft

Es ist sehr wahrscheinlich, dass große Teile der deutschen Industrie längst auf die Umsetzung des Schuldenpakets der Bundesregierung warten. Die Frage steht im Raum, ob der politisch vorangetriebene Aufbau einer deutschen Kriegswirtschaft – finanziert über neue Staatsschulden, Sondervermögen und Ausnahmetatbestände – nun als Rettungsanker und Wachstumsersatz dienen soll.

Gewerkschaften konsequent auf Klimakurs

Zwischen Absturz der Industrie und grüner Gesinnungstreue

Und tatsächlich: Für den

Oktober meldete die deutsche Industrie einen Auftragsanstieg zum Vormonat um 1,5 Prozent, wobei ein großer Rüstungsauftrag im Bereich des „Sonstigen Fahrzeugbaus“ (Flugzeuge, Schiffe, Militärfahrzeuge) die Statistik vor einem neuerlichen Absturz bewahrte

.

Entsteht hier die nächste Subventionsbrache neben dem Klimakomplex? Ein künstlich aufgepumpter Sektor, der am tatsächlichen Bedarf der Menschen vorbeiproduziert und lediglich dort, wo dies technologisch möglich ist, freigewordene Kapazitäten füllt, um der Bundesregierung statistisch-argumentatives Futter im Kampf gegen den Verfall zu liefern?

Zurück bleiben Subventionsruinen, höhere Staatsschulden, steigende Abgabenlasten und ein weiterer Rückgang der wirtschaftlichen Produktivität. Deutschland vertraut längst nicht mehr auf die Kraft der Marktwirtschaft. Stattdessen setzt die Politik nahezu ausschließlich auf zentral geplante Wirtschaftsbereiche, um kurzfristig die Fassade eines kollabierenden Industriekomplexes zu stabilisieren.

Kamieth hätte darauf hinweisen müssen, dass auch er sich von der Bereichsausnahme „Rüstung“ einen positiven Impuls verspricht. Es gilt, sich frühzeitig zu positionieren, um von der neuen Subventionswelle zu partizipieren, die sich derzeit über das Land ergießt – und die einen statistischen, aber wirtschaftlich unbedeutenden Wachstumsimpuls erzeugen wird.

Signal aus Brasilien

Der pathetisch-alarmistische Klimagipfel COP30 in Brasilien dürfte die Chefetagen internationaler Konzerne wie BASF in ihrer Strategie bestätigt haben: Die Europäer sind mit dem Versuch gescheitert, die Net-Zero-Politik global institutionell zu verankern. Nun gilt es, Kapital so umzusteuern, dass es in wachstumsfreundlichen Regionen höhere Erträge einbringt – und Deutschland zählt unwidersprochen nicht länger dazu, ganz gleich, was Kamieth mit seinem Ludwigshafener Stammsitz plant.

Die großen Volkswirtschaften – allen voran die USA, China, Indien, aber auch Russland – setzen unbeirrt auf ihre eigene Grundstoffindustrie, ihre eigenen Ressourcen und auf Kooperationen, die ihnen geopolitisch und wirtschaftlich nutzen. China etwa kombiniert strategische Rohstoffpartnerschaften mit Atomkraft, Öl und Gas, während erneuerbare Energien nur dort ergänzt werden, wo sie marktwirtschaftlich rentabel zum Einsatz kommen können.

Vor diesem Hintergrund erscheint klar, wohin die Reise für BASF geht: Die Wachstumschancen liegen im außereuropäischen Ausland – dort, wo Energiepreise, Regulierung und Industriepolitik noch den Aufbau wettbewerbsfähiger Produktion zulassen. Genau diese Verschiebung im strategischen Schwerpunkt hätte Kamieth offen benennen müssen. Doch im Handelsblatt-Interview blieb er diese Klarheit schuldig."
Polen verbietet die Kommunistische Partei,2025-12-09,https://www.tichyseinblick.de/kolumnen/aus-aller-welt/polen-verbietet-die-kommunistische-partei/,Alexander Heiden,"Polens oberste Richter haben entschieden, dass die Ziele der „Komunistyczna Partia Polski“ nicht mit der Verfassung des Landes zu vereinbaren sind. Auf den ersten Blick könnte man sich darüber freuen. Auf den zweiten nicht mehr.","Das Urteil ist einstimmig: Das polnische Verfassungsgericht hat entschieden, dass die Kommunistische Partei des Landes (KPP) verfassungswidrig ist. Jetzt wird die KPP aus dem Parteienregister gelöscht, die Organisation wird aufgelöst und gilt ab sofort als illegal.

Die Partei propagiere in ihrem Programm totalitäre kommunistische Methoden und schließe die Anwendung von Gewalt zum Zweck der Machterlangung nicht aus, heißt es in der Urteilsbegründung.

So plausibel dieser Teil ist, so schwierig wird das Urteil an anderen Stellen. Denn Polens Verfassungsrichter werfen der KPP auch deren Geschichtsverständnis vor. Wörtlich heißt es unter anderem: „Im Rechtsstaat der Republik Polen gibt es keinen Platz für eine Partei, die Kriminelle und kommunistische Regime glorifiziert, die für den Tod von Millionen Menschen verantwortlich sind.“

Vor allem wird der Partei vorgeworfen, sich selbst historisch auf die Kommunistische Partei Polens in der Zeit vor dem Zweiten Weltkrieg zu beziehen. Die KPP verherrliche zudem den sowjetischen Angriff auf Polen im Jahr 1920 und relativiere die Morde und Zerstörungen durch Kommunisten. Die Opfer beispielsweise des berüchtigten Massakers von Katyn würden als „Bourgeoisie“ oder „Agenten des repressiven Staates“ diffamiert.

Genau hier beginnen beim Beobachter die Bauchschmerzen.

Damit wir uns nicht missverstehen: Der Kommunismus hat weltweit so viele Menschenleben gekostet wie keine andere Ideologie. Historiker schätzen die Zahl der Opfer auf etwa 100 Millionen: durch Kriege, Folter, Hunger, Völkermord, Gulags. Für die frühere Geschäftsführerin der „Victims of Communism Memorial Foundation“, Marion Smith, hat sich der Kommunismus „als die historisch gefährlichste Ideologie erwiesen“ – verheerender noch als der Nationalsozialismus.

Und im Gegensatz zu den Nazis haben sich Kommunisten nie in so etwas wie den Nürnberger Prozessen für ihre Gräueltaten verantworten müssen. Ganz im Gegenteil: Bei uns stützt sich Friedrich Merz – der mit großer Sicherheit schlechteste Kanzler, den Deutschland jemals hatte – im Bundestag inzwischen ganz ungeniert auf die mehrfach umbenannten Nachfahren der SED-Mauerschützen, weil ihm seine eigenen Truppen allmählich von der Fahne gehen.

Wenn Polens KP das historische Desaster, das Kommunisten weltweit angerichtet haben, nun irgendwie auf positiv drehen oder auch ganz leugnen will, dann ist das ohne Zweifel widerwärtig. Oder ungebildet. Oder dumm. Oder alles zusammen.

Aber darf das ernsthaft reichen, um eine Partei zu verbieten und aus dem demokratischen Wettbewerb zu entfernen?

Die KPP weist die Vorwürfe zurück und bezeichnet das Urteil als politisch motiviert. Mehrere kommunistische Bruder- und Schwesterparteien im Ausland bewerten das Verbot als Beschneidung der politischen Freiheit. Auch wenn man nun wirklich nicht den Hauch von Restsympathie für den Kommunismus im Allgemeinen und für die polnischen Kommunisten im Besonderen hat, kann man dieses Argument kaum einfach beiseite wischen.

In der EU machen bekanntlich vor allem die schlechtesten Beispiele am schnellsten Schule. Mit den Begründungen, die Polens oberste Richter gerade geliefert haben, lassen sich auch anderswo Parteiverbote künftig leichter rechtfertigen.

Warschau hat in der EU einen Präzedenzfall geschaffen. Und das ist keine gute Nachricht."
Neues Selbstbewusstsein: Ist der Konservatismus doch noch zu retten?,2025-12-09,https://www.tichyseinblick.de/kolumnen/aus-aller-welt/selbstbewusster-konservatismus/,Anna Diouf,"Die Zeit der harmlosen Höflichkeit ist vorbei. Das jedenfalls ist das Signal, das von einer Konferenz des MCC in Brüssel ausgeht. Ob es sich um Wunschdenken oder einen echten Aufbruch handelt, wird sich über kurz oder lang erweisen.","„Die Wahrheit ist wie ein Löwe. Man muss sie nicht verteidigen. Lass sie los, und sie wird sich selbst verteidigen“, zitiert die Politologin Monika Bartoszewicz den heiligen Augustinus und setzt nach: „Release the lions!“. Es wird nicht das letzte Mal sein, dass auf dieser Konferenz Worte des Kirchenlehrers erklingen.

Unter dem Titel

Battle for the Soul of Europe

hatte das

Mathias Corvinus Collegium Brussels

in die belgische Hauptstadt geladen, um angesichts der Krise, die sowohl die Europäische Union als auch den gesamten Kontinent erfasst hat, Lösungsansätze zu entwickeln.

Ungewohnte Töne

Aus deutscher Perspektive überrascht, mit welcher Selbstverständlichkeit „Konservatismus“ hier seinen Platz unter den politischen Ausrichtungen einforderte. Und zwar nicht als Mahner und Warner, sondern als Problemlöser.

Denn „klassischer“ Konservatismus kann hierzulande als tot gelten. Und das liegt nicht nur an dem Linksruck, der sich unter Angela Merkel vollzogen hat. Wäre die Partei nicht bereits vorher von ihrem Wesenskern abgerückt, wäre eine Neupositionierung in dieser Radikalität kaum möglich gewesen.

Die AfD, die als Fundamentalopposition unzufriedene Wähler aller Lager anzieht, ist in ihrem Wesen keineswegs konservativ, auch wenn sie nach wie vor heimatlos gewordenen Christdemokraten Unterschlupf bietet. Die Partei vereint unterschiedlichste und teils unvereinbare politische Überzeugungen, derzeit noch ausreichend konsolidiert durch den Druck, der von außen auf sie einwirkt.

Doch als „bewahrende“ Haltung steht Konservatismus „revolutionären“ politischen Akteuren entgegen, gleich, ob diese „linke“ oder „rechte“ Politik verfolgen. Daher besteht zwischen ihm und den Hauptprotagonisten der AfD (und das Um- und Vorfeld betreffend) ein weltanschaulicher Konflikt, der weit tiefer reicht als Übereinstimmung in inhaltlichen Fragen.

Konservatismus – doch noch nicht tot?

Im neurechten Spektrum betrachtet man Konservatismus dementsprechend als nicht radikal genug, um das Ruder herumzureißen.

Die Botschaft, die von der

Battle for the Soul of Europe

ausgeht, ist eine vollkommen andere: Dass Konservatismus sehr wohl adäquat sei, um die Krise zu beheben. Vorausgesetzt, er bekennt sich zu sich selbst – und zur Wahrheit, an der er sich auszurichten hat.

„Habt keine Angst!“, ist dementsprechend ein immer wieder geäußerter Satz auf der Tagung: Hier versicherten sich konservative Denker, Politiker und Aktivisten des Umschwungs und Aufbruchs, der in konservativen Kreisen wahrgenommen wird – trotz oder gerade wegen der Bemühungen von linker und woker Seite, nichtlinke Stimmen zu marginalisieren.

Selbstwahrnehmung und Fremdzuschreibung

In dem Aufruf zur Furchtlosigkeit kommt ein Paradox zum Vorschein, das überwunden werden muss, will der Konservatismus wieder zur prägenden und proaktiven Kraft in Europa werden: Während zu schwersten Gewalttaten bereite linke und woke Aktivisten ihren Hass als Kampf für Gerechtigkeit verbrämen, diskreditieren diese destruktiven Kräfte Konservative, oder besser gesagt: jeden, der nicht links ist, indem sie ihnen all das unterschieben, dessen sie sich selbst schuldig machen.

Doch die wenigsten Nichtlinken finden sich wieder in dem Zerrbild, das von ihnen gezeichnet wird: fremdenfeindlich, rassistisch, misogyn, von zahlreichen „Phobien“ geplagt, rückständig?

Eingeschüchtert von solchen Vorwürfen ist seit mittlerweile knapp zwei Jahrzehnten die übliche Reaktion, sich zurückziehen und in höflicher Harmlosigkeit zu üben. Nicht nur, um sich aus der Schusslinie zu manövrieren, sondern auch, um sich zu beweisen, dass man nicht jenes faschistoide Monster ist, als das man dargestellt wird.

Diese Strategie bewirkt lediglich, dass sich der Debattenraum auf wenige Quadratzentimeter verengt. Doch das soll sich ändern – jedenfalls wenn es nach den Rednern der

Battle for the Soul of Europe

geht.

Das freundliche Antlitz des Konservatismus

Der Publizist Francesco Giubilei brachte in seinem Impulsvortrag die Diskrepanz zwischen konservativer Befindlichkeit und, wie sie dargestellt wird, zum Ausdruck:

„Man sagt, Konservative seien gegen Kultur, aber im 20. Jahrhundert gab es Dutzende konservative Schriftsteller, Denker und Philosophen. Man sagt, Konservative kümmerten sich nicht um die Umwelt, aber der Ruf nach ihrer Bewahrung gehört zu den wichtigen Anliegen in der konservativen Welt. Man sagt, Konservative gäben Frauen keinen Raum, aber einige der bedeutendsten Politikerinnen sind Konservative (…). Doch die vielleicht größte Falschinformation über den Konservatismus ist, dass wir gegen Europa seien.“

Es scheint, als müssten Nichtlinke in Europa die Zuschreibungen, die auf sie projiziert werden, erst einmal abschütteln. Dieser Prozess scheint nun vor allem in einer jungen Generation Konservativer in eine Phase überzugehen, in der Mut und Kraft ausreichen, um aus einer unwirksamen Defensive sowohl in eine effektive Abwehrhaltung zu kommen, als auch darüber hinaus eine positive Standortbestimmung vorzunehmen:

„Die Linken stehen für Zensur, wir verteidigen Freiheit. Wo die Linke Verzweiflung sät (…), bringen wir Hoffnung. Sie sagen, sie stünden für Liebe, aber in Wirklichkeit verbreiten sie Hass. Sie hassen die Familie, die Religion, sie hassen Europa, sie hassen die Sprache – alles, worauf wir gegründet sind. Wir hingegen stehen auf der Seite der Liebe. Wir verteidigen die Familie, sie die Einsamkeit des Individuums. Wir stehen auf der Seite der Freiheit“,

so Édouard Bina, einer der Redner, die junge Konservative repräsentierten, die auch im Plenum zahlreich vertreten waren.

Eine junge Generation: Renaissance des Wahrheitsbegriffs

Eines der aussagekräftigsten Panels der Konferenz war denn auch jenes, das jungen Erwachsenen ein Forum bot. Einer Generation, die sich erfolgreich durch linksdominierte Universitäten gekämpft hat: Sie sei froh, in dieser Runde „Sehr geehrte Damen und Herren“ sagen zu dürfen, ließ Daria Malec verlauten. Denn vor einigen Jahren, als sie an der Universität Warschau studierte, hätte dort die offizielle Anrede „Liebe Personen“ gelautet, so die junge Polin. Eine portugiesische Jurastudentin sah ihre Generation als Opfer postmoderner Jakobiner: Diese würden sich keiner herkömmlichen, sondern einer „sozialen Guillotine“ bedienen und Angst verbreiten: Angst vor Isolation, öffentlicher Demütigung.

Von Larmoyanz und Stagnation war indes nichts zu spüren. Sara Silva, die diese Worte mit sich vor Enthusiasmus überschlagender Stimme in den Raum schleuderte, ist Mitbegründerin einer studentischen Initiative mit dem unmissverständlichen Namen „Kreuzzug“. Augustinus wurde auch in dieser Runde zitiert, das Bekenntnis zu Jesus Christus und zum christlichen Glauben als Fundament Europas ohne Zögern vorgebracht. Hier entschuldigte sich niemand mehr. Nicht für den Glauben, nicht für die eigene Meinung, nicht für die politische Überzeugung.

Dies steht nicht nur für Kampfbereitschaft im Hinblick auf Cancel Culture. Neben Freiheit und Furchtlosigkeit war ein bestimmendes Motiv der gesamten Konferenz die „Wahrheit“. Dies deutet auf einen grundsätzlichen Bruch mit Moderne und Postmoderne und dem von ihr genährten Relativismus: Nicht der Erfolg einer mehr oder minder beliebig konstruierbaren politischen Agenda ist das letztendliche Ziel, sondern die Ausrichtung dieser Agenda an der Wirklichkeit.

Ein solches Verständnis betrachtet „Wahrheit“ nicht als Instrument, um Andersdenkende aus dem Diskurs auszuschließen, sondern als Gegenstand, um dessentwillen Diskurs überhaupt betrieben wird. Die „soziale Guillotine“ soll zerstört, nicht gegen andere in Stellung gebracht werden.

Harter Tobak für jene revolutionär-umstürzlerischen Kreise rechts der Mitte, die ihrerseits lediglich Meinungshegemonie unter veränderten Vorzeichen anstreben, und zudem eine Ansage an den bestimmenden Einfluss von Relativismus und Konstruktivismus: Beides ist auch unter Konservativen verbreitet.

Kein Wunder also, dass der Ruf nach der Wiederausrichtung an einer (transzendenten) Wahrheit und Wirklichkeit nicht unwidersprochen blieb. Bemerkenswert allerdings, wie unerschrocken und unverkrampft dieser Ruf ertönte – mit einer Unverblümtheit, wie sie jedenfalls im deutschsprachigen Raum weitgehend unbekannt ist.

Auf der

Battle for the Soul of Europe

präsentierte sich damit ein konservatives Selbstverständnis, das Opportunismus ablehnt, Selbstverzwergung und Selbstaufgabe den Kampf ansagt und damit beansprucht, sich nicht mehr unbesehen Prämissen anderer oktryoieren zu lassen. Kann sich diese Haltung durchsetzen, wäre eine Renaissance des Konservatismus in Europa kein Ding der Unmöglichkeit."
Die EU reguliert jetzt sogar Töne,2025-12-09,https://www.tichyseinblick.de/meinungen/die-eu-reguliert-jetzt-sogar-toene/,Alexander Heiden,"Zurückbleiben, bitte!: Die Ansage des Stationsvorstehers ist längst Geschichte. In Ermangelung von Personal auf den Bahnhöfen zeigen jetzt Warntöne an, wenn sich die Türen schließen. Und die, sagt Brüssel, müssen alle gleich klingen.","Die EU, das hat einmal ein kluger Mensch gesagt, ist eine Vorschriften-Fabrik. Sie produziert Regeln für alles und jeden: für Tomaten ebenso wie für historische Paternoster und für Kondome.

Mit dem Ergebnis, dass die Tomaten wegen der Holländer nach Wasser schmecken, die historischen Paternoster wegen der Griechen gar nicht mehr fahren dürfen und die Kondome wegen der Italiener zu klein sind.

Für einen echten Eurokraten wird es trotzdem verständlicherweise irgendwann zu langweilig, immer nur Dinge zu regulieren, die man anfassen kann. Folgerichtig haben sich die bestens bezahlten Brüsseler Beamten einem bei staatlichen Eingriffen bisher viel zu wenig beachteten Gebiet zugewandt. Jetzt kümmern sie sich auch um Dinge, die man nicht anfassen kann.

Konkret: um Geräusche.

Und wie immer, wenn die imperialen EU-Sturmtruppen die jeweils neueste Ausgeburt ihrer Regelungswut irgendwie bemänteln wollen, wird auch in diesem Fall ein scheinbar guter Zweck vorgeschoben. Im EU-Sound, also in der bürgerfernsten aller Sprachen, heißt das in unvergleichlicher Schlichtheit so:

„EU-Verordnung über die technischen Spezifikationen für die Interoperabilität bezüglich der Zugänglichkeit des Eisenbahnsystems der Union für Menschen mit Behinderung und Menschen mit eingeschränkter Mobilität“

Das ist nun erkennbar etwas sperrig, bei aller Liebe und allem Verständnis für Verwaltungsmitarbeiter mit ihrem bekannten Hang zu juristischen Wortmonstern. Da es in besagter Verordnung auf 87 Seiten um die Barrierefreiheit von Zügen in der Europäischen Union geht, hat sich die Bahnbranche der Einfachheit halber auf eine Abkürzung verständigt:

TSI PRM

.

Den Rechtstext hat die EU-Kommission schon im Jahr 2014 beschlossen. Damals hat sich bei uns kaum jemand darum gekümmert, denn die neuen Vorschriften galten nur für neue Bahnzüge. Die alten Waggons haben Bestandsschutz. Doch seit 2021 erneuern die Verkehrsbetriebe überall in Deutschland verstärkt ihre veralteten Fuhrparks, seit 2025 ist das ein regelrechter Massenaustausch.

Und nun fällt immer mehr Bürgern auf, dass unsere S- und U-Bahnen plötzlich ganz andere Töne von sich geben.

Es geht um die Warntöne, die erklingen, wenn sich die Türen automatisch schließen. Für Neufahrzeuge schreibt die EU-Verordnung als Türschließgeräusch ein schnell pulsierendes Signal vor, genauer: mit sechs bis zehn Impulsen pro Sekunde. Auch Frequenz und Lautstärke sind definiert.

Hier zeigt sich wieder: Es gibt eine theoretische EU und eine real existierende.

In der theoretischen EU gilt das sogenannte „Subsidiaritätsprinzip“. Artikel 5 Absatz 3 des Vertrags über die Europäische Union (EUV) legt fest, dass die EU nur dann tätig wird, wenn Ziele auf Unionsebene besser erreicht werden können als auf nationaler Ebene. Das soll die Einmischung der Brüsseler Zentrale in nationale Angelegenheiten beschränken und sicherstellen, dass Entscheidungen bürgernah getroffen werden.

In der real existierenden EU werden die Signalwarntöne in allen Bahnzügen in allen Mitgliedsstaaten festgelegt. Wo kämen wir da hin, wenn das nicht vereinheitlicht wäre?

Und so verschwinden Töne, die Millionen Berufspendler vermutlich so oft hören wie kein anderes Geräusch. Manche haben es zu mindestens zum Kulturgut geschafft, manchmal sogar zum Kult: Zum Beispiel das

akustische Warnsignal

, wenn sich Türen bei der Berliner S-Bahn schließen – ein Zweiklang aus den Tönen G, H und G.

Der Berliner DJ Paul Kalkbrenner hat diesen S-Bahn-Sound im Jahr 2008 dann sogar international bekannt gemacht, als er das Türgeräusch in seinem Song „Train“ für den erfolgreichen Techno-Film „Berlin Calling“ sampelt.

Ich bin damit einverstanden, dass mir Inhalte von Youtube angezeigt werden.

Doch Welthit hin, Tradition her: Die Eurokraten haben anderes im Sinn. Ein Warnton ist ein Warnton, der darf offenbar auf keinen Fall irgendwie melodisch sein. Deshalb müssen sich nun auch die Türen der Berliner S-Bahn mit demselben Geräusch schließen wie überall in Europa. Das hört sich so an:

Ich bin damit einverstanden, dass mir Inhalte von Youtube angezeigt werden.

Da stellt sich doch jedermann sofort die Frage: Was würden wir nur machen, ohne diese EU?"
Bauer schlägt Kanzler – ARD geht mit Propaganda baden,2025-12-09,https://www.tichyseinblick.de/feuilleton/medien/ard-geht-mit-propaganda-baden/,Mario Thurnes,"Die ARD hat alles eingerichtet, um Friedrich Merz ein Forum zu bieten, in dem er seine Politik feiern kann. Das ist gründlich schiefgegangen. Die Zuschauer sehen lieber „Bauer sucht Frau“ als den deutschen Kanzler.","Das Staatsfernsehen der DDR hat einst attraktive Spielfilme vor den Schwarzen Kanal gesetzt, damit danach ein wenig Zuschauer vor der Propaganda-Schleuder sitzen bleiben. Das Staatsfernsehen der BRD bietet dem Kanzler ebenfalls ein Forum, das beste Quoten möglich machen sollte: ein Montagabend. Einer der wenigen, an denen weder Bundesliga noch Champions League gespielt wird – im Dezember bei erwartbar schlechtem Wetter.

Im zweiten deutschen Staatsfernsehen lief als Konkurrenz der Film „Gar kein Geld macht auch nicht glücklich“: Eine Frau will einen Plagiatvorwurf beweisen, bricht beim Plagiator ein, wird erwischt und muss für fünf Jahre in den Knast. „Dummen Figuren möchte ich nicht folgen“, hat der Literaturpapst Marcel Reich-Ranicki einst gesagt. Das ZDF hat ihn am Montag bestätigt. Nur 3 Millionen Zuschauer wollten das sehen. Das ist der Restbestand, den das ZDF um 20.15 Uhr immer hat. Menschen, die sich zum Sterben vor den Fernseher zurückgezogen haben.

Also hatte die ARD leichtes Spiel, mit der „Arena“ den Tagessieg um 20.15 Uhr einzufahren. Mit einem Talk, in dem zufällig ausgesuchte „Bürger“ dem Kanzler Fragen stellen können. Wobei der OERR-Blog dann im Anschluss die Information nachliefert, die das Staatsfernsehen weglässt: In welcher Partei, die zufällig ausgesuchten Bürger sind. In der Regel Grüne, Linke, Grüne, SPD oder Grüne, manchmal sogar Grüne. 3,25 Millionen Zuschauer wollten das sehen. Das reichte nicht zum Tagessieg in der wichtigen „20.15 Uhr“-Schiene.

Dieser Tagessieg geht eigentlich immer an das erste und zweite Staatsfernsehen. RTL und Sat1 können in diese Phalanx höchstens dann einschlagen, wenn sie Live-Fußball zeigen. Doch dieses Mal erreicht „Bauer sucht Frau“ auf RTL 3,3 Millionen Zuschauer. Die Zuschauer flohen also vor den Öffentlich-Rechtlichen zu den paarungswilligen Landwirten. Vielleicht hätte Friedrich Merz für sein Arena-Format auch etwas mehr erotisches Kribbeln gebraucht: etwa Lars Klingbeil an seiner Seite. Devote Liebe. Das „Fifty Shades of Grey“ der Bundespolitik.

Doch für die ARD ging es nach Merz noch weiter bergab. Nicht nur mit der Quote. Danach lief „Die 100 – Was Deutschland bewegt“. 2,4 Millionen Zuschauer um 21.15 Uhr. Das Staatsfernsehen wollte eine Stunde lang sagen, wie gut es hierzulande läuft. Das ist nötig, das macht sonst keiner mehr. So feierte Moderatorin Anna Planken, dass es in Deutschland ein „Investitionspaket“ über 500 Milliarden Euro gibt. Jeder Journalist mit Restanstand hätte darauf hingewiesen, dass Merz und Klingbeil dieses Paket mit Schulden bezahlen.

Für das Format hat sich die ARD 100 handverlesene und auf Gesinnung getestete „Bürger“ eingeladen. Selbst die folgten Planken mit ungläubigen Staunen. ARD ist, wenn nicht mal mehr Jubelperser jubeln wollen. Selbst nicht nach der Anfeuerung durch „Schlandi“. Einer Hilfskraft, die das Staatsfernsehen in ein Zottelfell gesteckt hat. Als solche kannst du aber immer noch seriös, kompetent und sachkundig wirken – du musst nur Anna Planken daneben stellen. Da sieht jeder gut aus.

Etwas wie „Schlandi“ kommt dabei raus, wenn eine ARD-Programmkonferenz meint, „etwas für die Jüngeren“ tun zu müssen. Hat nicht funktioniert. 290.000 Zuschauer unter 50 Jahren wollten die Propaganda-Show sehen. Weniger als „Ralf, der Bauernreporter“ (RTL), „Hartes Deutschland“ (RTL2), „Der letzte Bulle (Sat1) oder „Die Höhle der Löwen (Vox). 6,5 Prozent Marktanteil. 6,5 Prozent. So viel erreicht das Staatsfernsehen, wenn es Schulden- und Rentenpakete feiert – in der Generation, die das alles mal bezahlen muss. ARD und ZDF sind nur noch etwas für die, die nicht wissen, wie sie die Zeit bis zu ihrer Beerdigung totschlagen können."
Der lange Schatten des Konzils,2025-12-09,https://www.tichyseinblick.de/meinungen/der-lange-schatten-des-konzils/,Marco Gallina,"Zwischen „Bruch“ und „Kontinuität“ ringt die Kirche 60 Jahre nach Vaticanum II härter denn je um ihr Selbstverständnis – und um die Frage, ob Reform Rettung bedeutet oder Ursache der Krise ist.","60 Jahre liegt das Ende des Zweiten Vatikanischen Konzils zurück. Dass ein solches Jubiläum Aufmerksamkeit erregt, hängt damit zusammen, dass es noch zahlreiche Zeitzeugen gibt – weniger als Teilnehmer, denn als Zuschauer und Leser dieses weltweit verfolgten Medienereignisses. Würde die Presse den Schluss des Ersten Vatikanischen Konzils in derselben Weise aufziehen? Oder gar des Trienter Konzils?

Mit dem Wegsterben der Gestalter und Teilnehmer des 2. Vatikanums liegt die Interpretation der Beschlüsse in der Hand der Nachfolger. Das Ringen um die Deutungshoheit geht dabei schon seit dem Pontifikat von Papst Franziskus in eine neue Runde. Mit Papst Benedikt saß ein Gelehrter auf dem Thron, der das Konzil selbst miterlebt und theologisch begleitet wie geprägt hatte.

Der Versuch, das Konzil als eigentliche Zäsur der katholischen Geschichte einzuordnen – das Ende des „mittelalterlichen“ Papsttums datiert demnach auf das Jahr 1965 – war zwar allzeit virulent. Eine ganze Reihe von Theologen und Intellektuellen, die einen „zeitgemäßen“ Katholizismus wünschten, sahen sich bereits als Zeitzeugen von Demokratisierung, von Partizipation und progressiven Reformen im Sinne einer materialistischen Weltanschauung, wie sie die Aufklärung eingeführt hatte. Sie interpretierten die Texte jeweils in ihrem Sinne.

Diese „Hermeneutik des Bruchs“ will die 1900 Jahre Kirchengeschichte zuvor als „überwunden“ ansehen. Für sie ist die Kirche nach 1965 etwas Neues, das sich aus der Vergangenheit gelöst hat. Alles kann zur Debatte stehen: selbst die Auferstehung oder die Jungfrauengeburt. Ähnlich wie die frühen Protestanten postulieren sie eine Rückkehr zur wahren, reinen Urkirche. Paradoxerweise verwirft sie religiösen „Fundamentalismus“, obwohl diese Anschauung deutlich fundamentalistischer ist als der Verweis auf die Geschichte, Tradition und Entwicklung der Una Sancta.

Benedikt XVI. hat allein durch seine Person und seine Gelehrsamkeit diese Ideologie im Zaum gehalten. Nicht die „Hermeneutik des Bruchs“, sondern die Kontinuität stand im Zentrum seiner Überlegungen. 1965 ist nichts aufgebrochen und nichts Neues entstanden. Die Kirche antwortet auf die Herausforderungen der Zeit. Das 2. Vatikanische Konzil ist nicht „das“ Konzil – so, wie es auch heute in den Medien postuliert wird – sondern eines, das sich in die Reihe der vielen Konzilien zuvor stellt. Konzilien ergänzen einander.

Neben der liberalen und der konservativen Deutung steht die traditionelle. Demnach hat das 2. Vatikanische Konzil mit seinen vagen Formulierungen, seiner rigorosen Liturgiereform und der Aufhebung von Traditionen tatsächlich für eine Verwirrung gesorgt, die die Autorität Roms und den Glauben des Volkes geschwächt hat. Das Konzil war nicht Ausweg, sondern Einbahnstraße in die gegenwärtige Krise. Die Positionen reichen von Kritik an der Liturgiereform bis hin zur völligen Negierung des Konzils.

Bemerkenswert ist, dass das liberale wie das traditionelle Lager sich in der Bruch-These einig sind. Diese Interpretation ist heute entscheidend. Mit der zunehmenden Machtlosigkeit und dem „Wegsterben“ der „Generation V2“ verliert die konservative Kontinuitäts-These ihre Befürworter. Der Rücktritt Benedikts ist das historische Menetekel.

Anders als Joseph Ratzinger war Jorge Mario Bergoglio nicht beim Konzil. Ihn prägte auch keine theologische Strömung des Konzils; sie war jesuitisch und lateinamerikanisch beeinflusst. Das Desinteresse an der Theologie des 2. Vatikanums hat dazu geführt, dass die Gegensätze größer geworden sind. Insbesondere die Liberalen hatten daher die trügerische Hoffnung, nun umsetzen zu können, was sie in den 1960er und 1970er Jahren nicht geschafft hatten.

Trotz eines turbulenten Pontifikats mit zahlreichen „Verwirrungen“ im Stile des Konzils – Johannes XXIII. hatte mit der Öffnung eines Fensters „frischen Wind“ in die Kirche bringen wollen, Franziskus forderte junge Leute dazu auf, „Lärm“ zu machen –, bleibt das theologische Erbe des argentinischen Papstes überschaubar. Die Ächtung der Todesstrafe und die Knebelung der „Alten Messe“ bleiben – aber selbst letztere könnte von seinem Nachfolger noch abgemildert werden, wie immer wieder gemunkelt wird.

Seine Bedeutung bezieht das Konzil daher nicht so sehr aus seinen Beschlüssen, sondern aus den daraus abgeleiteten Grabenkämpfen, die die Katholische Kirche noch tiefer durchziehen als damals. Es ist tatsächlich in der Hinsicht eine Zäsur, als dass der Bruch heute deutlicher geworden ist als die Kontinuität. Mit historischem Abstand wird deutlich, dass offenbar zahlreiche Konzilsväter sich nicht der vollständigen Tragweite des Unterfangens bewusst waren – zumindest nicht in „kirchenpolitischer“ Sicht.

Bezeichnend für beide Strömungen der „Bruch-These“ ist dabei ein Hang zur Einheitlichkeit. Bei der traditionellen Sichtweise ist diese klar, sie orientiert sich an der prä-konziliaren Zeit. Weitaus interessanter ist der Umgang der liberalen Interpretation mit Andersdenkenden. Während Toleranz bei Themen wie Frauenpriestertum, Homo-Segnungen oder der Transideologie eingefordert wird, zeigt sie sich ähnlich wie ihr politisches Pendant höchst intolerant gegenüber dem „Eigenen“, das heißt der katholischen Traditionen vor 1965. Die Aversion gegen alles Überbordende, Überflüssige, ja „Dekadente“ ist Markenzeichen von Puritanern jeder Couleur. Während man einerseits Dialog fordert, werden andererseits ideologisch Andersgefärbte rücksichtlos aussortiert.

Das wird besonders deutlich beim deutschen Synodalen Weg, der sich einerseits auf die Ideen und den „Geist“ des Konzils berufen hat, um die Kirche zu „reformieren“, aber zahlreiche Vertreter ausschloss oder mit Nichtbeachtung strafte, wenn sie etwa auf der Lehre bestanden oder Gruppen repräsentierten, die nicht in das Weltbild der Veranstaltung passten. Der Weg war vorgegeben, der Rest sollte folgen. Das „Um-sich-selbst-Kreisen“ der Kirche, ohne das Fußvolk mitzunehmen, war bereits beim Konzil selbst eine unangenehme Erscheinung: Ob die Gläubigen tatsächlich die Volkssprache wollten, wurde gar nicht gefragt. Man ging davon aus, dass dies gewünscht sei, weil es „offener“ war.

Der italienische Schriftsteller Giovannino Guareschi, der Vater von Don Camillo und Peppone, hat als damaliger Zeitzeuge und konservativer Katholik das Konzil bereits als abgehobene Intellektuellenveranstaltung kritisiert, die mit großen Reden und großen Ideen daherkommt – ohne Bezug zur Volksfrömmigkeit. Die „Entrümpelung“ der Kirchen war von oben verordnet. Die einfache italienische Landbevölkerung hing dagegen am heiligen „Klimbim“. Populäre Heilige wie etwa Katharina von Alexandria wurde aus dem Heiligenkalender gestrichen wegen mangelnder historischer Beweise. Auch das erinnerte den Italiener an die Reformation, die keine Volksbewegung war, sondern ein Projekt von intellektuellen Kirchenreformern.

Ein weiterer Punkt, der außerhalb Italiens wenig rezipiert wird: die Verbindung „beider Seiten des Tibers“. Was im kirchlichen Rom geschieht, tangiert auch das weltliche Rom – und andersherum. Zeitgleich mit dem Konzil formierte sich in Italien die erste Koalition aus Christdemokraten und Sozialisten. Das Konzil „öffnete“ die Kirche, gleichzeitig „öffnete“ sich die Democrazia Cristiana den Sozialisten. Für den Anti-Kommunisten Guareschi waren das keine Zufälle. DC und Kirche waren damals stark verdrahtet. Ein Entgegenkommen gegenüber links war politisch und gesellschaftlich in Italien gewollt. Der Einfluss italienischer Kardinäle in der Weltkirche war damals noch überwältigend.

Freilich wäre es verklärend, die Zeit vor dem Konzil als paradiesische Zeiten der Kirche zu bezeichnen. Das 20. Jahrhundert war das Zeitalter des Totalitarismus. In den Nachkriegsjahren orientierte man sich wieder mehr an Christus, weil die Ideologien in den Abgrund geführt hatten. Das war eine politische, keine spirituelle Entscheidung. Guareschi hatte mit „Don Camillo“ in den 1950ern großen Erfolg. Es kann aber nicht über die Oberflächlichkeit hinwegtäuschen. Christliche Verortung war in dieser Zeit eine List des Zeitgeistes. Die Kirche verließ sich zu sehr darauf. Die Gesellschaft erlebte eher das Nachklingen des 19. Jahrhunderts. Ideologie, Säkularisierung und Wohlstand hatten die Bindungen schon damals aufgelöst. Guareschi hat das bereits in diesen Jahren diagnostiziert, während andere sich Illusionen hingaben.

Das Konzil wollte deswegen populäre Priester wie Don Camillo. Es bekam abgehobene Theologen. Guareschis bekannteste Schöpfung zelebrierte dagegen bis zum Schluss die Alte Messe. Die Kirche hat viele alte Matrosen verprellt, ohne zugleich neue an Bord zu holen. Ähnlich wie die Patina der 1950er Jahre die um sich greifende Gottlosigkeit Europas übertünchte, und erst in den 1960er Jahren deutlich wurde, bringt auch der Tod des Jahrhundertpapstes Johannes Pauls II. und des Philosophen Benedikts XVI. die eigentlichen Probleme hervor.

Wie so häufig antwortet die Kirche erst um Jahrzehnte zeitversetzt auf akuten Herausforderungen. Das wird auch Leo XIV. bewusst sein. Sein bevorstehendes, langes Pontifikat könnte die letzte Möglichkeit sein, die Wogen zu glätten. Einer alten, liberalen Konzilsgeneration steht vermehrt eine junge, konservative Priestergeneration entgegen, die deutlich kleiner ist. Die Wahl bleibt wie schon bei Ratzinger: kleine Schar der Heiligen oder Auflösung als weltliche NGO in der Masse."
Wie viele deutsche Milliarden stehen in der Ukraine im Feuer?,2025-12-09,https://www.tichyseinblick.de/kolumnen/aus-aller-welt/wie-viele-deutsche-milliarden-stehen-in-der-ukraine-im-feuer/,Klaus-Rüdiger Mai,"Dass die EU die eingefrorenen russischen Vermögenswerte beschlagnahmen und zur Finanzierung der Ukraine verwenden will, sorgte für Erstaunen. Doch nach und nach wird der wirkliche Skandal sichtbar und erklärt den Aktionismus des Bundeskanzlers. Stehen auch deutsche Banken hinter der fragwürdigen Kreditvergabepraxis in Sachen Ukraine, die der Kanzler nun versucht zu vertuschen?","Kommt die deutsche Finanzkrise schneller als erwartet? Müssen, und wenn ja, mit wie vielen Milliarden Euro, königlich verdienende deutsche Banker gerettet und die Verantwortungslosigkeit der Ampel-Politiker kaschiert werden? Denn der Abgrund, der sich vor uns auftut, ist nicht von der Regierung Klingbeil-Merz, sondern von der Ampel, von Leuten wie Scholz, Habeck und allen voran Baerbock, die sich schlau wie immer, rechtzeitig nach New York – auf unsere Kosten – abgesetzt hat, verursacht worden.

Seit Tagen geistert die absurde und auch kriminelle Idee durch Europa, dass die EU ja die eingefrorenen russischen Vermögenswerte beschlagnahmen und zur Finanzierung der Ukraine verwenden könnte. Das sorgte für Verwunderung und auch für Erstaunen, doch nach und nach wird der wirkliche Skandal sichtbar und erklärt den Aktionismus des Bundeskanzlers, der, um Schlimmes zu verhüten, Schlimmeres durchsetzen will.

Laut einem Bericht des Portals

Politico

will die EU-Kommission unter Ursula von der Leyen 165 Milliarden Euro als „Kredit“ an die Ukraine geben. Das hohe Maß an Korruption, die bis in Selenskyjs unmittelbares Umfeld reicht, interessiert von der Leyen, die sonst nicht genügend die Rechtsstaatlichkeit, die in ihrem Mund aber zur Phrase wird, bemühen kann. Die 165 Milliarden Euro setzen sich aus 140 Milliarden Euro, die von Euroclear verwaltet werden, und 25 Milliarden, die auf Konten privater Banken liegen, zusammen. Man könnte spotten, je hochtrabender die Begriffe, umso größer die Fragwürdigkeit, die vertuscht werden soll.

Sollen diese Skandale verschwiegen werden?

Die Frage lautet: Wie korrupt ist die Ukraine?

Jedenfalls haben von der Leyens Lyriker das Hilfspaket für die Ukraine „Reparationskredit“ genannt. Dieser Kredit ist Teil eines Finanzpakets für die Ukraine in Höhe von 210 Milliarden Euro, das sich laut

Politico

aus drei Bestandteilen zusammensetzt: 45 Milliarden Euro für die Rückzahlung eines G-7-Kredits, 50 Milliarden für den Haushaltsbedarf des ukrainischen Staates und 115 Milliarden zur Finanzierung der ukrainischen Kriegsindustrie. Die EU-Gelder dürfen nicht verwechselt werden mit den Hilfsgeldern einzelner Staaten wie Deutschland, die kommen noch einmal oben drauf. Deutschland allein zahlte und gab Gelder in Höhe von 76 Milliarden Euro seit 2022 frei. Noch vor kurzem hieß es, dass die EU für die ersten Monate des nächsten Jahres eine Überbrückungshilfe überweist.

Von der Leyen und ihr Brüsseler Hofstaat verhöhnen die Bürger Europas, wenn sie verkünden, dass die Ukraine den Kredit nur dann zurückzahlen muss, wenn Russland den Krieg beendet und Reparationen zahlt. Der Kredit ist kein Kredit, sondern ein Geschenk an die Ukraine und an diejenigen in führenden Positionen in der Ukraine, die von europäischen Geldern sich die Toilette vergolden lassen.

Wenn man angesichts der Haushaltsplanung der EU von 2028 bis 2034 davon ausgehen kann, dass Deutschland den EU-Haushalt zu einem Viertel finanziert, nach EU-Beitritt der Ukraine sogar Netto, weil dann Brüsseler Fördergelder für Deutschland wegfallen dürften, würde Deutschland die EU mit 50 bis 60 Milliarden Euro jährlich finanzieren. Übrigens hatte Merz bereits zugesagt, dass Deutschland die russischen Vermögenswerte für den „Reparationskredit“ mit bis zu 52 Milliarden Euro absichern würde. Dabei würde es aber nicht bleiben, wenn es so käme.

Kamikaze

Legen wieder Deutsche Europa in Schutt und Asche?

Der Versuch am Montag beim Treffen der Finanzminister in Tokio, den Plan, eingefrorene russische Vermögenswerte zu nutzen, auf die G 7 auszuweiten, scheiterte. Zwar einigten sich die Finanzminister auf die Formulierung: „Wir werden weiterhin zusammenarbeiten, um eine breite Palette von Finanzierungsmöglichkeiten zur Unterstützung der Ukraine zu entwickeln, einschließlich der Möglichkeit, den vollen Wert der russischen Staatsvermögenswerte zu nutzen, die in unseren Jurisdiktionen bis zur Zahlung der Reparationen durch Russland gesperrt sind.“ Doch fügten sie den kleinen, aber entscheidenden Passus hinzu: „Unser Vorgehen wird im Einklang mit unseren jeweiligen Rechtsrahmen stehen.“ Japan und die USA wiesen den Plan der EU und Deutschlands zurück, Japan, weil der Plan nicht mit dem japanischen Rechtsrahmen vereinbar ist.

Aber auch in der EU hält sich die Begeisterung in Grenzen. Bart De Wever, der belgische Premier sagte der Zeitung

La Libre

: „Ich habe meine europäischen Kollegen gefragt, ob sie bereit wären, die Risiken für Belgien zu teilen. Nur Deutschland erklärte sich dazu bereit.“ Es könnte sein, dass pro forma die Finnen und die Balten, allen voran die Esten, die derzeit Europa mit der Außenbeauftragten Kaja Kallas beglücken, sagen, sie würden sich mit einer Minisumme an den Garantien beteiligen, dann blieben für Deutschland geschätzt der verschwindend kleine Rest von 95 Prozent der Garantien übrig. Möglicherweise teilt man den Reparationskredit auch in Tranchen auf und überweist an Kiew die 47 Milliarden Euro für den Kredit und einen Teil der 71,7 Milliarden Euro, die nötig sind, um das akute Haushaltsdefizit zu decken.

Laut

Financial Times

schützt Frankreich „18 Milliarden Euro an russischen Vermögenswerten vor dem EU-Vorstoß für einen ‚Reparationskredit‘: Paris hütete die Namen der Privatbanken, die die zweitgrößte Ansammlung eingefrorener russischer Staatsgelder der Welt halten.“ Frankreich winkt ohnehin ab, Frankreich ist pleite und braucht selbst dringend einen Kredit. Italien will sein Gold zurück, Ungarn, Tschechien, die Slowakei dürften sich auch nicht beteiligen wollen, die Österreicher werden sich irgendwie da rauswinden.

Kommen wir zu der spannendsten Frage, die Merzens Initiative auslöst, nämlich ob den Kanzler, beispielsweise in der Frage des G-7-Kredits, noch andere Motive antreiben? Hellhörig macht, dass ein eben nicht geringer Teil des sogenannten Reparationskredits, verwendet werden soll, um alte Kredite zurückzuzahlen. Das erinnert an die Griechenland-Rettung. Der G-7-Kredit dürfte über Banken im G-7-Raum realisiert worden sein. Welche Banken tragen ein großes Ausfallrisiko?

Erinnert man sich an Äußerungen der Ampel, beispielsweise an Baerbocks Ansage, der Ukraine alles geben zu wollen, was die Ukraine wünscht, entsteht der Verdacht, dass an diesem Geschäft deutsche Banken – freiwillig oder auf politischem Druck hin – an erheblicher Stelle partizipierten? Stehen Deutsche Bank, aber vor allem Banken mit Staatsbeteiligungen wie die Commerzbank, öffentliche Banken wie KfW, Landesbanken, möglicherweise auch Sparkassen und Volksbanken vor einem akuten Ausfallrisiko?

Versucht der Kanzler, eine fragwürdige Kreditvergabepraxis in Sachen Ukraine durch den Einsatz erheblicher Steuergelder zu vertuschen? TE bleibt dran.

Friedrich Merz in London

Der rapide Realitätsverlust von Regierung und Regierungsfraktionen"
Die Bundesregierung versagt bei der Lösung der Strompreiskrise für die Industrie,2025-12-09,https://www.tichyseinblick.de/kolumnen/klima-durchblick/die-bundesregierung-versagt-bei-der-loesung-der-strompreiskrise-fuer-die-industrie/,Fritz Vahrenholt,"Nun will die Bundesregierung den Strompreis für die Industrie durch den Bundeshaushalt heruntersubventionieren an drei Stellen: Die Stromsteuer, der Industriestrompreis und die Netzentgelte sollen gesenkt werden. In allen drei Fällen versagt die Regierung.","Die Jahr für Jahr steigenden Strompreise sind eine maßgebliche Ursache für das Industriesterben in Deutschland. Das hat sich bis zur Bundesregierung herumgesprochen. Doch anstatt sich gegen die ausufernde Verteuerung der Strompreise durch die hohe CO2-Abgabe für Kraftwerke zu wehren, wurden Kapazitäten von Braunkohle-, Steinkohle- und sogar CO2-freien Kernkraftwerken abgeschaltet. Das Wort Kernenergie kommt in der Koalitionsvereinbarung von CDU und SPD an keiner Stelle mehr vor. Um das Schlimmste zu verhindern, soll nun der Strompreis für die Industrie durch den Bundeshaushalt heruntersubventioniert werden.

Das soll an drei Stellen passieren: Die Stromsteuer, der Industriestrompreis und die Netzentgelte sollen gesenkt werden. Und in allen drei Fällen versagt die Bundesregierung.

Die Stromsteuersenkung bringt nichts

Die Stromsteuer soll von 2,05 €ct/kWh auf 0,05 €ct/kWh gesenkt werden. Diese Entlastung soll der Industrie und dem Gewerbe zugute kommen. Die privaten Haushalte sollen nun, anders als in der Koalitionsvereinbarung erklärt, davon nicht profitieren. Die

Steuersenkung soll 3 Milliarden Euro

ausmachen. Für die energieintensive Industrie ist das aber ein alter Hut. Denn die Ampelregierung hatte bereits im November 2023 beschlossen, dass bis Ende 2025 die Stromsteuer für die energieintensive Industrie auf 0,05 €ct/kWh gesenkt wird, und hatte bereits damals schon angekündigt, dass diese Senkung weiter fortgesetzt werden sollte. Der jährliche Aufwand betrug bislang zwei Milliarden Euro und erhöht sich nun um eine Milliarde durch die Einbeziehung weiterer gewerblicher Unternehmen. Die Maßnahme ist für die energieintensive Industrie also bestenfalls ein Erhalt des Status quo.

Offenbar hat aber die Regierung Merz die Konditionen für die energieintensive Industrie sogar noch verschlechtert. Nach der nun ab 1. Januar 2026 geltenden Regelung muss nämlich die Industrie – teilweise anders als früher – die Stromsteuer in voller Höhe von 2,05 €ct/kWh erstmal bezahlen und kann diese erst viele Monate später in einem bürokratischen Antragsverfahren zurückbekommen. Diese Bundesregierung ist richtig industriefreundlich und ganz groß im Bürokratieabbau. Die Liquiditätsverluste für die energieintensive Industrie machen für große Unternehmen Millionenbeträge aus, vom bürokratischen Aufwand ganz zu schweigen.

Die Senkung des Strompreises gilt nicht für die energieintensive Industrie

Schon im Juli kündigte Bundeskanzler Merz an: „Wir wollen die Stromkosten weiter senken“,

so der Kanzler.

„Diese Bundesregierung wird mit Ehrlichkeit handeln.“ Im November 2025 sprach er von einem

Zielpreis

von 5 €ct/kWh für die stromintensive Industrie, die im internationalen Wettbewerb stehe. Fünf Milliarden Euro sollten dafür bereitgestellt werden. Doch mittlerweile ist große Ernüchterung in den Chefetagen der stromintensiven Industrie eingetreten. Im Zentrum der Kritik steht dabei, dass ein

Nachlass von 50 Prozent

auf den Strompreis nur für die Hälfte des bezogenen Stroms gewährt wird. (siehe

Textziffer

120 der EU-Regelung CISAF). Bei einem heute üblichen Börsenstrompreis von etwa 10 €ct/kWh wird also ein Strompreis von 7,5 €ct/kWh erreicht. Aber zusätzlich muss die Hälfte des Rabatts durch das Unternehmen in Investitionen zur Dekarbonisierung gesteckt werden, die nicht wirtschaftlich sind. Bringt man diesen „Einbehalt“ zum Abzug, werden aus den proklamierten 5 €ct/kWh 8,25 €ct/kWh. So wird aus

ehrlichem Handeln (Merz)

eine Mogelpackung.

Doch die größte Mogelei kommt noch. In den Veröffentlichungen der Bundesregierung wird vermieden, darauf hinzuweisen, dass die EU-Kommission eine Strompreissenkung nicht für die Industriebetriebe zulässt, die bereits eine

Strompreiskompensation

bekommen. Das ist aber die überwältigende Mehrzahl der deutschen energieintensiven Unternehmen. Das sind

350 Industriebetriebe der

Metall-, Papier-, Glas- und chemischen Industrie, die einen hohen Anteil an Energiekosten aufweisen und gleichzeitig im internationalen Wettbewerb stehen.

Um diese nicht aus dem internationalen Wettbewerb zu werfen, hatte die EU-Kommission bereits im Jahre 2013 erlaubt, dass diesen Unternehmen bis zu 75 Prozent der im Strompreis versteckten CO2-Kosten erstattet werden können. (Da hiervon nicht alle Strommengen umfasst sind, kommen viele Unternehmen im Ergebnis jedoch nur auf eine Erstattung der tatsächlich angefallenen Kosten von 50 Prozent und weniger). Und diese energieintensiven Betriebe dürfen nach Willen der EU-Kommission nicht noch einmal durch eine Strompreissenkung unterstützt werden. Wenn das so bleibt, bekommt die deutsche energieintensive Grundstoffindustrie keinen Pfennig von der großangekündigten Strompreissenkung. Wie gesagt: Mogelpackung.

Netzgebühren werden unbezahlbar

Die Bundesregierung wird 2026 aus dem Klima- und Transformationsfonds, der ja von den CO2-Abgaben der Bürger und den Unternehmen gespeist wird, 6,5 Milliarden Euro zur Senkung der Netzgebühren zur Verfügung stellen. Dieser Betrag wird den vier Übertragungsnetzbetreibern Amprion, Tennet, 50Hertz und Transnet BW zur Verfügung gestellt, die das überregionale Hochspannungsnetz betreiben. Ziel ist es, die durch den Netzausbau für die Energiewende steigenden Netzkosten zu dämpfen. Die Senkung ist zunächst nur für 2026 beschlossen. Doch die Jahr für Jahr überbordenden Kosten des Netzausbaus werden entweder die privaten Haushalte und die Unternehmen massiv beeinträchtigen oder den Bundeshaushalt. Nach einer

Studie

des Energiewirtschaftlichen Instituts in Köln werden die Kosten des Netzausbaus bis 2045 732 Milliarden Euro betragen, 302 Milliarden Euro für das Hochspannungsnetz und 430 Milliarden Euro für die regionalen Niederspannungsnetze.

Der Anstieg der Netzkosten würde der Studie zufolge für Haushalte etwa 18 €ct/kWh betragen, für das Gewerbe 15 €ct/kWh und für die Industrie 7 €ct/kWh. Diese Beträge addieren sich auf die heutigen Netzkosten von etwa 11 €ct/kWh für Haushalte, 9 €ct/kWh für das Gewerbe und etwa 5 €ct/kWh für die Industrie. Sollten die zusätzlichen 7 €ct/kWh für die Industrie an die deutschen Industrieunternehmen durchgereicht werden, ist eine Grundstoffindustrie in Deutschland ausgeschlossen.

Sollte es der Bundeshaushalt übernehmen, so steht die Finanzierung in Frage. Denn schon heute werden über die Förderung der erneuerbaren Energien jährlich etwa 20 Milliarden Euro ausgegeben, sodass mit den Netzkosten ein höherer zweistelliger Milliardenbetrag Jahr für Jahr für die Energiewende aufzubringen ist. Denn die Ursache für die maßlose Netzkostensteigerung ist der Ausbau der volatilen erneuerbaren Energien. Um deren Schwankungen aufzufangen, müssen die Netze überdimensioniert werden, um Überproduktionen (Hellbrise) aufzunehmen. Bei Unterproduktionen (Dunkelflaute) sind dann die Netze nicht mehr wirtschaftlich ausgelastet. Daher sind die ausufernden Kosten eine Folge des Ziels Deutschlands, die deutsche Energieversorgung mit 100 Prozent volatiler Wind- und Sonnenenergie zu bewerkstelligen.

Wirtschaftsministerin Katherina Reiche ist zu bedauern. Sie hat die Fehlkonstruktion der Energiewende erkannt

(„Die Energiewende muss bezahlbar werden“),

aber die SPD lässt eine Kurskorrektur nicht zu. Der E.ON Chef Leo Birnbaum hat die Forderung nach einem Moratorium und der Abschaffung des EEG in einem Satz zusammengefasst: „Wir bauen Erneuerbare, die wir nicht brauchen, in ein Netz, das es nicht verträgt“

(Minute 16:00 des Podcast).

Vor diesem Hintergrund lohnt es sich, in den im November veröffentlichten und in Deutschland viel geschmähten Bericht der

Nationalen Sicherheitsstrategie der USA

hineinzuschauen. Darin macht man sich Sorgen um die Zukunft Europas. Dort findet man auch die einfache Wahrheit, dass preiswerte Energie auf Basis Öl, Gas, Kohle und Kernenergie „gutbezahlte Arbeitsplätze schafft, die Kosten der Verbraucher und Unternehmen reduziert, die Reindustrialisierung vorantreibt und den Vorsprung in Zukunftstechnologien wie KI sichern hilft“. Schaut man in den deutschen Koalitionsvertrag, so werden dort als einzig neue Energietechnologie „Höhenwindkraftwerke“ erwähnt. Unsere Energiepolitik ist wirklich lächerlich geworden."
Statt Notbremse: EU will Migration aus arabischer Welt „strukturieren“ und Wohlstand teilen,2025-12-09,https://www.tichyseinblick.de/kolumnen/aus-aller-welt/statt-notbremse-eu-migration-aus-arabischer-welt/,Matthias Nikolaidis,"Während Trump die Europäer gewarnt hat und sie selber so tun, als wollten sie den Strömen einen Riegel vorschieben, scheint der wirkliche Plan zu sein, die Migration aus der arabischen Welt weiter zu ermutigen. Ursula von der Leyen will die „fortschreitende Integration“ der beiden Weltregionen vorantreiben.","Die neue Sicherheitsstrategie von Donald Trumps Regierung ist noch keinen Monat alt. Auf dem alten Kontinent hat sie anscheinend keinerlei Wirkung hinterlassen, jedenfalls nicht bei denen, die sie angeht – den Mächtigen in der EU. Da warnt also eine Stimme von jenseits des Atlantiks: Achtung, ihr Europäer, verspielt nicht euren Kontinent! Verspielt nicht die Länder, in denen ihr lebt! Doch die EU-Gewaltigen haben nichts Besseres zu tun, als den Staatenblock mit seinen 27 Mitgliedern auch weiter auf Durchzug zu stellen, wollen ihn noch stärker gegenüber einer Weltregion öffnen, die vorsichtig gesagt problematisch ist.

Denn darum geht es im Kern in dem neuen „Pakt für den Mittelmeerraum“, den der Rat der EU-Mitgliedsländer im November gebilligt hat. Der Titel klingt idyllisch, nach Meeresbrise und Strandurlaub. Aber inhaltlich geht es um nicht weniger als die Überwindung des Mittelmeers als Grenze und eine nachhaltige Annäherung an die arabische Welt.

Vor 30 Jahren, in der Barcelona-Erklärung von 1995, hatten sich die damaligen EU-Mächtigen mit zwölf Staaten oder Entitäten von der gegenüberliegenden Mittelmeerküste schon einmal auf eine „umfassende Partnerschaft“ geeinigt. Schon damals war kein EU-Bürger gefragt worden, ob er so etwas will. Die zwölf Entitäten von damals waren: Algerien, Ägypten, Israel, Jordanien, Libanon, Malta, Marokko, die Palästinensische Autonomiebehörde, Syrien, Tunesien, die Türkei und Zypern. Inzwischen sind zwei von ihnen – Malta und Zypern – der Union beigetreten. Bleiben also zehn Entitäten. Bis auf Israel sind alle mehrheitlich muslimisch besiedelt.

Mitte Oktober hatte das Kollegium der 27 Kommissare mit Ursula von der Leyen an der Spitze den neuen Pakt beschlossen. Die Präsidentin würdigte das mit den Worten: „Lasst uns einen Gemeinsamen Mittelmeerraum erschaffen, mit dem Ziel der fortschreitenden Integration zwischen uns.“ Mehr als 100 gemeinsame Projekte gebe es schon, darunter eine geplante gemeinsame Mittelmeer-Universität oder die Idee von KI-Fabriken auf beiden Ufern des Binnenmeers. Die Europäer wollen „finanzielle Instrumente“ bereithalten und als „Team Europe“ auftreten. Dreieckskooperationen mit den Golfstaaten seien möglich – etwa für einen Korridor bis nach Indien. Kein Plan ist zu groß für UvdL. Eine Frau scheint ihre Berufung gefunden zu haben: groß sprechen und kleinlich handeln, jedenfalls dort, wo es um die Freiheit der Bürger geht.

„Menschen“, Integration, Migration als Zielvorstellungen

Schlägt man die Dokumente auf, die den „Pakt“ für die Bürger erklären sollen, dann heißt es, man wolle einen „Prozess mit offenem Ende“ beginnen und einen „praktischen Rahmen der Zusammenarbeit“ schaffen. Das ist nichts Neues, man hat es schon seit 30 Jahren versucht. Aber nun soll die Zusammenarbeit intensiver werden.

Der neue „Prozess mit offenem Ende“ soll auf drei Säulen ruhen: erstens den „Menschen“ („people“), die die „Triebkraft für Wandel, Verbindungen und Innovation“ seien. Man hört schon heraus, um welche „Menschen“ es hier gehen könnte – die, die Landesgrenzen hinter sich lassen und versuchen, ihr eigenes Leben ganz „innovativ“ zu „verwandeln“. Zweitens will man am Ende „stärkere, nachhaltigere und integriertere Volkswirtschaften“ haben. Schon wieder Integration, als wäre das ein Gut an sich. Drittens soll es um „Sicherheit, Vorbereitung und Migrationsmanagement“ gehen. Das also auch noch.

Dubravka Šuica, die kroatische EU-Kommissarin von der EVP-HDZ und für das Mittelmeer zuständig, posaunt die eigentliche Botschaft frei heraus: Die größte Stärke der Region sei „ihre Jugend“, eine Aussage, die sie mit den Füllwörtern „Kreativität“ und „Talent“ ausschmückt. Natürlich meint Šuica nur die jenseitigen Küstenstriche des Mittelmeers, denn auf dieser Seite kämpfen auch Spanier, Italiener und Griechen mittlerweile um ihr Überleben als Völker, daneben auch mit der Abwanderung der Jungen. Die drei Länder sind also in der Summe alles andere als jugendlich oder kinderreich.

„Wohlstand teilen“ – Informationsblatt mit Kopftüchern

Aber Šuica kennt die starken Trümpfe ihres Portfolios. Im nächsten Satz sagt sie, in dem Pakt gehe es auch um „geteilten Wohlstand“, neue Investitionschancen und Jobs. Man will also den Handel im Mittelmeerraum verstärken, wogegen nichts einzuwenden wäre. Aber „geteilter Wohlstand“ klingt dann doch etwas so, dass wir etwas abgeben sollten, damit der Wohlstand auf beiden Seiten des Meeres wieder gleich ist. Oder wir teilen den Wohlstand eben, nachdem die anderen zu uns herübergekommen sind. Auch das scheint möglich. Darauf deutet auch das Wort „Migrationsmanagement“ hin, das sicher nicht einfach als Grenzschutz zu lesen ist.

Das EU-Informationsblatt

(„factsheet“)

dazu ist passenderweise auch auf Arabisch verfügbar. Darin springen sofort die bekopftuchten Frauen ins Auge, die namentlich die Säulen „People“ und „Security, preparedness and migration management“ bebildern. Man hat also tatsächlich nicht das Bild einer funktionierenden Grenze für den letzten Pfeiler genommen, sondern jubelnde Araber auf einem öffentlichen Platz. Also genau das, was es nun auch zum Nikolaustag auf deutschen Straßen und Plätzen gab. Nur dass die Syrer dummerweise nicht Deutschland oder den gemeinsamen „geteilten“ Wohlstand feierten – das vielleicht nur implizit –, sondern ihr endlich befreites Land, so die Botschaft der Demonstrationen.

Natürlich wird auch der alte Begriff des „Mare Nostrum“ von Šuica und anderen beschworen und im Zeichen von „co-ownership, co-creation and joint responsibility“ („Mit-Eigentum, Mit-Gestaltung und gemeinsame Verantwortung“) neu dekliniert. Das Meer gehört uns gemeinsam, so die Botschaft. Warum sollten dann nicht die einen es auf Booten befahren, um zu den anderen zu gelangen? Das ist die Schlussfolgerung, die quasi aus jeder Pore dieses Info-Materials tropft.

Rat will legale Wege in die EU „strukturieren“

Die beschlossenen

„Schlussfolgerungen des Rates“

zum Pakt bestätigen dieses Bild, denn zwar ist da auch die Rede davon, dass „die Geschäfte von Schleusern durch verstärkte Grenzkontrollen zu zerschlagen“ seien und „irreguläre Migration zu verhindern“ sei. Aber besonders wichtig sei der „rechtebasierte Ansatz“, den man dabei verfolgt – mit anderen Worten, die Rechte der lieben „Migrantinnen und Migranten“ sind zu wahren. Oft befinden sie sich ja „in prekären Situationen“, vielleicht werden sie bald schon zu „Asylbewerbern und Flüchtlingen“. Neben die „menschenwürdigen Rückführungen“ sollen daher „nachhaltige Wiedereingliederungen“ treten – man erfährt nur nicht, wo diese „Wiedereingliederung“ stattfindet. Es klingt ein wenig so, als wäre das in den Herkunftsstaaten, aber das wird dann offenbar noch das Geld der EU-Bürger kosten.

Der Migrations-Absatz im Ratsdokument schließt damit, dass man „legale Wege … strukturieren“ will. Und der Leser fragt sich, wer dem EU-Rat der nationalen Regierungen eigentlich diesen Auftrag gegeben hat. Gab es irgendwann in irgendeinem EU-Land eine Abstimmung darüber, ob die EU mehr Zuwanderung aus dem arabischen Raum braucht? Nein. Offenbar hat aber auch die deutsche Bundesregierung – ein Merz, ein Dobrindt – aus den jüngsten Wahlergebnissen abgeleitet, dass die Deutschen sich mehr und besser „strukturierte“ legale Einreisen aus Arabistan nach Europistan wünschen. Das ist eine starke Annahme und ein ebenso starkes Stück.

Der Mittelmeerpakt macht keinen Hehl daraus: Orient und Okzident sollen eine Einheit werden, und Rat und Kommission tun alles dafür, dass das so wird. Man kann noch nicht einmal ausschließen, dass in einigen Jahren den ersten auf der anderen Seite die Mitgliedschaft angeboten wird. Von der Leyens Ziel ist ja die „fortschreitende Integration zwischen uns“."
Die Frage lautet: Wie korrupt ist die Ukraine?,2025-12-09,https://www.tichyseinblick.de/meinungen/die-frage-lautet-wie-korrupt-ist-die-ukraine/,Klaus-Rüdiger Mai,"Das Ausmaß an Korruption, an „anhaltender politischer Einflussnahme“, das bis jetzt von der EU und wohl auch von der deutschen Regierung bewusst ignoriert wurde, legt die Frage nahe, inwieweit ist Selenskyj selbst in die Korruption verwickelt?","Das Brandmauer-Establishment, die rotgrüne Elite, zu der inzwischen auch viele Politiker der CDU und CSU gehören, Leute, die bildlich gesprochen in schwarzen Schuhen herumlaufen und rote Socken tragen, legen einen fahrlässigen Umgang mit deutschen Steuergeldern – und das in zweistelliger Milliardenhöhe – an den Tag. Im Papier „Bilaterale Unterstützungsleistungen der Bundesregierung für die Ukraine und Menschen aus der Ukraine“ vom 30.09.2025 heißt es: „Die Bundesregierung hat seit Beginn des russischen Angriffskriegs am 24.02.2022 bilaterale zivile Unterstützung für die Ukraine in Höhe von rd. 36 Mrd. EUR geleistet und militärische Unterstützung in Höhe von rd. 40 Mrd. EUR geleistet bzw. für die kommenden Jahre bereitgestellt.“ Also 76 Milliarden Euro.

Nur: wo fließt das Geld hin? Jeder wusste – auch deutschen Regierungsbehörden dürfte nicht entgangen sein – ,  die Korruption in der Ukraine reicht bis in die Regierung. Das hielt aber weder Olaf Scholz, noch Annalena Baerbock, noch die anderen Helden der Ampel davon ab, Milliarden Euro deutscher Steuergelder in die Ukraine zu überweisen, ohne, steht nach einem Bericht der New York Times zu vermuten, zu wissen, auf welche Konten das Geld so alles fließt.

Kriegsgewinnler fliegen auf

Kiews Korruptions-Skandal: Rücktritte, Festnahmen, Flucht – was wusste Selenskyj?

Deutsche Medien wollten im Maulheldentum nicht zurückstehen und glorifizierten die Ukraine und ihre Politiker, besonders den Präsidenten Selenskyj. Vor Selenskyjs Berliner Residenten Melnyk und dessen Dreistigkeiten konnten sie sich gar nicht beflissen genug in den Staub werfen. Selenskyj musste Melnyk schließlich versetzen. Doch im unkritischen Umgang mit der Führung der Ukraine, mit der Ignoranz der Korruption gegenüber hat sich nach dem Wechsel der deutschen Regierung nichts geändert.

Welcher Wechsel, fragen sich gutinformierte Spötter inzwischen? Während Sozialdemokraten tun, was Kommunisten so tun, eben Klassenkampf zu führen, hat die Union die Rolle der Grünen in der Koalition übernommen. Auch in dieser Regierung muss jeder Minister nach Kiew eilen, wo die teuersten Bilder der Welt entstehen, denn ein deutscher Minister wäre kein deutscher Minister, wenn er nicht ein paar Millionen Euro deutscher Steuergelder dort ließe. Doch wo bleibt das ganze Geld? Laut Bericht der New York Times vom 5.12. 2025 scheint niemand in der EU oder in Deutschland danach zu fragen.

Zur gleichen Zeit, als Habeck in Deutschland mit dubiosen Methoden die letzten AKWS abschalten ließ, sagte er über ukrainische AKWs im Krieg: „Die Ukraine wird an der Atomkraft festhalten. Das ist völlig klar – und das ist auch in Ordnung, solange die Dinger sicher laufen. Sie sind ja gebaut.“ Wobei wir schon mal beim staatlichen Atomkraftwerksbetreiber Energoatom wären, der „eine zentrale Rolle im Korruptionsskandal um die Regierung von Präsident Selenskyj“ spielt. „Die Antikorruptionsbehörden werfen Mitgliedern seines engsten Kreises vor, 100 Millionen Dollar vom staatlichen Atomkraftwerksbetreiber Energoatom veruntreut und gewaschen zu haben.“

Friedrich Merz in London

Der rapide Realitätsverlust von Regierung und Regierungsfraktionen

Möglicherweise in bewusster Verdrehung der Tatsachen warf die Regierung von Präsident Selenskyj dem Aufsichtsrat von Energoatom vor, „die Korruption nicht unterbunden zu haben“, jetzt, wo sie doch schonmal aufgeflogen war. Doch „war es Selenskyjs Regierung selbst, die den Aufsichtsrat von Energoatom entmachtet hatte“, schreibt die New York Times. In ihrer Recherche deckte die Zeitung auf, dass „politische Einflussnahme nicht nur bei Energoatom, sondern auch beim staatlichen Energiekonzern Ukrenergo sowie bei der ukrainischen Beschaffungsbehörde für Verteidigungsgüter“ stattfand und wohl auch stattfindet.

Die EU und wohl auch die deutsche Regierung mussten davon gewusst haben, dass Steuergelder unterschlagen wurden und die Korruption bis in die Regierung reicht. Norwegens Sondergesandter Christian Syse räumte ein: „Wir legen Wert auf gute Regierungsführung, aber wir müssen dieses Risiko in Kauf nehmen.“ Warum fragt man sich – und bekommt von Syse die Antwort, die keine Antwort, sondern nur ein Eingeständnis doppelter Standards ist: „Weil es in unserem eigenen Interesse liegt, die Ukraine finanziell zu unterstützen.“ Die Unterstützung von Korruption liegt also „in unserem eigenen Interesse“. Verbietet sich unter solchen Umständen nicht, für einen raschen EU-Beitritt der Ukraine zu sorgen?

Die New York Times schreibt: „Herr Selenskyj wurde 2019 mit dem Versprechen gewählt, die Korruption zu bekämpfen. Nach dem russischen Einmarsch 2022 lockerte er jedoch die Antikorruptionsgesetze, angeblich um die Waffenbeschaffung zu beschleunigen und Militärgeheimnisse zu schützen. Herr Selenskyj arbeitete zudem mit Politikern und Wirtschaftsvertretern zusammen, die er zuvor als Kriminelle bezeichnet hatte.“

EU im Korruptionsstrudel

Brüsseler Korruptionsskandal: Anklage gegen Mogherini, Sannino, Zegretti

Ursprünglich hatte die EU, weil sie um die Korruption wusste und ihr vorbeugen wollte, sich ausbedungen, dass der Aufsichtsrat von Staatsfirmen aus sieben Mitgliedern besteht, die die Durchführung von Projekten und die Besetzung wichtiger Positionen im Unternehmen überwachen. Die Mitglieder werden von der Regierung berufen, aber vier von ihnen sollen Ausländer sein, die von einer Liste gewählt werden, die von der EU zusammengestellt wurde.

„Ende 2021 lief der Vorstand von Ukrenergo aus. Europäische und ukrainische Beamte begannen sich zu treffen, um neue Mitglieder zu prüfen. Sie hätten es damals nicht bemerkt, sagen europäische Beamte, aber sie glauben jetzt, dass die ukrainische Regierung diesen Vorstand gekapert und damit eine Strategie für andere Unternehmen entwickelt hat“, indem der ukrainische Energieminister Halushchenko dafür sorgte, dass einer der ausländischen Posten an Roman Pionkowski, einen polnischen Energieexperten, ging.

„Westliche Regierungsvertreter waren überrascht, akzeptierten aber die Nominierung von Herrn Pionkowski als einen der vier ausländischen Experten“, resümiert die New York Times. Die Berufung des Polen Pionkowski zahlte sich für die Ukrainer aus, denn als es um die Entlassung des Chefs von Ukrenergo, das für die Stromversorgung der Ukraine zuständig ist, ging, stellte sich Pionkowski auf die Seite der Ukrainer.

Aufsichtsräte, so muss man nach der Recherche der NYT schlussfolgern, wurden mit Leuten besetzt, die loyal zu Selenskyj und Co. standen, Satzungen wurden einfach umgeschrieben, Sitze absichtlich nicht besetzt, damit das Gremium keine Entscheidungen treffen konnte, oder die Kompetenzen der Aufsichtsräte beschnitten. Der EU blieb das nicht verborgen, doch sie ignorierte diese Vorkommnisse, denn es liegt ja „in unserem eigenen Interesse“.

Weder Nachdenken noch Einsicht

Die Europäer kapieren es nicht: Trump zieht Konsequenzen

In einem undurchsichtigen Reaktorgeschäft sollte der Westen 600 Millionen Dollar zahlen, damit die Ukraine „zwei alte, in Russland konstruierte Kernreaktoren aus Bulgarien“ kaufen konnte. Wie sagte doch Habeck, als er zur gleichen Zeit die Sicherheit der wirklich sicheren deutschen Kernreaktoren in Zweifel ziehen wollte, über die ukrainischen: „Die Ukraine wird an der Atomkraft festhalten. Das ist völlig klar – und das ist auch in Ordnung, solange die Dinger sicher laufen. Sie sind ja gebaut.“

Der britische Geschäftsmann Tim Stone, der Mitglied des Aufsichtsrats von Energoatom werden sollte, nannte die Reaktoren „Frankenstein-Reaktoren“, deren Überprüfung er anordnen wollte. Tim Stone wurde nicht Mitglied des Aufsichtsrates, er warf das berühmte Handtuch. „Während der Vorstand von Energoatom untätig blieb, orchestrierten ukrainische Beamte laut Antikorruptionsermittlern ein Schmiergeldsystem in Höhe von 100 Millionen Dollar im Unternehmen…Acht Personen, darunter Selenskyjs ehemaliger Geschäftspartner, sind in diesem Fall unter anderem wegen Veruntreuung, Geldwäsche und unrechtmäßiger Bereicherung angeklagt.

Selenskyjs engster Vertrauter trat nach einer Hausdurchsuchung zurück, wurde aber nicht angeklagt. Einem ehemaligen stellvertretenden Ministerpräsidenten wird vorgeworfen, mehr als 1,3 Millionen Dollar unterschlagen zu haben“, stellte die NYT fest. Nicht weniger skandalös geht es in der Rüstungsbeschaffung zu. Maryna Bezrukova, die erste Leiterin des Beschaffungsamtes, erklärte, dass die Selenskyj-Regierung sie gedrängt habe „fragwürdige Verträge zu genehmigen, darunter einen mit einem staatlichen Waffenwerk, das nicht in der Lage war, effektiv Mörsergranaten herzustellen…Viele Granaten zündeten nicht, was im Herbst 2024 zu einem öffentlichen Aufschrei führte.“

Das Ausmaß an Korruption, an „anhaltender politischer Einflussnahme“, das bis jetzt von der EU und wohl auch von der deutschen Regierung bewusst ignoriert wurde, legt die Frage nahe, inwieweit ist Selenskyj selbst in die Korruption verwickelt?

Friedrich Merz hätte Wolodymyr Selenskyj die Frage am Nachmittag des 8.12. in Downing Street Nummer 10 stellen können, bevor weitere deutsche Milliarden in ein System mit „anhaltender politischer Einflussnahme“ fließen. Er tat es nicht, dafür moserte er lieber am amerikanischen Entwurf für einen Frieden herum. Oder wie die BBC schreibt: „Der deutsche Bundeskanzler Friedrich Merz äußerte jedoch Skepsis gegenüber „einigen Details, die wir in den von US-amerikanischer Seite kommenden Dokumenten sehen“. Merz fügte hinzu: „Wir alle wissen: Das Schicksal dieses Landes ist das Schicksal Europas.“

Wir wollen nicht hoffen, das Deutschlands Schicksal an den Launen des Friedrich Merz hängt."
Prinzip EU: Krisen sind unser Machtfutter,2025-12-09,https://www.tichyseinblick.de/kolumnen/aus-aller-welt/eu-macht-krisen/,Thomas Punzmann,"Je mehr Macht die Kommissions-Zentralisten an sich reißen, desto weniger bewirkt die EU. Die Träumer von den USE arbeiten, ohne es zu merken, am Ende der EU.","Die Geschichte der EU ist eine Geschichte der Krisen. Genauer, wie sie Krisen für die eigenen Interessen instrumentalisiert. Denn ohne Krisen, die zu der Zeit, in der sie stattfanden, immer als existentielle Bedrohung wahrgenommen worden waren, wären die jeweiligen Verträge, in der sich europäische Staaten erst zur EWG und später zur EU zusammengeschlossen haben, nicht, oder erst später, wahrscheinlich jedoch nicht in dieser weitreichenden Form möglich gewesen. Wer Angst hat, glaubt sich in der Gruppe besser aufgehoben und akzeptiert Machtverschiebungen, denen er ohne Angst nicht zustimmte.

Die Befürworter der europäischen Einigung wussten immer das Momentum, dass die Angst solcher existenziellen Krisen bedeutet, für ihre Sache maximal auszunutzen. Daher wollen die Befürworter der Vereinigten Staaten von Europa die einmalige Gelegenheit, die ihnen der Krieg in der Ukraine bietet, auf keinen Fall versäumen. Die Tausenden toter junger Ukrainer und Russen, die jeder Tag Krieg mehr fordert, sind deshalb aus der zynischen Sicht der EU-Staats-Träumer zu vernachlässigen.

Allerdings läuft den EU-Staats-Protagonisten trotz, oder gerade wegen ihres Pro-Kriegs-Handelns, die Zeit davon. Denn ihr Handeln wirkt in gegensätzliche Richtungen. Um so verbissener die EU-Führer im Inneren der EU Meinungsfreiheit durch Zensur und Denunziationsnetzwerke einschränken, und um so verbissener sie mit ihrer öko-sozialistischen und planwirtschaftlichen Weltrettungsideologie die Wirtschaft knebeln und aus der EU raustreiben, um so mächtiger werden sie in der EU, aber umso unbedeutender wird die EU in der Welt. Wirtschaftlich und politisch.

Deshalb ist ist zu vermuten, sollten die “Vereinigten Staaten von Europa” einmal tatsächlich entstanden sein, wird diese EU nichts weiter nehr sein als der heruntergekommene, verarmte und zu vernachlässigende geografische Endpunkt eines von China dominierten Handelsnetzes.

Christopher Booker und Richard North haben dieses Sichdienstbarmachen von Krisen der EU-Befürworter in “The Great Deception” ausführlich beschrieben.

Hier sind die wichtigsten Verträge und die ihnen vorangehenden Krisen aufgezählt.

Dem Vertrag über die Gründung der Europäischen Gemeinschaft für Kohle und Stahl (EGKS-Vertrag) 1951 wurde während der Koreakrise von sechs Staaten unterzeichnet. Dieser Vertrag gilt als erster Schritt zur europäischen Integration. Die parallel von den USA gewollte Europäische Verteidigungsgemeinschaft derselben sechs Staaten („Pleven-Plan“) inklusive neuer deutscher Truppen scheiterte 1954 an Frankreichs Nationalversammlung.

Den Römischen Verträgen von 1957, der sechs Gründungsstaaten Frankreich, Deutschland, Italien, Belgien, den Niederlanden und Luxemburg, ging 1956 die Suezkrise voraus. Die Römischen Verträge legten den Grundstein für die Europäische Wirtschaftsgemeinschaft (EWG) und die Europäische Atomgemeinschaft (Euratom) und schufen die Grundlage für einen gemeinsamen Markt.

Dem Fusionsvertrag von1965, der einheitliche Organe für die drei Gemeinschaften (EGKS, EWG, Euratom) schuf, ging 1962 die Kubakrise voran. Die Kubakrise, ausgelöst durch den Versuch der Sowjetunion Atomraketen auf Kuba, direkt vor der amerikanischen Küste zu stationieren, gilt bis heute als ein Szenarium, bei dem ein Atomkrieg fast schon als sicher galt.

Die Ölkrisen von 1973 und 1979 hatten nicht direkt neue Verträge zu Folge. Doch die Angst, die entstanden war, als dem Westen seine Energie-Abhängigkeit deutlich vor Augen geführt wurde, begünstigte natürlich, das, was später als “Ever closer Union”, in den Sprachgebrauch eingegangen ist, weiterzuentwickeln.

Aber der Erste Golfkrieg (1980–1988) zwischen dem Irak und dem Iran half, die Einheitliche Europäische Akte (EEA) verabschiedet zu bekommen. Sie wurde 1986 mit dem Ziel unterzeichnet, den gemeinsamen Binnenmarkt zu vollenden.

Der 2. Golfkrieg von 1991 half endlich, den Vertrag von Maastricht unter Dach und Fach zu bekommen. Er wurde 1992 unterzeichnet und trat 1993 in Kraft und ist die Grundlage der Europäische Union in ihrer heutigen Form. In ihm wurden Schuldenregeln vereinbart, an die sich heute längst niemand mehr gebunden fühlt.

Die Asienkrise 1997/98 half, den Vertrag von Amsterdam 1997 zu verabschieden. In ihm wurden Reformen der EU vereinbart, außerdem sollte die Zusammenarbeit in Bereichen wie Justiz und Inneres verbessert werden.

Dem Vertrag von Nizza 2001, laut EU-Selbstverständnis ein weiterer Meilenstein zur “Ever closer Union”, der die Aufnahme neuer Mitgliedstaaten im Jahr 2004 vorbereiten sollte, waren die Russlandkrise 1998/99, sowie die Tequila-Krise in Mexiko 1994/95, Bosnienkrieg und Völkermord in Ruanda 1994 vorangegangen.

2001 war der terroristische Angriff auf das World-Trade-Center 2001 in New York. Kaum ein Ereignis hat die Welt so fundamental verändert wie dieser Anschlag. 2007 wurde dann, selbstverständlich unter dem nachwirkenden Eindruck dieses Ereignisses, der Vertrag von Lissabon 2007 unterzeichnet. Dieser Vertrag trat 2009 in Kraft und bildet die Grundlage der heutigen EU.

Es ist also nicht verwunderlich, dass der Krieg in der Ukraine, nach der von der EU massgeblich befeuerte Coronakrise, den jetzigen Verantwortlichen der EU wie ein Gottesgeschenk vorkommen muss. Endlich glauben sie, ihrem Ziel der Vereinigten Staaten von Europa noch etwas näher kommen zu können.

Das Mittel der Wahl sind, wie in den USA des 18.Jahrhunderts, gemeinsame Schulden. Alexander Hamilton gilt in der EU jetzt als das große Vorbild. Er riet damals Finanziers, in ihn zu investieren. Würden sie seine Wahl finanziell unterstützen, versprach Hamilton die volle Erstattung wertlos gewordener Schuldscheine aus dem Unabhängigkeitskrieg gegen England, die seine Unterstützer vorher zu Bruchteilen des einstigen Wertes aufgekauft hatten.

Nach dem er dann von 1789 bis 1795 Finanzminister in der Regierung von George Washington war, konnte er sein Versprechen einhalten und die Schuldscheine zu vollem Wert erstatten. So entstanden große Vermögen, bezahlt durch höhere Steuern von denen, die vorher schon durch die Entwertung der Schuldscheine um ihr Geld betrogen worden waren. Bei Wikipedia klingt das, politisch sehr korrekt, so: »Die Verschuldung plante er zu „finanzieren“ und zu „etablieren“, also alle Schulden und Zinsen zu zahlen, um Vertrauen in der Regierung zu erzeugen und die Schulden zu Geldmittel für die Bevölkerung umzuwandeln«.

Der Präsident des amerikanischen Ludwig von Mises Institute, Thomas DiLorenzo hat das in seinem Buch “Hamilton’s Curse: How Jefferson’s Arch Enemy Betrayed the American Revolution–and What It Means for Americans Today” beschrieben.

Aber mit gemeinsamen Schulden waren die USA noch nicht entstanden. Es gab noch den Bürgerkrieg, der nichts anderes als ein Unterwerfungskrieg gegen Staaten war, in denen eine kleine europäisch-stämmige Minderheit die Mehrheit als faktische, so bei den mittellosen weißen Schichten wie im Falle der schwarzen Minderheit als tatsächliche Sklaven unterdrückte und missbrauchte.

Der Bürgerkrieg zwischen den Südstaaten und den Nordstaaten brach aus, als die Sezessionisten, das in der United States Constitution ausdrücklich festgelegte Recht auf Austritt aus dem Staatenbund wahrnehmen wollten. Sie wurden militärisch daran gehindert und vernichtend geschlagen. Sie wurden mit Gewalt zum Verbleib im Staatenbund gezwungen. Nicht von ungefähr heißt der Bürgerkrieg im Süden noch heute „Krieg zwischen den Staaten“. Ironischerweise waren es nicht ganz fünfzig Jahre vorher die Nordstaaten aus New England, die zu Beginn des 19. Jahrhunderts die Vereinigten Staaten von Amerika verlassen wollten.

Der amerikanische Bürgerkrieg, dessen Hauptziel die Entmachtung der Länder und die Stärkung der zentralistischen Regierung war, wurde dann zu einem der blutigsten Kriege der neueren Geschichte. Thomas DiLorenzo hat auch das in seiner Lincoln-Biografie von 2002 beschrieben: “Bedenkt man die enormen Kosten des Krieges – 620.000 tote Soldaten, tausende von zivilen Opfern in den Südstaaten, hunderttausende von lebenslang verkrüppelten Männern, die fast totale Zerstörung von etwa 40 Prozent der nationalen Wirtschaft und dazu die direkten Kosten des Krieges selbst – hätten sich die meisten Amerikaner wahrscheinlich für eine andere Lösung der Sezession entschieden. Es hätte sie nur einen winzigen, fast trivialen, Bruchteil der Kosten dieses totalen Krieges gekostet. Aber Lincoln hatte den Amerikanern nie eine Wahl gelassen”.

“Um das ungeheure Ausmaß dieses Krieges zu verstehen, lohnt es sich die toten Soldaten in Relation zur damaligen Bevölkerung zu stellen”.

“620.000 tote Soldaten bei einer Bevölkerung von 30 Millionen entsprächen heute 5 Millionen toten Soldaten bei einer Bevölkerung von 300 Millionen. Das wären also fast hundertmal soviel, wie die 58.000 amerikanischen Soldaten, die im zehnjährigen Vietnam-Krieg getötet wurden. Dabei sind aber die Tausende von Zivilisten nicht mitgezählt, die in den Südstaaten getötet wurden, als die Bundesarmeen Städte und Ortschaften von Vicksburg, Mississippi, bis Charleston, South Carolina, und Atlanta, Georgia, bombardierten. Jeder vierte weiße Südstaatler im Alter zwischen 20 und 40 Jahren kam während des Krieges ums Leben. Bei einer Bevölkerung von 10 Millionen, waren das etwa 3 Prozent der Bevölkerung. Drei Prozent der heutigen Bevölkerung der USA entsprächen ungefähr erschreckenden 8,4 Millionen Todesopfern”.

Es wäre zu hoffen, dass EU-Größen, allen voran die demokratisch zweifelhaft legitimierte EU-Kommissionspräsidentin Ursula von der Leyen und andere Politiker der EU –

die sich in ihrer Kriegsrhetorik gegenseitig zu übertreffen suchen

– gelegentlich auch diesen möglichen Aspekt ihres Traums von den Vereinigten Staaten von Europa bedächten. Was diese Träumer vom Zentralstaat Vereinigte Staaten von  Europa und Gegner jeder demokratischen und freiheitlichen Dezentralität nicht tun werden."
Friedrich Merz in der Arena der ausgewählten Wähler,2025-12-09,https://www.tichyseinblick.de/feuilleton/medien/friedrich-merz-in-der-arena/,Gastautor,"Wehrdienst, Rüstung, Rente - Merz schlawinert  sich um die Kontroversen. Kritik wurde von vornherein weggewählt. So erscheint Deutschland lebenswert und anderswo ist es immer noch schlimmer. Fehlt nur, dass die Wähler auch so ausgewählt werden wie dieses Publikum. Von Franka Haase","Wie funktioniert Demokratie beim ÖRR? „Demokratie auf Augenhöhe“ – das ist das Motto der Arena. Einhundertfünfzig handverlesene Bürger durften ihre Fragen dem Bundeskanzler Friedrich Merz stellen. Wer dazu Lust hatte, bewarb sich im Voraus bei der Redaktion, die Fragen aus „einer breiten Palette“ auswählte: Wehrdienst, Gesundheit, Pflege, Rente, Migration und Infrastruktur. Fragen zu den gebrochenen Wahlversprechen der CDU waren nicht dabei. Willkommen im ÖRR.

Die Arena wurde durch Jessy Wellmer und Louis Klamroth moderiert. Die Sendung lief ansonsten häufig vor Bundestagswahlen. Heutiges Thema war Merz‘ erstes Regierungsjahr und Ausblicke für 2026. Wie würde er seinen Regierungsstil als Handwerksberuf beschreiben? Ein spielerischer Einstieg für Merz. Als Maurer, erwidert er und lacht. Das Fundament der Bundesrepublik sei vorhanden, das Haus müsse jedoch neu aufgebaut werden. Er arbeite stetig daran. Solch unkonkrete Aussagen füllen den Abend. Merz schlawinert sich durch, windet sich an jeder konkreten Frage vorbei oder untendurch – Limbo.

Deutschlandliebe und Rüstungsträume

Weiter geht es mit dem Wehrdienst. Wie die Jüngeren auf einen frühen Tod vorbereiten? Ein aktiver Berufssoldat glaubt, in der aktuellen politischen Situation nicht älter als vierzig zu werden. Er habe sich damit abgefunden, doch wie das den anderen schmackhaft machen? Merz möchte Deutschland zur „stärksten konventionellen Armee Europas“ machen – ein Traum für den Rheinmetallchef Armin Papperger. Dessen Firma expandiert und wandelt stillgelegte Autoproduktionshallen in Rüstungswerke. Dann kommt es hoffentlich gar nicht zum Verteidigungsfall, meint Merz. Er beschreibt Deutschland als liebens- und lebenswertes Land. Wer wolle denn woanders leben, tönt er vollmundig und offenbart seine komplette Realitätsferne. Er lebt in seiner Scheinwelt von Wohlhabenden. Seine Bekenntnisse offenbaren so die Schizophrenie deutscher Politik, die ihre Wahlplakate für Wirklichkeit hält. Wehrdienst ja – doch wer eine Deutschlandflagge hisst, ist rechts und hat Konsequenzen zu fürchten. Unter welcher Flagge wird die Bundeswehr im Kriegsfall in den Krieg ziehen?

Einen Gegenvorschlag bringt Bettina Simon: Die Nato investiere weltweit bereits das meiste Geld in Rüstung, deutlich mehr als Russland. Wie wäre es, das Geld in die Infrastruktur zu stecken? Der NDR vergisst an dieser Stelle auf ihre frühere Parteimitgliedschaft und Politikertätigkeit bei den Linken hinzuweisen. Dieser „Zufall“ reiht sich ein in eine Vielzahl ähnlicher Vorfälle. Beispielsweise waren im vergangenen Jahr viele Schauspieler in der Sendung „Die 100“ zu sehen. Auch heute läuft diese im Anschluss mit einem Großteil des Arena-Publikums. Und Merz? Der möchte weiterhin der Ukraine zur Seite stehen, das hat er erst heute wieder Selenskyj in London bestätigt. Also weiterhin Geld und Waffen in die Ukraine schicken – aus Liebe zu Deutschland. Renten zu niedrig, Bürgergeld zu hoch? Bei Merz hat alles seine Ordnung, auch wenn der Haushalt längst in Unordnung ist.

Die Partei-Herde zieht brav mit zum Metzger

Friedrich Merz stürzt Deutschland ins Chaos, die Pleite und den Klassenkampf

CDU-Floskeln als Zukunftsvision

Ein Notfallsanitäter weist auf die magere finanzielle Ausstattung des Katastrophenschutzes hin und dass es in diesem Bereich die meisten Ehrenamtlichen weltweit gäbe. Merz nimmt wieder seine patriotische Position ein: Deutschland sei besser aufgestellt als viele andere Länder. Um die Ehrenamtlichen wertzuschätzen wurde nun eine Ministerin für Sport und Ehrenamt eingesetzt, auch eine Erhöhung der Ehrenamtspauschale stehe an. Was für ein Segen für die Ehrenamtlichen. Wie das den Katastrophenschutz strukturell verbessert, verrät Merz nicht. Merz ist der Meister des Ungefähren und gebrochene Versprechen – daran erinnert er sich nicht.

Auch beim Thema Rente bleibt er gekonnt vage. Man warte die Ergebnisse der Rentenkommission im kommenden Jahr ab. Toll. Warum wurde dann vorher ein Gesetz verabschiedet? Wenn man erst später die Lage erkennt?  Mehrfach bringt er beliebte CDU-Floskeln ein: Die Deutschen arbeiten zu wenig, Leistung und Arbeit müssen sich wieder lohnen und Deutschland muss wieder wettbewerbsfähig werden. Sprüche, so billig. Nur in Randbereichen wird´s mal konkret.

Die Sorgen dreier Hebammen sind dem Kanzler neu. Sie berichten, wegen der Hebammen-Gesetzesnovelle, die im November in Kraft getreten ist, bangen viele um ihre wirtschaftliche Existenz. Durch die Novelle sind sie von bis zu 40 Prozent Verdiensteinbußen betroffen. Er verspricht, die Thematik mitzunehmen. Das dürfte sie wenig erleichtern, bedenkt man Merz‘ Versprechenskultur.

Demokratieverständnis des Kanzlers

Anders sieht es bei der Brandmauer zur AfD aus. Merz will mit allen Mitteln verhindern, dass die AfD an die Macht kommt. Schließlich ist er ein echter Demokrat. Die Schuld für das Erstarken der AfD allein bei seiner CDU zu suchen, liegt ihm fern. Natürlich trägt auch die SPD ihren Anteil daran, dass die AfD bei den Wahlen zusehends Stimmen gewinnt. Die Fehler im Außen zu suchen, darin ist Friedrich Merz groß. Die Stimmen der Wähler zu respektieren ist nicht Teil seines Demokratieverständnisses. Er wollte die AfD halbieren – und hat sie verdoppelt. Auf die Idee, dass dies die Folge seiner gebrochenen Versprechen und ungehaltenen Zusagen sowie der verheerenden wirtschaftlichen und sozialen Lage sein könnte? Dass er selbst der AfD-Turbo ist? Darauf kommt er nicht

Jessy Wellmer beendet die Runde mit der billigst möglichen Ausrede: „Wir bräuchten mehr Zeit, für so viele Dinge.“ Doch insgesamt ein Erfolg. Selbst Merz‘ Schnupfen ist besser geworden während des Bürgergesprächs, stellt er lachend fest. Dann ist ja alles in bester Ordnung! Auch das Publikum lacht und applaudiert – wie wunderbar ein kuratiertes Publikum ist. Wenn man doch auch die Wähler so auswählen könnte, ehe sie zum Wählen zugelassen werden. Aber das kann ja noch kommen. Alles deutet darauf hin."
Der gestohlene Lebensstandard im Alter ist eine schreiende Schande – Sozialstaat war einmal,2025-12-09,https://www.tichyseinblick.de/daili-es-sentials/merz-rente/,Fritz Goergen,"Der Diebstahl des Lebensstandards im Alter ist ein Offenbarungseid der vereinigten Sozialisten von Rotgrünschwarzrot. Und die Berufseuropäer wollen den USA verbieten, was sie selbst in Osteuropa und am Balkan permanent tun: einmischen.","Der Diebstahl des Lebensstandards im Alter ist ein Offenbarungseid der vereinigten Sozialisten von Rotgrünschwarzrot. In der Rentendebatte wollen alle Seiten das unrettbare Beitragssystem retten, statt den hart erarbeiteten Lebensstandard der Beitragszahler im Alter. Millionen Bürger sind diesem systematisch gebrochenen Versprechen des Unsozialstaats auf den Leim gegangen. Die Priorität der Classe Politique ist sie selbst. Für ihren Machterhalt macht sie Milliarden und Billionen Schulden, verwendet sie aber nicht für das Leben der Rentner und die Zukunft der Jugend, sondern für die Fortsetzung eines Krieges, den die Ukraine nicht gewinnen kann.

Nach JU-Vormann Johannes Winkel müsse die Rente auf den demografischen Wandel eingestellt werden. Nein, Herr Winkel, die Rente muss das Versprechen des alten Sozialstaats auf den verdienten Lebensstandard erfüllen. Und die politmediale Klasse sollte sich auf ihr Ende einstellen.

Von nirgendwo sonst, Herr Merz, kommt der Wohlstand für Alle her, der erst ein Leben in Freiheit möglich macht, als von einer freien Wirtschaft. Wissen Sie das nicht oder ist es Ihnen egal? Wie sonst könnten Sie der Ruinierung des Landes vorsitzen?

Hidden Champions.

Unternehmen mit zehn Millionen bis fünf Milliarden Umsatz, oft Weltmarktführer in hochspezialisierten Nischen, stehen vergessen im Schatten von Medien und Politik. Hustet Volkswagen, tagt der Krisenstab. Stirbt ein Laser-, Maschinen- oder Sensorik-Weltmarktführer in Balingen, Mendig oder Aurich, merkt es niemand.

Erklären die Professoren Karlheinz Schwuchow und Hermann Simon.

Letzterer: „Seit 2010 haben die Hidden Champions im Schnitt mehr Mitarbeiter im Ausland als in Deutschland.“ Das sei kein Betriebsdetail, sondern eine tektonische Verschiebung der Wertschöpfung. Während die Regierung die „Abhängigkeit von China“ beklagt, hat sich der deutsche Mittelstand selbst globalisiert, weil er musste – weil Standortpolitik, Energiepreise, Regulierung und Talentzugang keine Zukunft lassen. Die politische Ironie:

Unternehmen, die als besonders „deutsch“ gelten, sind heute oft globaler als Konzerne.

Merz-Quotient.

Merz will den Kanzlerstuhl der Ohnmacht um jeden Preis be-sitzen. Die AfD „halbieren“, sagte er gestern in der ARD-Sendung „Arena“ , „habe ich zu einem Zeitpunkt gesagt, wo wir in der Opposition waren … Und wo wir die falschen Entscheidungen bis hin in die Flüchtlingspolitik getroffen haben, und die sind wir jetzt gerade dabei, zu korrigieren“. Ankündigungen sind keine Korrekturen. Merz machte die Ankündigung AfD „halbieren“ 2018 bei CDU-Regionalkonferenzen auf der Suche nach einem neuen Vorsitzenden. Die AfD lag damals in den Umfragen zwischen 13 und 18 Prozent, jetzt wird sie auf 24 bis 27 Prozent taxiert.

– Nix halbiert, Herr Merz, verdoppelt.

Phantom Europa.

EUvdL und die Ihren sprechen immer von sich als Europa, hinter dem nicht einmal sein EU-Teil steht. Nun werfen sich Macron und Merz zusammen mit Starmer von den ausgetretenen Briten als „Die Europäer“ in Szene und wollen

den Krieg gegen Russland von Selenskyj gewinnen

lassen. Wieviel von den Zuschuss-Milliarden im Luxus der ukrainischen und EU-lichen Kriegsgewinnler landet, scheint sie nicht zu kümmern.

Pharisäer Europa.

Der Regierung Trump-Vance werfen sie zaghaft vor, sich in ihre Angelegenheiten einzumischen. Sie wollen also den USA verbieten, was „Die Europäer“ und die EU-Kommission in Polen und der Ukraine getan haben, in Ungarn nun vor kommenden Wahlen verstärkt versuchen, gegen die tschechische wie slowakische Republik scheitern, unter dem rotgrünen Vorreiter am Balkan taten und bis heute in Bosnien und Herzegowina fortsetzen: Die

institutionalisierte Einmischung

in die inneren Angelegenheiten mit dem Erpressungsmittel der Gewährung und Entziehung von Zuschüssen aus den Steuergeldern der Bürger, die wie die Rentner in Deutschland sehen können, wo sie bleiben, wenn die Oberen Kriege der verschiedensten Art führen (lassen).

Rauswinden.

Das EU-Lieferkettengesetz wird noch vor Inkrafttreten abgeschwächt. Unterhändler der EU-Staaten und des EU-Parlaments erzielten heute Nacht eine entsprechende Einigung, die Richtlinien zur Nachhaltigkeitsberichterstattung von Unternehmen (CSRD) und zur unternehmerischen Sorgfaltspflicht (CS3D) zu vereinfachen. Die Vorgaben sollen nur noch für wenige große Unternehmen gelten.

Ihr Wokommunisten der letzten Tage, eure Zeitgeist-Uhr läuft ab."
"Deutschland im Stresstest, Wirtschaft bricht ein, Staat verliert Kontrolle – TE-Wecker am 9. Dezember 2025",2025-12-09,https://www.tichyseinblick.de/podcast/te-wecker-am-9-dezember-2025/,Holger Douglas,"Der TE-Wecker erscheint montags bis freitags – und bietet Ihnen einen gut informierten Start in den Tag. Ideal für den Frühstückstisch – wir freuen uns, wenn Sie regelmäßig einschalten. An Wochenenden und Feiertagen erscheint der Wecker mit einer Schwerpunktsendung.","Ich bin damit einverstanden, dass mir Inhalte von Soundcloud angezeigt werden.

Abonnieren ▼

iTunes

Amazon

Spotify

+++ NRW im Job-Kollaps – Industrie bricht weg, Regierung schaut weg: Transformation statt Arbeitsplätze +++ Monat für Monat verschwinden allein in NRW über 2.100 Industriearbeitsplätze +++ Regierung verlängert Kurzarbeitergeld – Schmerzmittel für eine sterbende Wirtschaft +++ „Allahu Akbar“ statt Rückkehr – Syrische Jubelfeiern mitten in Deutschland auf Weihnachtsmärkten +++ Majestätsbeleidigung 2.0 – Merz lässt Tausende von Bürgern verfolgen +++ Adventsgewalt – Messerattacken von Nord bis Süd +++ was die Tagesschau verschweigt +++ TE-Energiewende-Wetterbericht +++

Alle Fakten zur steuerfreien Anlage in Silbergranulat, sicher verwahrt im Schweizer Zollfreilager, finden Sie auf

https://www.silber-deposito.ch/

.

☎️ Sie telefonieren lieber, dann erreichen Sie die BB Wertmetall Experten unter 0341 99 17 000.

🪙 Neukunden erhalten mit dem Vorteilscode: „Silber25“ eine Viertel Unze Silber gratis nach Hause geliefert."
