Date,Title,Summary,Text,Comments,URL,Full_Text
2025-09-30,Donald Tusk: „Dies ist unser Krieg“,"Der polnische Ministerpräsident Tusk hat auf einer Sicherheitskonferenz in Warschau erklärt, der Krieg gegen Russland sei ""unser Krieg"". Zuvor hatte der lettische Verteidigungsminister erklärt, ""wir"" würden einen ""hybriden Krieg gegen Russland” führen.","Kriegserklärung
Donald Tusk: „Dies ist unser Krieg“
Der polnische Ministerpräsident Tusk hat auf einer Sicherheitskonferenz in Warschau erklärt, der Krieg gegen Russland sei ""unser Krieg"". Zuvor hatte der lettische Verteidigungsminister erklärt, ""wir"" würden einen ""hybriden Krieg gegen Russland” führen.
von Anti-Spiegel
30. September 2025 18:03 Uhr
Die Kriegsrhetorik in Europa eskaliert inzwischen täglich. Nachdem Bundeskanzler Merz bereits vor einigen Tagen erklärt hat, „wir“ seien zwar „nicht im Krieg, aber wir leben auch nicht mehr im Frieden“ und er das übrigens am Montag in einem Gespräch mit der Rheinischen Post wortwörtlich wiederholt hat, haben weitere EU-Politiker nachgelegt.
So erklärte der lettische Verteidigungsminister am 30. September, sein Land befinde sich in einem hybriden Krieg mit Russland:
„Formal befinden wir uns nicht im Krieg, aber auch nicht im Frieden. Wir führen einen hybriden Krieg. Das ist die Realität, der wir uns stellen müssen, die wir berücksichtigen und auf die wir vorbereitet sein müssen.“
Zuvor hatte er mitgeteilt, dass die lettische Regierung beschlossen hat, den Luftraum des Landes entlang der russischen Grenze ab dem 11. September innerhalb einer 50-Kilometer-Zone bis zu einer Höhe von sechs Kilometern vollständig zu sperren. Die Entscheidung sei nach einer Risikobewertung auf Empfehlung der lettischen Streitkräfte getroffen worden.
Am 29. September trat der polnische Ministerpräsident Tusk auf dem Warschauer Sicherheitsforum, einer internationalen Sicherheitskonferenz, auf und sagte in seiner Rede (im Video von Minute 0.20 bis 0.52):
„Ob es jemandem gefällt, oder nicht: Dies ist unser Krieg. Nicht nur aus Solidarität mit denen, die angegriffen werden, sondern wegen unserer fundamentalen Interessen. Wenn wir den Krieg verlieren – und wir müssen in der ersten Person sprechen -, werden die Konsequenzen nicht nur unsere Generation betreffen, sondern die künftigen Generationen in Polen, ganz Europa, den USA, der ganzen Welt. Lassen Sie uns darüber keine Illusionen haben.“
Wenn man sich dann noch daran erinnert, dass der französische Präsident Macron schon seit anderthalb Jahren davon redet, Truppen in die Ukraine schicken zu wollen, und sich die Erklärungen beispielsweise der dänischen Ministerpräsidentin anschaut, die die Drohnenvorfälle, von denen laut dem dänischen Militär niemand weiß, wer dahinter steckt, als russische Angriffe bezeichnet, dann ergibt sich ein Bild, demgemäß die führenden Politiker der EU offen einen Krieg mit Russland herbeireden.
Nur einer scheint noch bei klarem Verstand zu sein, denn der ungarische Ministerpräsident Orban reagierte auf Tusks Rede umgehend auf X, wo er schrieb:
„Lieber Donald Tusk, du denkst vielleicht, dass du im Krieg mit Russland bist, aber Ungarn ist es nicht. Auch die Europäische Union nicht. Du spielst ein gefährliches Spiel mit dem Leben und der Sicherheit von Millionen Europäern. Das ist sehr schlecht!“

Teile diesen Beitrag
teilen 
teilen 
teilen 
teilen 
teilen 
E-Mail 
teilen 
AUTOR: ANTI-SPIEGEL
Thomas Röper, geboren 1971, hat als Experte für Osteuropa in Finanzdienstleistungsunternehmen in Osteuropa und Russland Vorstands- und Aufsichtsratspositionen bekleidet. Heute lebt er in seiner Wahlheimat St. Petersburg. Er lebt über 15 Jahre in Russland und spricht fließend Russisch. Die Schwerpunkte seiner medienkritischen Arbeit sind das (mediale) Russlandbild in Deutschland, Kritik an der Berichterstattung westlicher Medien im Allgemeinen und die Themen (Geo-)Politik und Wirtschaft.
SCHREIBE EINEN KOMMENTAR
Du musst angemeldet sein, um einen Kommentar abzugeben.
Nächster Beitrag: U-Boote an Russlands Grenzen und ein Krieg gegen Übergewicht: Trumps und Hegseths Erklärungen vor den Generälen",,https://anti-spiegel.ru/2025/donald-tusk-dies-ist-unser-krieg/,"Donald Tusk: „Dies ist unser Krieg“ Der polnische Ministerpräsident Tusk hat auf einer Sicherheitskonferenz in Warschau erklärt, der Krieg gegen Russland sei ""unser Krieg"". Zuvor hatte der lettische Verteidigungsminister erklärt, ""wir"" würden einen ""hybriden Krieg gegen Russland” führen. Kriegserklärung
Donald Tusk: „Dies ist unser Krieg“
Der polnische Ministerpräsident Tusk hat auf einer Sicherheitskonferenz in Warschau erklärt, der Krieg gegen Russland sei ""unser Krieg"". Zuvor hatte der lettische Verteidigungsminister erklärt, ""wir"" würden einen ""hybriden Krieg gegen Russland” führen.
von Anti-Spiegel
30. September 2025 18:03 Uhr
Die Kriegsrhetorik in Europa eskaliert inzwischen täglich. Nachdem Bundeskanzler Merz bereits vor einigen Tagen erklärt hat, „wir“ seien zwar „nicht im Krieg, aber wir leben auch nicht mehr im Frieden“ und er das übrigens am Montag in einem Gespräch mit der Rheinischen Post wortwörtlich wiederholt hat, haben weitere EU-Politiker nachgelegt.
So erklärte der lettische Verteidigungsminister am 30. September, sein Land befinde sich in einem hybriden Krieg mit Russland:
„Formal befinden wir uns nicht im Krieg, aber auch nicht im Frieden. Wir führen einen hybriden Krieg. Das ist die Realität, der wir uns stellen müssen, die wir berücksichtigen und auf die wir vorbereitet sein müssen.“
Zuvor hatte er mitgeteilt, dass die lettische Regierung beschlossen hat, den Luftraum des Landes entlang der russischen Grenze ab dem 11. September innerhalb einer 50-Kilometer-Zone bis zu einer Höhe von sechs Kilometern vollständig zu sperren. Die Entscheidung sei nach einer Risikobewertung auf Empfehlung der lettischen Streitkräfte getroffen worden.
Am 29. September trat der polnische Ministerpräsident Tusk auf dem Warschauer Sicherheitsforum, einer internationalen Sicherheitskonferenz, auf und sagte in seiner Rede (im Video von Minute 0.20 bis 0.52):
„Ob es jemandem gefällt, oder nicht: Dies ist unser Krieg. Nicht nur aus Solidarität mit denen, die angegriffen werden, sondern wegen unserer fundamentalen Interessen. Wenn wir den Krieg verlieren – und wir müssen in der ersten Person sprechen -, werden die Konsequenzen nicht nur unsere Generation betreffen, sondern die künftigen Generationen in Polen, ganz Europa, den USA, der ganzen Welt. Lassen Sie uns darüber keine Illusionen haben.“
Wenn man sich dann noch daran erinnert, dass der französische Präsident Macron schon seit anderthalb Jahren davon redet, Truppen in die Ukraine schicken zu wollen, und sich die Erklärungen beispielsweise der dänischen Ministerpräsidentin anschaut, die die Drohnenvorfälle, von denen laut dem dänischen Militär niemand weiß, wer dahinter steckt, als russische Angriffe bezeichnet, dann ergibt sich ein Bild, demgemäß die führenden Politiker der EU offen einen Krieg mit Russland herbeireden.
Nur einer scheint noch bei klarem Verstand zu sein, denn der ungarische Ministerpräsident Orban reagierte auf Tusks Rede umgehend auf X, wo er schrieb:
„Lieber Donald Tusk, du denkst vielleicht, dass du im Krieg mit Russland bist, aber Ungarn ist es nicht. Auch die Europäische Union nicht. Du spielst ein gefährliches Spiel mit dem Leben und der Sicherheit von Millionen Europäern. Das ist sehr schlecht!“

Teile diesen Beitrag
teilen 
teilen 
teilen 
teilen 
teilen 
E-Mail 
teilen 
AUTOR: ANTI-SPIEGEL
Thomas Röper, geboren 1971, hat als Experte für Osteuropa in Finanzdienstleistungsunternehmen in Osteuropa und Russland Vorstands- und Aufsichtsratspositionen bekleidet. Heute lebt er in seiner Wahlheimat St. Petersburg. Er lebt über 15 Jahre in Russland und spricht fließend Russisch. Die Schwerpunkte seiner medienkritischen Arbeit sind das (mediale) Russlandbild in Deutschland, Kritik an der Berichterstattung westlicher Medien im Allgemeinen und die Themen (Geo-)Politik und Wirtschaft.
SCHREIBE EINEN KOMMENTAR
Du musst angemeldet sein, um einen Kommentar abzugeben.
Nächster Beitrag: U-Boote an Russlands Grenzen und ein Krieg gegen Übergewicht: Trumps und Hegseths Erklärungen vor den Generälen"
2025-09-30,Wie der Spiegel von der Gefahr eines Super-GAU im AKW Saporoschje als Folge von ukrainischem Beschuss ablenkt,Die Ukraine hat die Stromversorgung des AKW-Saporoschje durch Beschuss zerstört und es droht eine Kernschmelze. Der Spiegel bereitet seine Leser auf seine ganz eigene Art und Weise auf eine mögliche Katastrophe vor.,"Kriegspropaganda
Wie der Spiegel von der Gefahr eines Super-GAU im AKW Saporoschje als Folge von ukrainischem Beschuss ablenkt
Die Ukraine hat die Stromversorgung des AKW-Saporoschje durch Beschuss zerstört und es droht eine Kernschmelze. Der Spiegel bereitet seine Leser auf seine ganz eigene Art und Weise auf eine mögliche Katastrophe vor.
von Anti-Spiegel
30. September 2025 12:00 Uhr
Letzte Woche hat die ukrainische Armee die Stromversorgung des AKW Saporoschje durch Beschuss zerstört. Das seit 2022 abgeschaltete AKW braucht jedoch externe Stromversorgung, um die Kühlung der Brennstäbe in seiner sechs Reaktoren sicherzustellen, die sich ohne Kühlung unkontrolliert erhitzen und schließlich schmelzen würden. Das würde einen Super-GAU bedeuten.
Seit inzwischen sechs Tagen wird die Stromversorgung des AKW nun mit Dieselgeneratoren sichergestellt, eine Gefahrensituation, wie es sie in der Geschichte der Kernkraft noch nie gegeben hat. Da der Diesel irgendwann zur Neige gehen könnte und ukrainischer Beschuss von Tankwagen den Nachschub bedroht, wird die Lage immer gefährlicher.
Gefährliche Desinformation
Der Spiegel hat vor einigen Tagen darüber berichtet, seine Leser dabei aber in wirklich unverantwortlicher Weise desinformiert, indem er unter der Überschrift „Angriffskrieg gegen die Ukraine – Russland will AKW Saporischschja laut Ukraine an eigenes Netz anschließen“ nur die ukrainische Propaganda nachgeplappert hat, ohne auch die andere Seite zu Wort kommen zu lassen. In der Einleitung schrieb der Spiegel:
„Der ukrainische Außenminister warnt vor »großen Risiken«, sollte das Atomkraftwerk im Süden der Ukraine an russische Netze angeschlossen werden. Der russische Betreiber weist die Vorwürfe zurück.“
Schon das ist reine Desinformation, denn welche Risiken sollten entstehen, wenn das AKW an russische Stromnetze angeschlossen würde? Das AKW wurde noch zu Sowjetzeiten gebaut und in Russland stehen viele AKW des gleichen Typs, der russische Betreiber hat also reichlich Erfahrung mit dieser Art von AKW.
Um diese angebliche Gefahr zu erklären, zitiert der Spiegel den ukrainischen Außenminister:
„Sybiha warf dem Betreiber vor, »jede Rücksicht auf die nukleare Sicherheit zu ignorieren«. Russland habe 200 Kilometer Stromleitungen gelegt, um das AKW wieder hochzufahren und mit von Moskau kontrollierten Netzen zu verbinden.“
Dass Russland das AKW wieder hochfahren könnte, ist reine Desinformation, denn Russland hat wegen des ukrainischen Beschusses schon genug Probleme damit, das AKW im abgeschalteten Zustand zu kühlen. Die Internationale Atomenergiebehörde (IAEO), die beim AKW Beobachter hat, hat nach dem ukrainischen Beschuss auf X gemeldet, dass das schon das zehnte Mal seit 2022 ist, dass das AKW von der Stromversorgung getrennt wurde und von Dieselgeneratoren mit Strom versorgt werden musste.
Die unrühmliche Rolle der IAEO
Allerdings hat die IAEO – wie immer – nicht erwähnt, warum das AKW von der Stromversorgung abgetrennt wurde. Sogar als deren eigene Experten letzte Woche bei ukrainischen Beschuss des Trainingszentrums des AKW in Gefahr gerieten und von russischen Sicherheitskräften in Sicherheit gebracht werden mussten, hielt die IAEO es nicht für nötig, die Herkunft des Beschusses zu erwähnen.
Die IAEO sagt, sie sei keine militärische Expertengruppe und könne sich daher zur Herkunft des Beschusses nicht äußern. Allerdings weigert sie sich auch, die Trümmer der Granaten und Raketen, mit denen das AKW-Gelände seit 2022 beschossen wird, einzusammeln und qualifizierten Experten zu übergeben. Die könnten die westlichen Waffen, wie beispielsweise HIMARS-Raketen, identifizieren, über die Russland nicht verfügt und mit denen die Ukraine das AKW in den letzten über drei Jahren immer wieder beschossen hat.
Auch könnte schon die Richtung, aus der der Beschuss kommt, die Frage klären, wer das AKW beschießt. Aber auch da schaut die IAEO nicht allzu genau hin, obwohl die Einschlagsstellen von Granaten und Raketen eindeutig zeigen, woher der Beschuss gekommen ist.
Ein AKW „stehlen“
Aber all das erwähnt der Spiegel nicht und dazu stellt er auch keine unangenehmen Fragen, stattdessen zitiert er brav die ukrainische Propaganda, wie auch dieser Teil des Spiegel-Artikels zeigt:
„Die Ukraine wirft Russland vor, das Atomkraftwerk Saporischschja gezielt vom ukrainischen Stromnetz abgeschnitten zu haben. Außenminister Andrij Sybiha schrieb auf X, die russische Regierung wolle das AKW »stehlen« und an das russische Netz anschließen. Dadurch entstünden »große Risiken«, warnte er.“
Es muss der Ukraine ja nicht gefallen, aber Russland braucht das AKW nicht zu „stehlen“, denn es ist unbestreitbar bereits unter russischer Kontrolle und steht aus russischer Sicht auf russischem Gebiet. Es gehört Russland aus seiner Sicht also bereits, zu „stehlen“ braucht es das AKW nicht. Der ukrainische Minister hätte, wenn er sich schon so äußern wollte, schreiben müssen, dass Russland das AKW schon „gestohlen“ habe.
Russland schon mal vorsorglich beschuldigen
Aber darum geht es dabei gar nicht, es geht darum, Russland im Vorwege schon mal medial für den Fall zu beschuldigen, dass Kühlung ausfallen und es tatsächlich zu einer Kernschmelze kommen sollte.
Da das AKW nur 20 bis 30 Kilometer von der Front entfernt ist, gibt es in der Region viele ukrainische Drohnen, ich war selbst mehrmals in der Gegend. Daher wäre es für die Fahrer von Tanklastern, die dem AKW unter Zeitdruck Nachschub an Diesel bringen müssten, ein regelrechtes Himmelfahrtskommando, dorthin zu fahren.
Dass Russland unter diesen Umständen versuchen könnte, das AKW ans russische Stromnetz anzukoppeln, anstatt sich weiterhin auf die Versorgung aus der Ukraine zu verlassen, wäre daher mehr als sinnvoll.
Am Ende seines Artikels kommt der Spiegel doch noch auf den Beschuss zu sprechen und schreibt:
„Das AKW Saporischschja im Süden der Ukraine hat sechs Reaktoren und ist das größte Nuklearkraftwerk Europas. Russische Truppen hatten das AKW bereits im März 2022 besetzt. Seitdem beschießen beide Seiten das Gebiet immer wieder und beschuldigen sich gegenseitig.“
Ein Blick auf die Landkarte genügt, um zu verstehen, dass letztere Aussage gelogen ist. Das Gebiet Dutzende Kilometer rund um das AKW ist in russischer Hand. Warum sollte Russland sein eigenes Gebiet beschießen?
Ich war wie gesagt mehrmals in dem Gebiet unterwegs und habe dabei auch mit Verantwortlichen gesprochen, die alle darüber klagen, dass das Gebiet von der Ukraine beschossen wird. Ein Beispiel dafür war mein Interview mit der Bürgermeisterin einer Frontstadt, die nur etwa 30 Kilometer Luftlinie vom AKW entfernt liegt.
Dass westliche Medien selbst angesichts der Tatsache, dass die Ukraine einen Super-GAU riskiert, an ihren pro-ukrainischen Narrativen festhalten und kein Wort der Kritik an Kiew äußern, lässt mich ernsthaft am gesunden Menschenverstand der zuständigen Redakteure zweifeln.

Teile diesen Beitrag
teilen 
teilen 
teilen 
teilen 
teilen 
E-Mail 
teilen 
AUTOR: ANTI-SPIEGEL
Thomas Röper, geboren 1971, hat als Experte für Osteuropa in Finanzdienstleistungsunternehmen in Osteuropa und Russland Vorstands- und Aufsichtsratspositionen bekleidet. Heute lebt er in seiner Wahlheimat St. Petersburg. Er lebt über 15 Jahre in Russland und spricht fließend Russisch. Die Schwerpunkte seiner medienkritischen Arbeit sind das (mediale) Russlandbild in Deutschland, Kritik an der Berichterstattung westlicher Medien im Allgemeinen und die Themen (Geo-)Politik und Wirtschaft.
SCHREIBE EINEN KOMMENTAR
Du musst angemeldet sein, um einen Kommentar abzugeben.
Zurück
Nächster Beitrag: Was Spiegel-Leser über die Wahlen in Moldawien alles nicht erfahren",,https://anti-spiegel.ru/2025/wie-der-spiegel-von-der-gefahr-eines-super-gau-im-akw-saporoschje-als-folge-von-ukrainischem-beschuss-ablenkt/,"Wie der Spiegel von der Gefahr eines Super-GAU im AKW Saporoschje als Folge von ukrainischem Beschuss ablenkt Die Ukraine hat die Stromversorgung des AKW-Saporoschje durch Beschuss zerstört und es droht eine Kernschmelze. Der Spiegel bereitet seine Leser auf seine ganz eigene Art und Weise auf eine mögliche Katastrophe vor. Kriegspropaganda
Wie der Spiegel von der Gefahr eines Super-GAU im AKW Saporoschje als Folge von ukrainischem Beschuss ablenkt
Die Ukraine hat die Stromversorgung des AKW-Saporoschje durch Beschuss zerstört und es droht eine Kernschmelze. Der Spiegel bereitet seine Leser auf seine ganz eigene Art und Weise auf eine mögliche Katastrophe vor.
von Anti-Spiegel
30. September 2025 12:00 Uhr
Letzte Woche hat die ukrainische Armee die Stromversorgung des AKW Saporoschje durch Beschuss zerstört. Das seit 2022 abgeschaltete AKW braucht jedoch externe Stromversorgung, um die Kühlung der Brennstäbe in seiner sechs Reaktoren sicherzustellen, die sich ohne Kühlung unkontrolliert erhitzen und schließlich schmelzen würden. Das würde einen Super-GAU bedeuten.
Seit inzwischen sechs Tagen wird die Stromversorgung des AKW nun mit Dieselgeneratoren sichergestellt, eine Gefahrensituation, wie es sie in der Geschichte der Kernkraft noch nie gegeben hat. Da der Diesel irgendwann zur Neige gehen könnte und ukrainischer Beschuss von Tankwagen den Nachschub bedroht, wird die Lage immer gefährlicher.
Gefährliche Desinformation
Der Spiegel hat vor einigen Tagen darüber berichtet, seine Leser dabei aber in wirklich unverantwortlicher Weise desinformiert, indem er unter der Überschrift „Angriffskrieg gegen die Ukraine – Russland will AKW Saporischschja laut Ukraine an eigenes Netz anschließen“ nur die ukrainische Propaganda nachgeplappert hat, ohne auch die andere Seite zu Wort kommen zu lassen. In der Einleitung schrieb der Spiegel:
„Der ukrainische Außenminister warnt vor »großen Risiken«, sollte das Atomkraftwerk im Süden der Ukraine an russische Netze angeschlossen werden. Der russische Betreiber weist die Vorwürfe zurück.“
Schon das ist reine Desinformation, denn welche Risiken sollten entstehen, wenn das AKW an russische Stromnetze angeschlossen würde? Das AKW wurde noch zu Sowjetzeiten gebaut und in Russland stehen viele AKW des gleichen Typs, der russische Betreiber hat also reichlich Erfahrung mit dieser Art von AKW.
Um diese angebliche Gefahr zu erklären, zitiert der Spiegel den ukrainischen Außenminister:
„Sybiha warf dem Betreiber vor, »jede Rücksicht auf die nukleare Sicherheit zu ignorieren«. Russland habe 200 Kilometer Stromleitungen gelegt, um das AKW wieder hochzufahren und mit von Moskau kontrollierten Netzen zu verbinden.“
Dass Russland das AKW wieder hochfahren könnte, ist reine Desinformation, denn Russland hat wegen des ukrainischen Beschusses schon genug Probleme damit, das AKW im abgeschalteten Zustand zu kühlen. Die Internationale Atomenergiebehörde (IAEO), die beim AKW Beobachter hat, hat nach dem ukrainischen Beschuss auf X gemeldet, dass das schon das zehnte Mal seit 2022 ist, dass das AKW von der Stromversorgung getrennt wurde und von Dieselgeneratoren mit Strom versorgt werden musste.
Die unrühmliche Rolle der IAEO
Allerdings hat die IAEO – wie immer – nicht erwähnt, warum das AKW von der Stromversorgung abgetrennt wurde. Sogar als deren eigene Experten letzte Woche bei ukrainischen Beschuss des Trainingszentrums des AKW in Gefahr gerieten und von russischen Sicherheitskräften in Sicherheit gebracht werden mussten, hielt die IAEO es nicht für nötig, die Herkunft des Beschusses zu erwähnen.
Die IAEO sagt, sie sei keine militärische Expertengruppe und könne sich daher zur Herkunft des Beschusses nicht äußern. Allerdings weigert sie sich auch, die Trümmer der Granaten und Raketen, mit denen das AKW-Gelände seit 2022 beschossen wird, einzusammeln und qualifizierten Experten zu übergeben. Die könnten die westlichen Waffen, wie beispielsweise HIMARS-Raketen, identifizieren, über die Russland nicht verfügt und mit denen die Ukraine das AKW in den letzten über drei Jahren immer wieder beschossen hat.
Auch könnte schon die Richtung, aus der der Beschuss kommt, die Frage klären, wer das AKW beschießt. Aber auch da schaut die IAEO nicht allzu genau hin, obwohl die Einschlagsstellen von Granaten und Raketen eindeutig zeigen, woher der Beschuss gekommen ist.
Ein AKW „stehlen“
Aber all das erwähnt der Spiegel nicht und dazu stellt er auch keine unangenehmen Fragen, stattdessen zitiert er brav die ukrainische Propaganda, wie auch dieser Teil des Spiegel-Artikels zeigt:
„Die Ukraine wirft Russland vor, das Atomkraftwerk Saporischschja gezielt vom ukrainischen Stromnetz abgeschnitten zu haben. Außenminister Andrij Sybiha schrieb auf X, die russische Regierung wolle das AKW »stehlen« und an das russische Netz anschließen. Dadurch entstünden »große Risiken«, warnte er.“
Es muss der Ukraine ja nicht gefallen, aber Russland braucht das AKW nicht zu „stehlen“, denn es ist unbestreitbar bereits unter russischer Kontrolle und steht aus russischer Sicht auf russischem Gebiet. Es gehört Russland aus seiner Sicht also bereits, zu „stehlen“ braucht es das AKW nicht. Der ukrainische Minister hätte, wenn er sich schon so äußern wollte, schreiben müssen, dass Russland das AKW schon „gestohlen“ habe.
Russland schon mal vorsorglich beschuldigen
Aber darum geht es dabei gar nicht, es geht darum, Russland im Vorwege schon mal medial für den Fall zu beschuldigen, dass Kühlung ausfallen und es tatsächlich zu einer Kernschmelze kommen sollte.
Da das AKW nur 20 bis 30 Kilometer von der Front entfernt ist, gibt es in der Region viele ukrainische Drohnen, ich war selbst mehrmals in der Gegend. Daher wäre es für die Fahrer von Tanklastern, die dem AKW unter Zeitdruck Nachschub an Diesel bringen müssten, ein regelrechtes Himmelfahrtskommando, dorthin zu fahren.
Dass Russland unter diesen Umständen versuchen könnte, das AKW ans russische Stromnetz anzukoppeln, anstatt sich weiterhin auf die Versorgung aus der Ukraine zu verlassen, wäre daher mehr als sinnvoll.
Am Ende seines Artikels kommt der Spiegel doch noch auf den Beschuss zu sprechen und schreibt:
„Das AKW Saporischschja im Süden der Ukraine hat sechs Reaktoren und ist das größte Nuklearkraftwerk Europas. Russische Truppen hatten das AKW bereits im März 2022 besetzt. Seitdem beschießen beide Seiten das Gebiet immer wieder und beschuldigen sich gegenseitig.“
Ein Blick auf die Landkarte genügt, um zu verstehen, dass letztere Aussage gelogen ist. Das Gebiet Dutzende Kilometer rund um das AKW ist in russischer Hand. Warum sollte Russland sein eigenes Gebiet beschießen?
Ich war wie gesagt mehrmals in dem Gebiet unterwegs und habe dabei auch mit Verantwortlichen gesprochen, die alle darüber klagen, dass das Gebiet von der Ukraine beschossen wird. Ein Beispiel dafür war mein Interview mit der Bürgermeisterin einer Frontstadt, die nur etwa 30 Kilometer Luftlinie vom AKW entfernt liegt.
Dass westliche Medien selbst angesichts der Tatsache, dass die Ukraine einen Super-GAU riskiert, an ihren pro-ukrainischen Narrativen festhalten und kein Wort der Kritik an Kiew äußern, lässt mich ernsthaft am gesunden Menschenverstand der zuständigen Redakteure zweifeln.

Teile diesen Beitrag
teilen 
teilen 
teilen 
teilen 
teilen 
E-Mail 
teilen 
AUTOR: ANTI-SPIEGEL
Thomas Röper, geboren 1971, hat als Experte für Osteuropa in Finanzdienstleistungsunternehmen in Osteuropa und Russland Vorstands- und Aufsichtsratspositionen bekleidet. Heute lebt er in seiner Wahlheimat St. Petersburg. Er lebt über 15 Jahre in Russland und spricht fließend Russisch. Die Schwerpunkte seiner medienkritischen Arbeit sind das (mediale) Russlandbild in Deutschland, Kritik an der Berichterstattung westlicher Medien im Allgemeinen und die Themen (Geo-)Politik und Wirtschaft.
SCHREIBE EINEN KOMMENTAR
Du musst angemeldet sein, um einen Kommentar abzugeben.
Zurück
Nächster Beitrag: Was Spiegel-Leser über die Wahlen in Moldawien alles nicht erfahren"
2025-09-30,Was Spiegel-Leser über die Wahlen in Moldawien alles nicht erfahren,"Am Sonntag waren Parlamentswahlen in Moldawien und natürlich hat auch der Spiegel darüber berichtet. Und wieder einmal hat sich der Spiegel dabei als Weltmeister im Weglassen aller Informationen gezeigt, die nicht ins gewollte Bild passen.","Moldawienwahl Teil 3
Was Spiegel-Leser über die Wahlen in Moldawien alles nicht erfahren
Am Sonntag waren Parlamentswahlen in Moldawien und natürlich hat auch der Spiegel darüber berichtet. Und wieder einmal hat sich der Spiegel dabei als Weltmeister im Weglassen aller Informationen gezeigt, die nicht ins gewollte Bild passen.
von Anti-Spiegel
30. September 2025 10:00 Uhr
Ich berichte in drei Artikeln über die Wahl in Moldawien. Im ersten Artikel habe ich gezeigt, warum die Wahlen offensichtlich dreist manipuliert wurden. Im zweiten Artikel habe ich an die von der pro-westlichen Regierung offen vorbereiteten Manipulationen erinnert und gezeigt, wie diese Vorbereitungen am Wahltag umgesetzt wurden. In diesem dritten Artikel zeige ich, wie wenig deutsche Medien wie der Spiegel ihren Lesern über die Wahl-Farce mitteilen.
Warum Moldawien so wichtig ist
Wie wichtig das kleine Land Moldawien für den Westen ist, konnte man daran erkennen, dass das Land, über das deutsche Medien normalerweise nicht berichten, in der Woche vor der Wahl allein beim Spiegel in gleich fünf Artikeln Titelthema war. Am 22. September titelte der Spiegel „Vor Parlamentswahlen – Moldau verhaftet 74 Menschen wegen mutmaßlich von Russland geplanter Unruhen“, am 26. September lauteten Spiegel-Überschriften „Eine Milliarde verschwunden – »Diebstahl des Jahrhunderts« – Oligarch Plahotniuc nach Moldau ausgeliefert“ und „Kurz vor der Wahl – Prorussische Partei von Parlamentswahl in Moldau ausgeschlossen“, und am 27. September folgten noch „Vor Parlamentswahl – Moldaus Präsidentin Sandu beklagt »enormen Druck aus Moskau«“ und „Partei Moldova Mare – Weitere prorussische Partei von Parlamentswahl in Moldau ausgeschlossen“.
Die deutsche Öffentlichkeit wurde damit auf einen möglichen Wahlsieg der Opposition eingestimmt, um in diesem Falle eine anti-russische Kampagne über angebliche russische Einmischungen zu starten, oder um die deutsche Öffentlichkeit auf mögliche Unruhen nach der Wahl einzuschwören. An allem wäre natürlich Russland Schuld gewesen, wie die Überschriften der Spiegel-Artikel unschwer erraten lassen.
Dass das kleine Moldawien für den Westen so wichtig ist, hat geopolitische Gründe, denn Moldawien ist im Grunde eine Ukraine im Kleinformat. Was der Ukraine der abtrünnige Donbass war, ist für Moldawien das abtrünnige Transnistrien, und in beiden Ländern gibt es große russische Bevölkerungsanteile, die gegen die anti-russische Politik ihrer Regierungen sind. In Moldawien lässt sich bei Bedarf jederzeit ein Kriegsszenario provozieren, wie es ab 2014 auch im Donbass provoziert wurde. Mehr Details darüber, warum Moldawien geopolitisch so wichtig ist, finden Sie hier.
Wenn Christian Esch die Welt erklärt…
Nachdem der Spiegel seine Leser letzte Woche in fünf Artikeln auf die Wahlen in Moldawien eingeschworen hatte, folgten am Sonntag und am Montag noch zwei weitere Artikel über den Wahltag und das Wahlergebnis. Am Montag durfte Christian Esch dann noch einen zusammenfassenden Artikel über die Wahlen in Moldawien schreiben.
Für Leser des Anti-Spiegel ist Christian Esch kein Unbekannter, er ist ein anti-russischer Schreiberling mit sehr fragwürdigen Ansichten, der in seinen Artikel über Russland und die Ukraine meistens mehr Informationen weglässt als er liefert. Außerdem fällt Esch immer wieder dadurch auf, dass er Rassisten in Schutz nimmt und die Nazi-Verehrung in der Ukraine schön redet.
Eschs Artikel über die Wahlen in Moldawien trug die Überschrift „Wahl in Moldau – Sieg für die EU, Niederlage für Putin“ und begann mit folgender, vielversprechender Einleitung:
„Die kleine Republik Moldau hat gewählt – und den prowestlichen Kurs der Präsidentin bestätigt, trotz russischer Einflussnahme. Drei Lehren aus der Wahl.“
Schauen wir uns also an, welche drei Lehren Herr Esch präsentiert, und vor allem, was er seinen Lesern dabei alles verschweigt.
„Unerwartet eindeutiger Sieg“
Die erste Lehre von Herrn Esch war der „unerwartet eindeutige Sieg“ der pro-europäischen Regierungspartei. Und er hat teilweise Recht, denn unerwartet war der Sieg, allerdings war er nicht so eindeutig, denn dass die Regierungspartei die Wahl im Inland verloren hat und den Gesamtsieg nur dadurch erreichen konnte, dass die Exil-Moldawier in Russland und Transnistrien, die gegen die Regierungspartei gestimmt hätten, an der Teilnahme an der Wahl gehindert wurden, erwähnt Esch nicht.
Er erwähnt auch nicht, dass die Regierungspartei in Umfragen vor der Wahl nur auf 33 Prozent kam. Hätte er das erwähnt, hätten wohl sogar Spiegel-Leser angefangen, an der Korrektheit der Wahl zu zweifeln, die die Regierungspartei angeblich mit 50,2 Prozent gewonnen hat. Also verschweigt Esch solche Details lieber.
Stattdessen freut er sich darüber, dass Moldawien seinen Pro-EU-Kurs fortsetzen wird und erwähnt noch, dass der Parteienzusammenschluss “Patriotischer Block” nur auf etwa 24 Prozent der Stimmen gekommen ist, wobei er natürlich verschweigt, dass praktisch alle Parteien, die gemäß dem offiziellen Wahlergebnis zusammen auf über 40 Prozent gekommen sind, gegen den pro-westlichen Kurs der Regierung sind. Esch suggeriert seinen deutschen Lesern stattdessen, dass die Opposition weit abgeschlagen war.
„Moldauer im Ausland stimmen für proeuropäischen Kurs“
Dass das Zünglein an der Waage die Exil-Moldawier waren, erwähnt Esch erst im nächsten Teil seines Artikels, denn er schreibt:
„Stärkste Bastion der prowestlichen Kräfte sind, wie bei vergangenen Wahlen, die in die EU ausgewanderten Moldauerinnen und Moldauer. Das Land ist bitterarm, entsprechend viele haben ein besseres Leben im Ausland gesucht. 17,5 Prozent aller abgegebenen Stimmen wurden jenseits der Landesgrenzen abgegeben, allein in Italien wurden zu diesem Zweck 75 Wahllokale geöffnet. Ohne die Auslandsstimmen hätte die PAS ihre absolute Mehrheit verfehlt. Das erinnert an den letzten großen Wahlgang im Oktober 2024: Damals war ein Referendum für einen EU-Beitritt des Landes nur dank der Auslandsstimmen angenommen worden.“
Dass genau das die Manipulation der Wahlen war, verschweigt Esch allerdings. Er erwähnt nicht, dass in Russland, wo über 350.000 Moldawier leben, nur zwei Wahllokale eröffnet wurden, die nur 10.000 Stimmzettel bekommen haben. In Russland konnten daher nur etwas über 4.000 der 350.000 Moldawier ihre Stimme abgegeben. Hätten den Exil-Moldawiern in Russland auch so viele Wahllokale zur Verfügung gestanden, wie den Exil-Moldawiern in der EU, hätte die Regierungspartei die absolute Mehrhheit verloren, die sie mit Hilfe dieser Manipulation denkbar knapp errungen hat – und die Opposition hätte die neue Regierung gebildet.
Aber das verschweigt Esch seinen Lesern lieber.
Stattdessen lenkt er davon ab, indem er über die Moldawier in Russland und Transnistrien allen Ernstes schreibt:
„Die prorussischen Kräfte haben den stärksten Rückhalt in der abtrünnigen Provinz Transnistrien und der autonomen Region Gagausien, aber auch unter den nach Russland ausgewanderten Moldauern. Von denen aber gibt es nicht mehr so viele wie einst: Seit Russlands Krimannexion 2014 und vollends seit dem Überfall auf die Ukraine 2022 überwiegen die Kontakte nach Westen.“
Das ist ungeheurer Unsinn, denn natürlich gab es nach den genannten Ereignissen keinen Exodus der Moldawier aus Russland. Diese Moldawier sprechen als Muttersprache Russisch und haben sich in Russland ein Leben aufgebaut, warum sollten sie Russland wegen der genannten Ereignisse verlassen haben?
Und dass die moldawische Regierung die Wahlberechtigten aus Transnistrien ebenfalls an der Stimmabgabe gehindert hat, indem sie erstens auch die Zahl der für sie vorgesehenen Wahllokale so weit gesenkt hat, dass auf ein Wahllokal 25.000 Wähler gekommen sind, während es für Moldawier 1.200 Wähler pro Wahllokal waren, und indem die Regierung zweitens den Verkehr über die Brücken aus Transnistrien nach Moldawien eingeschränkt hat, erwähnt Esch an dieser Stelle ebenfalls nicht. Von den 300.000 Wahlberechtigten aus Transnistrien konnten am Ende nur etwa 12.000 ihre Stimme abgeben.
Aber auch das müssen Spiegel-Leser ja nicht erfahren.
„Hoffnung auf inneren Frieden“
Besonders dreist ist Esch bei seiner letzten der „drei Lehren“, die er aus den Wahlen in Moldawien zieht, denn er schreibt:
„Das unerwartet eindeutige Wahlergebnis weckt die Hoffnung, dass es auch von allen Kräften anerkannt wird und Straßenproteste ausbleiben. Das war zuvor nicht so klar. Schrille Vorwürfe standen im Raum.“
Von einem klaren Wahlsieg kann, wie gesehen, keine Rede sein. Stattdessen ist die Manipulation der Wahl offensichtlich. Das weiß natürlich auch Esch, aber sollte es in den nächsten Tagen tatsächlich zu Protesten der Opposition und zu Unruhen kommen, kann der Spiegel sich auf diese Aussage beziehen und wieder Russland beschuldigen, hinter den Protesten zu stehen, die angeblich vollkommen unbegründet sind, weil das Wahlergebnis ja angeblich so „eindeutig“ gewesen ist.
Auf diesen Absatz folgen in Eschs Artikel ausführliche Vorwürfe gegen Russland, das sich angeblich in die Wahlen einmischen wollte. Erst am Ende des Artikels, im vorletzten Absatz, schreibt Esch noch etwas, das er vorher verschwiegen hat:
„Die prorussischen Parteien wiederum beschuldigten die Regierung, die Wahlbeteiligung prorussischer Wähler zu erschweren – etwa durch die Schließung von Brücken zur moskautreuen, abtrünnigen Region Transnistrien.“
Nach den anti-russischen Tiraden, die Esch in den Absätzen zuvor über die angeblichen russischen Versuche einer Wahleinmischung losgelassen hat, klingt das für Spiegel-Leser unglaubwürdig. Dass es die Wahrheit ist, schreibt Esch natürlich nicht, sondern er stellt es durch seine Formulierung als absurde, russische Propaganda dar.
Christian Esch, der als ehemaliger Chef des Spiegel-Büros Moskau einer der dienstältesten anti-russischen Propagandisten des Spiegel ist, hat mal wieder gezeigt, dass seine Artikel mit Berichterstattung (oder gar Journalismus) rein gar nichts gemein haben. Eschs Artikel zeichnen sich, wie eingangs erwähnt, praktisch immer dadurch aus, dass er alles, was nicht ins gewollte Bild passt, einfach weglässt.
Das ist per Definition Propaganda, aber kein Journalismus. Aber vom Spiegel bin ich mittlerweile nichts anderes mehr gewöhnt.

Teile diesen Beitrag
teilen 
teilen 
teilen 
teilen 
teilen 
E-Mail 
teilen 
AUTOR: ANTI-SPIEGEL
Thomas Röper, geboren 1971, hat als Experte für Osteuropa in Finanzdienstleistungsunternehmen in Osteuropa und Russland Vorstands- und Aufsichtsratspositionen bekleidet. Heute lebt er in seiner Wahlheimat St. Petersburg. Er lebt über 15 Jahre in Russland und spricht fließend Russisch. Die Schwerpunkte seiner medienkritischen Arbeit sind das (mediale) Russlandbild in Deutschland, Kritik an der Berichterstattung westlicher Medien im Allgemeinen und die Themen (Geo-)Politik und Wirtschaft.
SCHREIBE EINEN KOMMENTAR
Du musst angemeldet sein, um einen Kommentar abzugeben.
Zurück
Nächster Beitrag: Russland erhöht die Mehrwertsteuer, ist die russische Wirtschaft am Zusammenbrechen?",,https://anti-spiegel.ru/2025/was-spiegel-leser-ueber-die-wahlen-in-moldawien-alles-nicht-erfahren/,"Was Spiegel-Leser über die Wahlen in Moldawien alles nicht erfahren Am Sonntag waren Parlamentswahlen in Moldawien und natürlich hat auch der Spiegel darüber berichtet. Und wieder einmal hat sich der Spiegel dabei als Weltmeister im Weglassen aller Informationen gezeigt, die nicht ins gewollte Bild passen. Moldawienwahl Teil 3
Was Spiegel-Leser über die Wahlen in Moldawien alles nicht erfahren
Am Sonntag waren Parlamentswahlen in Moldawien und natürlich hat auch der Spiegel darüber berichtet. Und wieder einmal hat sich der Spiegel dabei als Weltmeister im Weglassen aller Informationen gezeigt, die nicht ins gewollte Bild passen.
von Anti-Spiegel
30. September 2025 10:00 Uhr
Ich berichte in drei Artikeln über die Wahl in Moldawien. Im ersten Artikel habe ich gezeigt, warum die Wahlen offensichtlich dreist manipuliert wurden. Im zweiten Artikel habe ich an die von der pro-westlichen Regierung offen vorbereiteten Manipulationen erinnert und gezeigt, wie diese Vorbereitungen am Wahltag umgesetzt wurden. In diesem dritten Artikel zeige ich, wie wenig deutsche Medien wie der Spiegel ihren Lesern über die Wahl-Farce mitteilen.
Warum Moldawien so wichtig ist
Wie wichtig das kleine Land Moldawien für den Westen ist, konnte man daran erkennen, dass das Land, über das deutsche Medien normalerweise nicht berichten, in der Woche vor der Wahl allein beim Spiegel in gleich fünf Artikeln Titelthema war. Am 22. September titelte der Spiegel „Vor Parlamentswahlen – Moldau verhaftet 74 Menschen wegen mutmaßlich von Russland geplanter Unruhen“, am 26. September lauteten Spiegel-Überschriften „Eine Milliarde verschwunden – »Diebstahl des Jahrhunderts« – Oligarch Plahotniuc nach Moldau ausgeliefert“ und „Kurz vor der Wahl – Prorussische Partei von Parlamentswahl in Moldau ausgeschlossen“, und am 27. September folgten noch „Vor Parlamentswahl – Moldaus Präsidentin Sandu beklagt »enormen Druck aus Moskau«“ und „Partei Moldova Mare – Weitere prorussische Partei von Parlamentswahl in Moldau ausgeschlossen“.
Die deutsche Öffentlichkeit wurde damit auf einen möglichen Wahlsieg der Opposition eingestimmt, um in diesem Falle eine anti-russische Kampagne über angebliche russische Einmischungen zu starten, oder um die deutsche Öffentlichkeit auf mögliche Unruhen nach der Wahl einzuschwören. An allem wäre natürlich Russland Schuld gewesen, wie die Überschriften der Spiegel-Artikel unschwer erraten lassen.
Dass das kleine Moldawien für den Westen so wichtig ist, hat geopolitische Gründe, denn Moldawien ist im Grunde eine Ukraine im Kleinformat. Was der Ukraine der abtrünnige Donbass war, ist für Moldawien das abtrünnige Transnistrien, und in beiden Ländern gibt es große russische Bevölkerungsanteile, die gegen die anti-russische Politik ihrer Regierungen sind. In Moldawien lässt sich bei Bedarf jederzeit ein Kriegsszenario provozieren, wie es ab 2014 auch im Donbass provoziert wurde. Mehr Details darüber, warum Moldawien geopolitisch so wichtig ist, finden Sie hier.
Wenn Christian Esch die Welt erklärt…
Nachdem der Spiegel seine Leser letzte Woche in fünf Artikeln auf die Wahlen in Moldawien eingeschworen hatte, folgten am Sonntag und am Montag noch zwei weitere Artikel über den Wahltag und das Wahlergebnis. Am Montag durfte Christian Esch dann noch einen zusammenfassenden Artikel über die Wahlen in Moldawien schreiben.
Für Leser des Anti-Spiegel ist Christian Esch kein Unbekannter, er ist ein anti-russischer Schreiberling mit sehr fragwürdigen Ansichten, der in seinen Artikel über Russland und die Ukraine meistens mehr Informationen weglässt als er liefert. Außerdem fällt Esch immer wieder dadurch auf, dass er Rassisten in Schutz nimmt und die Nazi-Verehrung in der Ukraine schön redet.
Eschs Artikel über die Wahlen in Moldawien trug die Überschrift „Wahl in Moldau – Sieg für die EU, Niederlage für Putin“ und begann mit folgender, vielversprechender Einleitung:
„Die kleine Republik Moldau hat gewählt – und den prowestlichen Kurs der Präsidentin bestätigt, trotz russischer Einflussnahme. Drei Lehren aus der Wahl.“
Schauen wir uns also an, welche drei Lehren Herr Esch präsentiert, und vor allem, was er seinen Lesern dabei alles verschweigt.
„Unerwartet eindeutiger Sieg“
Die erste Lehre von Herrn Esch war der „unerwartet eindeutige Sieg“ der pro-europäischen Regierungspartei. Und er hat teilweise Recht, denn unerwartet war der Sieg, allerdings war er nicht so eindeutig, denn dass die Regierungspartei die Wahl im Inland verloren hat und den Gesamtsieg nur dadurch erreichen konnte, dass die Exil-Moldawier in Russland und Transnistrien, die gegen die Regierungspartei gestimmt hätten, an der Teilnahme an der Wahl gehindert wurden, erwähnt Esch nicht.
Er erwähnt auch nicht, dass die Regierungspartei in Umfragen vor der Wahl nur auf 33 Prozent kam. Hätte er das erwähnt, hätten wohl sogar Spiegel-Leser angefangen, an der Korrektheit der Wahl zu zweifeln, die die Regierungspartei angeblich mit 50,2 Prozent gewonnen hat. Also verschweigt Esch solche Details lieber.
Stattdessen freut er sich darüber, dass Moldawien seinen Pro-EU-Kurs fortsetzen wird und erwähnt noch, dass der Parteienzusammenschluss “Patriotischer Block” nur auf etwa 24 Prozent der Stimmen gekommen ist, wobei er natürlich verschweigt, dass praktisch alle Parteien, die gemäß dem offiziellen Wahlergebnis zusammen auf über 40 Prozent gekommen sind, gegen den pro-westlichen Kurs der Regierung sind. Esch suggeriert seinen deutschen Lesern stattdessen, dass die Opposition weit abgeschlagen war.
„Moldauer im Ausland stimmen für proeuropäischen Kurs“
Dass das Zünglein an der Waage die Exil-Moldawier waren, erwähnt Esch erst im nächsten Teil seines Artikels, denn er schreibt:
„Stärkste Bastion der prowestlichen Kräfte sind, wie bei vergangenen Wahlen, die in die EU ausgewanderten Moldauerinnen und Moldauer. Das Land ist bitterarm, entsprechend viele haben ein besseres Leben im Ausland gesucht. 17,5 Prozent aller abgegebenen Stimmen wurden jenseits der Landesgrenzen abgegeben, allein in Italien wurden zu diesem Zweck 75 Wahllokale geöffnet. Ohne die Auslandsstimmen hätte die PAS ihre absolute Mehrheit verfehlt. Das erinnert an den letzten großen Wahlgang im Oktober 2024: Damals war ein Referendum für einen EU-Beitritt des Landes nur dank der Auslandsstimmen angenommen worden.“
Dass genau das die Manipulation der Wahlen war, verschweigt Esch allerdings. Er erwähnt nicht, dass in Russland, wo über 350.000 Moldawier leben, nur zwei Wahllokale eröffnet wurden, die nur 10.000 Stimmzettel bekommen haben. In Russland konnten daher nur etwas über 4.000 der 350.000 Moldawier ihre Stimme abgegeben. Hätten den Exil-Moldawiern in Russland auch so viele Wahllokale zur Verfügung gestanden, wie den Exil-Moldawiern in der EU, hätte die Regierungspartei die absolute Mehrhheit verloren, die sie mit Hilfe dieser Manipulation denkbar knapp errungen hat – und die Opposition hätte die neue Regierung gebildet.
Aber das verschweigt Esch seinen Lesern lieber.
Stattdessen lenkt er davon ab, indem er über die Moldawier in Russland und Transnistrien allen Ernstes schreibt:
„Die prorussischen Kräfte haben den stärksten Rückhalt in der abtrünnigen Provinz Transnistrien und der autonomen Region Gagausien, aber auch unter den nach Russland ausgewanderten Moldauern. Von denen aber gibt es nicht mehr so viele wie einst: Seit Russlands Krimannexion 2014 und vollends seit dem Überfall auf die Ukraine 2022 überwiegen die Kontakte nach Westen.“
Das ist ungeheurer Unsinn, denn natürlich gab es nach den genannten Ereignissen keinen Exodus der Moldawier aus Russland. Diese Moldawier sprechen als Muttersprache Russisch und haben sich in Russland ein Leben aufgebaut, warum sollten sie Russland wegen der genannten Ereignisse verlassen haben?
Und dass die moldawische Regierung die Wahlberechtigten aus Transnistrien ebenfalls an der Stimmabgabe gehindert hat, indem sie erstens auch die Zahl der für sie vorgesehenen Wahllokale so weit gesenkt hat, dass auf ein Wahllokal 25.000 Wähler gekommen sind, während es für Moldawier 1.200 Wähler pro Wahllokal waren, und indem die Regierung zweitens den Verkehr über die Brücken aus Transnistrien nach Moldawien eingeschränkt hat, erwähnt Esch an dieser Stelle ebenfalls nicht. Von den 300.000 Wahlberechtigten aus Transnistrien konnten am Ende nur etwa 12.000 ihre Stimme abgeben.
Aber auch das müssen Spiegel-Leser ja nicht erfahren.
„Hoffnung auf inneren Frieden“
Besonders dreist ist Esch bei seiner letzten der „drei Lehren“, die er aus den Wahlen in Moldawien zieht, denn er schreibt:
„Das unerwartet eindeutige Wahlergebnis weckt die Hoffnung, dass es auch von allen Kräften anerkannt wird und Straßenproteste ausbleiben. Das war zuvor nicht so klar. Schrille Vorwürfe standen im Raum.“
Von einem klaren Wahlsieg kann, wie gesehen, keine Rede sein. Stattdessen ist die Manipulation der Wahl offensichtlich. Das weiß natürlich auch Esch, aber sollte es in den nächsten Tagen tatsächlich zu Protesten der Opposition und zu Unruhen kommen, kann der Spiegel sich auf diese Aussage beziehen und wieder Russland beschuldigen, hinter den Protesten zu stehen, die angeblich vollkommen unbegründet sind, weil das Wahlergebnis ja angeblich so „eindeutig“ gewesen ist.
Auf diesen Absatz folgen in Eschs Artikel ausführliche Vorwürfe gegen Russland, das sich angeblich in die Wahlen einmischen wollte. Erst am Ende des Artikels, im vorletzten Absatz, schreibt Esch noch etwas, das er vorher verschwiegen hat:
„Die prorussischen Parteien wiederum beschuldigten die Regierung, die Wahlbeteiligung prorussischer Wähler zu erschweren – etwa durch die Schließung von Brücken zur moskautreuen, abtrünnigen Region Transnistrien.“
Nach den anti-russischen Tiraden, die Esch in den Absätzen zuvor über die angeblichen russischen Versuche einer Wahleinmischung losgelassen hat, klingt das für Spiegel-Leser unglaubwürdig. Dass es die Wahrheit ist, schreibt Esch natürlich nicht, sondern er stellt es durch seine Formulierung als absurde, russische Propaganda dar.
Christian Esch, der als ehemaliger Chef des Spiegel-Büros Moskau einer der dienstältesten anti-russischen Propagandisten des Spiegel ist, hat mal wieder gezeigt, dass seine Artikel mit Berichterstattung (oder gar Journalismus) rein gar nichts gemein haben. Eschs Artikel zeichnen sich, wie eingangs erwähnt, praktisch immer dadurch aus, dass er alles, was nicht ins gewollte Bild passt, einfach weglässt.
Das ist per Definition Propaganda, aber kein Journalismus. Aber vom Spiegel bin ich mittlerweile nichts anderes mehr gewöhnt.

Teile diesen Beitrag
teilen 
teilen 
teilen 
teilen 
teilen 
E-Mail 
teilen 
AUTOR: ANTI-SPIEGEL
Thomas Röper, geboren 1971, hat als Experte für Osteuropa in Finanzdienstleistungsunternehmen in Osteuropa und Russland Vorstands- und Aufsichtsratspositionen bekleidet. Heute lebt er in seiner Wahlheimat St. Petersburg. Er lebt über 15 Jahre in Russland und spricht fließend Russisch. Die Schwerpunkte seiner medienkritischen Arbeit sind das (mediale) Russlandbild in Deutschland, Kritik an der Berichterstattung westlicher Medien im Allgemeinen und die Themen (Geo-)Politik und Wirtschaft.
SCHREIBE EINEN KOMMENTAR
Du musst angemeldet sein, um einen Kommentar abzugeben.
Zurück
Nächster Beitrag: Russland erhöht die Mehrwertsteuer, ist die russische Wirtschaft am Zusammenbrechen?"
2025-09-30,"Russland erhöht die Mehrwertsteuer, ist die russische Wirtschaft am Zusammenbrechen?",Die in Russland angekündigte Erhöhung der Mehrwertsteuer wird von westlichen Medien als Zeichen eines nahen Zusammenbruchs der russischen Wirtschaft gefeiert. Wie wird in Russland darüber berichtet?,"Wirtschaft
Russland erhöht die Mehrwertsteuer, ist die russische Wirtschaft am Zusammenbrechen?
Die in Russland angekündigte Erhöhung der Mehrwertsteuer wird von westlichen Medien als Zeichen eines nahen Zusammenbruchs der russischen Wirtschaft gefeiert. Wie wird in Russland darüber berichtet?
von Anti-Spiegel
30. September 2025 08:00 Uhr
Dass westliche Medien jede negative Meldung aus Russland als Anzeichen für ein nahes Zusammenbrechen der russischen Wirtschaft feiern, hat seit dem Maidan vor zehn Jahren schon Tradition. Aktuelle wird die in Russland geplante Erhöhung der Mehrwertsteuer für solche Meldungen herangezogen.
Faktisch herrscht schon seit Jahren Krieg zwischen dem kollektiven Westen und Russland. Noch ist es zwar nicht offiziell ein heißer Krieg, aber es ist unter anderem unbestritten ein Wirtschaftskrieg, den der Westen über die Sanktionen gegen Russland führt. Also muss man die wirtschaftlichen Indikatoren der beiden Kriegsgegner vergleichen, wenn man verstehen will, wie der „Kriegsstand“ derzeit ist.
In Europa herrscht wirtschaftlich faktisch Stagnation, in großen EU-Ländern wie Deutschland sogar Rezession. Sozialleistungen werden radikal gesenkt, weil kein Geld mehr da ist. Gleichzeitig werden Rekordschulden in Höhe von hunderten Milliarden Euro aufgenommen.
In Russland herrscht Wirtschaftswachstum, die Sozialleistungen werden jedes Jahr in Raten erhöht, die die Inflationsrate übersteigen, und Russland macht keine Schulden, stattdessen deckt es sein Haushaltsdefizit aus staatlichen Reservefonds, in denen der russische Staat hunderte Milliarden für schlechte Zeiten zurückgelegt hat – etwas, das wovon die meisten westlichen Staaten nicht einmal träumen können.
Wenn man diese nackten Tatsachen anschaut, ist die Frage, wer den Wirtschaftskrieg derzeit gewinnt, eigentlich beantwortet.
Aber natürlich gehen Krieg und Wirtschaftskrieg auch an der russischen Wirtschaft und dem russischen Staatshaushalt nicht spurlos vorbei. Die russische Regierung will die staatlichen Fonds natürlich nicht komplett aufbrauchen, weshalb die russische Regierung nun die Erhöhung der Mehrwertsteuer beschlossen hat, was westliche Medien wieder als Anzeichen für den drohenden wirtschaftlichen Zusammenbruch Russlands feiern, anstatt zu fragen, warum Russland nach drei Jahren Krieg als einzige Maßnahme eine Mehrwertsteuererhöhung beschlossen hat, während die europäischen Länder seit Jahren Sozialleistungen zusammenstreichen und Rekordschulden aufnehmen müssen, um den (Wirtschafts-) Krieg gegen Russland fortsetzen zu können.
Hier zeige ich, wie das russische Fernsehen am Sonntagabend über die anstehende Mehrwertsteuererhöhung berichtet hat und übersetze den Beitrag aus der Sendung zu dem Thema.
Beginn der Übersetzung:
Müssen wir uns wegen der Mehrwertsteuererhöhung Sorgen machen?
Diese Woche hat das Finanzministerium der Regierung Änderungsanträge zum laufenden Haushalt, zum Haushaltsentwurf 2026 und zum Planungszeitraum bis 2028 vorgelegt. Bemerkenswert sind auch die vorgeschlagenen Änderungen des Haushalts- und Steuergesetzbuchs.
Man muss gleich darauf hinweisen, dass der Staat seinen sozialen Verpflichtungen nachkommt und das auch weiterhin tun wird. Für einige Bereiche, beispielsweise im Interesse des Bevölkerungswachstums und der Lebensqualität, werden erhebliche zusätzliche Mittel bereitgestellt.
Allerdings, und das haben alle sofort bemerkt, schlägt das Finanzministerium vor, den Mehrwertsteuersatz von 20 auf 22 Prozent zu erhöhen. Weil die Mehrwertsteuer ist die am einfachsten zu erhebende Steuer ist, gehen bringt der höhere Prozentsatz erhebliche zusätzliche Mittel in den Haushalt. Wohin fließen diese Mittel?
Das verheimlicht niemand: in die Stärkung von Verteidigung und Sicherheit. Wir leben in Kriegszeiten. Der Krieg wurde uns vom Westen aufgezwungen. Für uns ist dies ein Krieg für Frieden zu fairen Bedingungen. Er muss gewonnen werden, und ohne einen Militärhaushalt geht das nun mal nicht. Ein Haushalt kommt nicht einfach aus dem Nichts. Ein Kriegshaushalt kann nur dann solidarisch sein, wenn jeder Bürger des kriegführenden Landes die Möglichkeit hat, einen persönlichen Beitrag zur Sicherheit zu leisten – und das auch tut.
Wofür also werden die zusätzlichen Militärabgaben ausgegeben? Kurz gesagt hat die Finanzierung der Streitkräfte des gesamten nationalen Sicherheitssystems absolute Priorität. Dieses Paket umfasst auch die soziale Unterstützung für die Familien der an der Militäroperation Beteiligten. Der neue Haushalt wird die notwendigen Waffen und Ausrüstungen, Zahlungen an Soldaten und ihre Familien sowie die Modernisierung der Rüstungsindustrie bereitstellen. Ohne das geht es nicht. So zu tun, als würde sich all dies irgendwie selbst finanzieren, geht nicht. Wir sind es, jeder von uns, der in einer Situation, in der unser Land – das unschätzbar wertvolle Russland – gezwungen ist, unsere gemeinsame Sicherheit mit Waffengewalt zu gewährleisten, so gut wie möglich für unsere gemeinsame Sicherheit aufkommt. Gleichzeitig entstehen ständig neue Herausforderungen und damit neue Ausgaben. Welche?
Lassen Sie uns nachschauen, welche zusätzlichen Mittel benötigt werden. Zum Beispiel:
– Anti-Drohnen-Systeme. Brauchen wir sie? Ja.
– Technologische Verbesserung der Sicherheit des Verkehrs. Das verstehen wir. (Anm. d. Übers.: Dabei geht es beispielsweise um die ukrainischen Terroranschläge auf russische Passagierzüge)
– Verbesserung der Sicherheit in den Grenzgebieten und neuen Regionen. Schließlich herrschen dort besondere Bedingungen.
– Zusätzliche Maßnahmen zum Schutz kritischer Infrastrukturen. Wir alle sehen, was in diesen Einrichtungen passiert. Wir müssen sie schützen. (Anm. d. Übers.: Dabei geht es um die Angriffe auf Raffinerien und so weiter)
– Stärkung der Cybersicherheit. Ohne sie geht es nicht.
Und gleichzeitig müssen die Menschen weiterhin medizinisch behandelt, unterrichtet und versorgt werden, sie müssen schöpferisch tätig sein, arbeiten, säen und ernten, produzieren und mit der Entwicklung Schritt halten. Und all dies unter den Bedingungen der irrsinnigen Sanktionen und des militärischen Angriffs der NATO.
Kommen wir also zur Mehrwertsteuer: Es ist wichtig zu betonen, dass nur der Normalsatz erhöht von 20 auf 22 Prozent erhöht. Der ermäßigte Mehrwertsteuersatz bleibt unverändert bei 10 Prozent. Was ist der ermäßigte Steuersatz? Der gilt für alle gesellschaftlich bedeutsamen Güter, zum Beispiel Lebensmittel wie Brot, Fleisch, Milch, Eier, Fisch, Getreide, Nudeln, Gemüse, Babynahrung. Und auch alle Kinderartikel, von Kleidung und Schuhen bis hin zu Kinderbetten und Spielzeug, sowie Bücher und Lehrbücher, Zeitschriften und auch Medikamente und medizinisches Material. Das alles bleibt unverändert bei einer Mehrwertsteuer von 10 Prozent.
Aber hätten wir uns die notwendigen Mittel für Verteidigung und Sicherheit nicht einfach leihen können? Das ist nicht so gut, da das die Inflation beschleunigen und in der Folge den Leitzins erhöhen würde. Das würde Investitionen ersticken und letztlich das Wirtschaftswachstum bremsen. Wir müssen langfristig denken. Das Beispiel Frankreichs, das unter Schulden erstickt, ist abschreckend.
Und dennoch: Sind 22 Prozent Mehrwertsteuer viel oder wenig?
Sagen wir so, es ist leicht über dem Durchschnitt, auch Italien hat zum Beispiel 22 Prozent. Und es gibt Länder mit höheren Sätzen: Polen hat 23 Prozent, Dänemark, Norwegen und Schweden haben 25 Prozent und Ungarn hat 27 Prozent. Jeder hat seine eigenen Gründe. Jedenfalls ist die russische Mehrwertsteuer sicherlich nicht Weltspitze.
Was die Panikmache angeht, so behaupten manche, die neue Mehrwertsteuer werde die Inflation deutlich erhöhen. Aber erlauben Sie, als die Mehrwertsteuer 2018 ebenfalls um 2 auf aktuell 20 Prozent angehoben wurde, stieg die Inflation laut offiziellen Statistiken nur um ein Prozent. Das sind die trockenen Fakten.
Marina Gromova berichtet über die Finanzpläne der Regierung.
Das wichtigste Finanzdokument des Landes für die nächsten drei Jahre wurde unter beispiellosem Druck erstellt. Während die Weltwirtschaft in Aufruhr ist und Zoll- und Sanktionskriege toben, wuchs Russlands Wirtschaft laut dem Ministerium für wirtschaftliche Entwicklung in den ersten sieben Monaten um 1,1 Prozent.
Ministerpräsident Michail Mischustin erklärte: „Unsere oberste Priorität war es, die Auswirkungen negativer Faktoren zu minimieren und ein ausgewogenes Dokument zu erstellen. Drei Bereiche stehen dabei im Vordergrund: Erstens die soziale Unterstützung der Bürger, insbesondere von Familien mit Kindern, wie der Präsident wiederholt betont hat. Zweitens die finanzielle Unterstützung der Verteidigungs- und Sicherheitsbedürfnisse des Staates sowie die Unterstützung von Familien der Teilnehmer der Militäroperation teilnehmen. Und drittens der Ausbau der Infrastruktur und die Sicherung der technologischen Führung, wofür im Haushalt für die nächsten drei Jahre rund 1,9 Billionen Rubel bereitgestellt wurden.“
Mehr als 10 Billionen Rubel wurden für das sogenannte Kinderbudget bereitgestellt. Dazu gehören jährliche Zahlungen an Familien mit mehr als zwei Kindern, das Mutterschaftskapital bis 2030 und deren Anpassung an die Inflation. Mehr als 2 Billionen Rubel sind für die Verbesserung der Wohnbedingungen von Familien vorgesehen. Der Haushalt enthält Maßnahmen, die das Einkommenswachstum beeinflussen, darunter eine Erhöhung des Mindestlohns.
Zum Mindestlohn erklärte Mischustin: „Er wird um mehr als 20 Prozent steigen und ab dem 1. Januar nächsten Jahres 27.093 Rubel erreichen. Diese Maßnahme wird zu Lohnerhöhungen für 4,5 Millionen Menschen beitragen. Dieser Indikator ist für die Berechnung vieler anderer Zahlungen, einschließlich Urlaubsgeld, Krankengeld und damit verbundener Leistungen, erforderlich. Der Präsident betonte, dass der Mindestlohn bereits jetzt das Existenzminimum übersteigt. Und diese Indexierung wird fortgesetzt.“
Hunderte Milliarden werden in Bildung investiert, in den Bau von 150 neuen Schulen und die Renovierung bestehender Bildungseinrichtungen und Kindergärten. Separate Mittel sind für die Renovierung von Kinderkrankenhäusern und Entbindungkliniken sowie für das Programm „Langes und aktives Leben“ vorgesehen. Die technologische Führung und die Entwicklung von Mikroelektronik und Robotik gehören zu den Prioritäten.
Allein das nationale Werkzeugmaschinenprojekt wird mit rund 118 Milliarden Rubel gefördert. Insgesamt werden bis 2030 voraussichtlich rund 40 Billionen Rubel für die Umsetzung nationaler Projekte bereitgestellt.
In den kommenden Jahren wird die Gewährleistung der Landesverteidigung wichtiger denn je sein. Und das erfordert erhebliche finanzielle Investitionen, schließlich geht es um alle Regionen: Verkehrssicherheit und den Schutz kritischer Infrastrukturen.
Der erste stellvertretende Ministerpräsident der Russischen Föderation Denis Manturow erklärte: „Gemäß den Anweisungen des Verteidigungsministeriums und anderer Dienste müssen wir unsere Gegenmaßnahmen gegen gegnerische Angriffe verstärken und dabei besonderen Wert auf die Gewährleistung der Anti-Terror-Sicherheit, die Verbesserung der Sicherheit in Grenzgebieten und die Bekämpfung von Cyberbedrohungen im Verteidigungssektor legen. Und natürlich ist es wichtig, die Bemühungen zu intensivieren, um die bedingungslose Versorgung des Militärpersonals an der Front mit allem, was es braucht, einschließlich Waffen, militärischer Ausrüstung, Kommunikationsausrüstung und Kampfausrüstung, sicherzustellen.“
Das ist im Haushalt selbstverständlich berücksichtigt. Das Finanzministerium hat neue Steuermaßnahmen vorbereitet, wie Finanzminister Anton Siluanow erklärte: „Zur Finanzierung der Verteidigungssicherheit wird vorgeschlagen, den Standard-Mehrwertsteuersatz um zwei Prozentpunkte von 20 auf 22 Prozent zu erhöhen. Dabei bleibt der Vorzugssatz von 10 Prozent für alle sozial bedeutsamen Güter bestehen. Dazu gehören Lebensmittel, Medikamente, medizinische Produkte, Kinderartikel und andere Waren.“
Die Umsatzgrenze, ab der Unternehmen Mehrwertsteuer zahlen müssen, wird von 60 Millionen auf 10 Millionen Rubel gesenkt. Das trägt dazu bei, der Fragmentierung von Unternehmen entgegenzuwirken. Laut der Steuerbehörde betrifft diese Maßnahme jedoch nur 15 Prozent der Unternehmen.
Valery Fedorow, Generaldirektor des Allrussischen Meinungsforschungszentrums, sagte dazu: „Der Haushalt ist schwierig, der Haushalt ist angespannt. Jeder versteht das, aber man erwartet, dass wir dank der ergriffenen Maßnahmen, auch neuer, einschließlich steuerlicher Maßnahmen, alle Prioritäten erfüllen können. Alle Sozialausgaben sind auf dem versprochenen Niveau geplant.“
Besitzer von Glücksspiel- und Buchmacherunternehmen werden mehr zahlen müssen, wie Alexander Schukow, Erster Stellvertretender Vorsitzender der Staatsduma, Mitglied der Fraktion Einiges Russland und Mitglied des Haushalts- und Steuerausschusses der Staatsduma erklärte: „In diesem Sektor, in der Glücksspielbranche, zirkuliert heute ziemlich viel Geld. Derzeit wird es mit festen Steuersätzen besteuert. Der Vorschlag sieht vor, 5 Prozent auf alle Einnahmen zu erheben, gefolgt von einer Gewinnsteuer von 25 Prozent. Das wird im ersten Jahr zusätzliche 70 Milliarden Rubel und anschließend bis zu 100 Milliarden Rubel pro Jahr generieren.“
Der Kampf gegen Grauimporte wird verschärft. Vor der Einfuhr von Waren nach Russland wird eine sogenannte Mehrwertsteuervorauszahlung verlangt, wie Igor Kostikow, Vorsitzender der Finanzkonsumentenunion, erklärte: „Man kann mit Sicherheit sagen, dass heute jährlich etwa 150 Milliarden Rubel durch Grauimporte verloren gehen. Die Zolleinnahmen machen etwa 50 Prozent der Haushaltseinnahmen aus. Das muss berücksichtigt werden, Maßnahmen zur Kontrolle von Grauimporten sind unerlässlich.“
Das Ministerium für wirtschaftliche Entwicklung prognostiziert nach einem starken Anstieg in den Jahren 2023/24 eine Verlangsamung des Wirtschaftswachstums. Die Arbeitslosigkeit wird auf einem Rekordtief bleiben. Laut Rosstat liegt sie derzeit bei knapp über 2 Prozent, nach 6 Prozent während der COVID-19-Pandemie. Damals wurden reduzierte Sozialversicherungsprämien eingeführt, um kleine und mittlere Unternehmen zu unterstützen. Die Zahl dieser Unternehmen ist seitdem gestiegen.
Diese vorübergehende Maßnahme wird ab 2026 optimiert. Der Vorzugssatz bleibt für vorrangige Sektoren bestehen: Fertigung, Produktion, Transport und Elektronik. Die Reallöhne werden um 10 Prozent steigen und die Inflation wird sinken.
Wirtschaftsminister Maxim Reschetnikow erklärte: „Die Inflationsprognose für 2025 wurde auf 6,8 Prozent gesenkt. Das wurde durch die Politik der Zentralbank und Maßnahmen der Regierung ermöglicht. Bis Ende 2026 soll das von der Zentralbank angestrebte Ziel von 4 Prozent erreicht werden. Die Inflationsprognose berücksichtigt die geplante Indexierung der Zölle gemäß zuvor gefassten Beschlüssen.“
Der Haushaltsplan wird bis zum 1. Oktober der Staatsduma vorgelegt. Anschließend finden öffentliche Anhörungen im Föderationsrat statt.
Ende der Übersetzung

Teile diesen Beitrag
teilen 
teilen 
teilen 
teilen 
teilen 
E-Mail 
teilen 
AUTOR: ANTI-SPIEGEL
Thomas Röper, geboren 1971, hat als Experte für Osteuropa in Finanzdienstleistungsunternehmen in Osteuropa und Russland Vorstands- und Aufsichtsratspositionen bekleidet. Heute lebt er in seiner Wahlheimat St. Petersburg. Er lebt über 15 Jahre in Russland und spricht fließend Russisch. Die Schwerpunkte seiner medienkritischen Arbeit sind das (mediale) Russlandbild in Deutschland, Kritik an der Berichterstattung westlicher Medien im Allgemeinen und die Themen (Geo-)Politik und Wirtschaft.
SCHREIBE EINEN KOMMENTAR
Du musst angemeldet sein, um einen Kommentar abzugeben.
Zurück
Nächster Beitrag: Die Umsetzung der Pläne zur Fälschung der Wahl",,https://anti-spiegel.ru/2025/russland-erhoeht-die-mehrwertsteuer-ist-die-russische-wirtschaft-am-zusammenbrechen/,"Russland erhöht die Mehrwertsteuer, ist die russische Wirtschaft am Zusammenbrechen? Die in Russland angekündigte Erhöhung der Mehrwertsteuer wird von westlichen Medien als Zeichen eines nahen Zusammenbruchs der russischen Wirtschaft gefeiert. Wie wird in Russland darüber berichtet? Wirtschaft
Russland erhöht die Mehrwertsteuer, ist die russische Wirtschaft am Zusammenbrechen?
Die in Russland angekündigte Erhöhung der Mehrwertsteuer wird von westlichen Medien als Zeichen eines nahen Zusammenbruchs der russischen Wirtschaft gefeiert. Wie wird in Russland darüber berichtet?
von Anti-Spiegel
30. September 2025 08:00 Uhr
Dass westliche Medien jede negative Meldung aus Russland als Anzeichen für ein nahes Zusammenbrechen der russischen Wirtschaft feiern, hat seit dem Maidan vor zehn Jahren schon Tradition. Aktuelle wird die in Russland geplante Erhöhung der Mehrwertsteuer für solche Meldungen herangezogen.
Faktisch herrscht schon seit Jahren Krieg zwischen dem kollektiven Westen und Russland. Noch ist es zwar nicht offiziell ein heißer Krieg, aber es ist unter anderem unbestritten ein Wirtschaftskrieg, den der Westen über die Sanktionen gegen Russland führt. Also muss man die wirtschaftlichen Indikatoren der beiden Kriegsgegner vergleichen, wenn man verstehen will, wie der „Kriegsstand“ derzeit ist.
In Europa herrscht wirtschaftlich faktisch Stagnation, in großen EU-Ländern wie Deutschland sogar Rezession. Sozialleistungen werden radikal gesenkt, weil kein Geld mehr da ist. Gleichzeitig werden Rekordschulden in Höhe von hunderten Milliarden Euro aufgenommen.
In Russland herrscht Wirtschaftswachstum, die Sozialleistungen werden jedes Jahr in Raten erhöht, die die Inflationsrate übersteigen, und Russland macht keine Schulden, stattdessen deckt es sein Haushaltsdefizit aus staatlichen Reservefonds, in denen der russische Staat hunderte Milliarden für schlechte Zeiten zurückgelegt hat – etwas, das wovon die meisten westlichen Staaten nicht einmal träumen können.
Wenn man diese nackten Tatsachen anschaut, ist die Frage, wer den Wirtschaftskrieg derzeit gewinnt, eigentlich beantwortet.
Aber natürlich gehen Krieg und Wirtschaftskrieg auch an der russischen Wirtschaft und dem russischen Staatshaushalt nicht spurlos vorbei. Die russische Regierung will die staatlichen Fonds natürlich nicht komplett aufbrauchen, weshalb die russische Regierung nun die Erhöhung der Mehrwertsteuer beschlossen hat, was westliche Medien wieder als Anzeichen für den drohenden wirtschaftlichen Zusammenbruch Russlands feiern, anstatt zu fragen, warum Russland nach drei Jahren Krieg als einzige Maßnahme eine Mehrwertsteuererhöhung beschlossen hat, während die europäischen Länder seit Jahren Sozialleistungen zusammenstreichen und Rekordschulden aufnehmen müssen, um den (Wirtschafts-) Krieg gegen Russland fortsetzen zu können.
Hier zeige ich, wie das russische Fernsehen am Sonntagabend über die anstehende Mehrwertsteuererhöhung berichtet hat und übersetze den Beitrag aus der Sendung zu dem Thema.
Beginn der Übersetzung:
Müssen wir uns wegen der Mehrwertsteuererhöhung Sorgen machen?
Diese Woche hat das Finanzministerium der Regierung Änderungsanträge zum laufenden Haushalt, zum Haushaltsentwurf 2026 und zum Planungszeitraum bis 2028 vorgelegt. Bemerkenswert sind auch die vorgeschlagenen Änderungen des Haushalts- und Steuergesetzbuchs.
Man muss gleich darauf hinweisen, dass der Staat seinen sozialen Verpflichtungen nachkommt und das auch weiterhin tun wird. Für einige Bereiche, beispielsweise im Interesse des Bevölkerungswachstums und der Lebensqualität, werden erhebliche zusätzliche Mittel bereitgestellt.
Allerdings, und das haben alle sofort bemerkt, schlägt das Finanzministerium vor, den Mehrwertsteuersatz von 20 auf 22 Prozent zu erhöhen. Weil die Mehrwertsteuer ist die am einfachsten zu erhebende Steuer ist, gehen bringt der höhere Prozentsatz erhebliche zusätzliche Mittel in den Haushalt. Wohin fließen diese Mittel?
Das verheimlicht niemand: in die Stärkung von Verteidigung und Sicherheit. Wir leben in Kriegszeiten. Der Krieg wurde uns vom Westen aufgezwungen. Für uns ist dies ein Krieg für Frieden zu fairen Bedingungen. Er muss gewonnen werden, und ohne einen Militärhaushalt geht das nun mal nicht. Ein Haushalt kommt nicht einfach aus dem Nichts. Ein Kriegshaushalt kann nur dann solidarisch sein, wenn jeder Bürger des kriegführenden Landes die Möglichkeit hat, einen persönlichen Beitrag zur Sicherheit zu leisten – und das auch tut.
Wofür also werden die zusätzlichen Militärabgaben ausgegeben? Kurz gesagt hat die Finanzierung der Streitkräfte des gesamten nationalen Sicherheitssystems absolute Priorität. Dieses Paket umfasst auch die soziale Unterstützung für die Familien der an der Militäroperation Beteiligten. Der neue Haushalt wird die notwendigen Waffen und Ausrüstungen, Zahlungen an Soldaten und ihre Familien sowie die Modernisierung der Rüstungsindustrie bereitstellen. Ohne das geht es nicht. So zu tun, als würde sich all dies irgendwie selbst finanzieren, geht nicht. Wir sind es, jeder von uns, der in einer Situation, in der unser Land – das unschätzbar wertvolle Russland – gezwungen ist, unsere gemeinsame Sicherheit mit Waffengewalt zu gewährleisten, so gut wie möglich für unsere gemeinsame Sicherheit aufkommt. Gleichzeitig entstehen ständig neue Herausforderungen und damit neue Ausgaben. Welche?
Lassen Sie uns nachschauen, welche zusätzlichen Mittel benötigt werden. Zum Beispiel:
– Anti-Drohnen-Systeme. Brauchen wir sie? Ja.
– Technologische Verbesserung der Sicherheit des Verkehrs. Das verstehen wir. (Anm. d. Übers.: Dabei geht es beispielsweise um die ukrainischen Terroranschläge auf russische Passagierzüge)
– Verbesserung der Sicherheit in den Grenzgebieten und neuen Regionen. Schließlich herrschen dort besondere Bedingungen.
– Zusätzliche Maßnahmen zum Schutz kritischer Infrastrukturen. Wir alle sehen, was in diesen Einrichtungen passiert. Wir müssen sie schützen. (Anm. d. Übers.: Dabei geht es um die Angriffe auf Raffinerien und so weiter)
– Stärkung der Cybersicherheit. Ohne sie geht es nicht.
Und gleichzeitig müssen die Menschen weiterhin medizinisch behandelt, unterrichtet und versorgt werden, sie müssen schöpferisch tätig sein, arbeiten, säen und ernten, produzieren und mit der Entwicklung Schritt halten. Und all dies unter den Bedingungen der irrsinnigen Sanktionen und des militärischen Angriffs der NATO.
Kommen wir also zur Mehrwertsteuer: Es ist wichtig zu betonen, dass nur der Normalsatz erhöht von 20 auf 22 Prozent erhöht. Der ermäßigte Mehrwertsteuersatz bleibt unverändert bei 10 Prozent. Was ist der ermäßigte Steuersatz? Der gilt für alle gesellschaftlich bedeutsamen Güter, zum Beispiel Lebensmittel wie Brot, Fleisch, Milch, Eier, Fisch, Getreide, Nudeln, Gemüse, Babynahrung. Und auch alle Kinderartikel, von Kleidung und Schuhen bis hin zu Kinderbetten und Spielzeug, sowie Bücher und Lehrbücher, Zeitschriften und auch Medikamente und medizinisches Material. Das alles bleibt unverändert bei einer Mehrwertsteuer von 10 Prozent.
Aber hätten wir uns die notwendigen Mittel für Verteidigung und Sicherheit nicht einfach leihen können? Das ist nicht so gut, da das die Inflation beschleunigen und in der Folge den Leitzins erhöhen würde. Das würde Investitionen ersticken und letztlich das Wirtschaftswachstum bremsen. Wir müssen langfristig denken. Das Beispiel Frankreichs, das unter Schulden erstickt, ist abschreckend.
Und dennoch: Sind 22 Prozent Mehrwertsteuer viel oder wenig?
Sagen wir so, es ist leicht über dem Durchschnitt, auch Italien hat zum Beispiel 22 Prozent. Und es gibt Länder mit höheren Sätzen: Polen hat 23 Prozent, Dänemark, Norwegen und Schweden haben 25 Prozent und Ungarn hat 27 Prozent. Jeder hat seine eigenen Gründe. Jedenfalls ist die russische Mehrwertsteuer sicherlich nicht Weltspitze.
Was die Panikmache angeht, so behaupten manche, die neue Mehrwertsteuer werde die Inflation deutlich erhöhen. Aber erlauben Sie, als die Mehrwertsteuer 2018 ebenfalls um 2 auf aktuell 20 Prozent angehoben wurde, stieg die Inflation laut offiziellen Statistiken nur um ein Prozent. Das sind die trockenen Fakten.
Marina Gromova berichtet über die Finanzpläne der Regierung.
Das wichtigste Finanzdokument des Landes für die nächsten drei Jahre wurde unter beispiellosem Druck erstellt. Während die Weltwirtschaft in Aufruhr ist und Zoll- und Sanktionskriege toben, wuchs Russlands Wirtschaft laut dem Ministerium für wirtschaftliche Entwicklung in den ersten sieben Monaten um 1,1 Prozent.
Ministerpräsident Michail Mischustin erklärte: „Unsere oberste Priorität war es, die Auswirkungen negativer Faktoren zu minimieren und ein ausgewogenes Dokument zu erstellen. Drei Bereiche stehen dabei im Vordergrund: Erstens die soziale Unterstützung der Bürger, insbesondere von Familien mit Kindern, wie der Präsident wiederholt betont hat. Zweitens die finanzielle Unterstützung der Verteidigungs- und Sicherheitsbedürfnisse des Staates sowie die Unterstützung von Familien der Teilnehmer der Militäroperation teilnehmen. Und drittens der Ausbau der Infrastruktur und die Sicherung der technologischen Führung, wofür im Haushalt für die nächsten drei Jahre rund 1,9 Billionen Rubel bereitgestellt wurden.“
Mehr als 10 Billionen Rubel wurden für das sogenannte Kinderbudget bereitgestellt. Dazu gehören jährliche Zahlungen an Familien mit mehr als zwei Kindern, das Mutterschaftskapital bis 2030 und deren Anpassung an die Inflation. Mehr als 2 Billionen Rubel sind für die Verbesserung der Wohnbedingungen von Familien vorgesehen. Der Haushalt enthält Maßnahmen, die das Einkommenswachstum beeinflussen, darunter eine Erhöhung des Mindestlohns.
Zum Mindestlohn erklärte Mischustin: „Er wird um mehr als 20 Prozent steigen und ab dem 1. Januar nächsten Jahres 27.093 Rubel erreichen. Diese Maßnahme wird zu Lohnerhöhungen für 4,5 Millionen Menschen beitragen. Dieser Indikator ist für die Berechnung vieler anderer Zahlungen, einschließlich Urlaubsgeld, Krankengeld und damit verbundener Leistungen, erforderlich. Der Präsident betonte, dass der Mindestlohn bereits jetzt das Existenzminimum übersteigt. Und diese Indexierung wird fortgesetzt.“
Hunderte Milliarden werden in Bildung investiert, in den Bau von 150 neuen Schulen und die Renovierung bestehender Bildungseinrichtungen und Kindergärten. Separate Mittel sind für die Renovierung von Kinderkrankenhäusern und Entbindungkliniken sowie für das Programm „Langes und aktives Leben“ vorgesehen. Die technologische Führung und die Entwicklung von Mikroelektronik und Robotik gehören zu den Prioritäten.
Allein das nationale Werkzeugmaschinenprojekt wird mit rund 118 Milliarden Rubel gefördert. Insgesamt werden bis 2030 voraussichtlich rund 40 Billionen Rubel für die Umsetzung nationaler Projekte bereitgestellt.
In den kommenden Jahren wird die Gewährleistung der Landesverteidigung wichtiger denn je sein. Und das erfordert erhebliche finanzielle Investitionen, schließlich geht es um alle Regionen: Verkehrssicherheit und den Schutz kritischer Infrastrukturen.
Der erste stellvertretende Ministerpräsident der Russischen Föderation Denis Manturow erklärte: „Gemäß den Anweisungen des Verteidigungsministeriums und anderer Dienste müssen wir unsere Gegenmaßnahmen gegen gegnerische Angriffe verstärken und dabei besonderen Wert auf die Gewährleistung der Anti-Terror-Sicherheit, die Verbesserung der Sicherheit in Grenzgebieten und die Bekämpfung von Cyberbedrohungen im Verteidigungssektor legen. Und natürlich ist es wichtig, die Bemühungen zu intensivieren, um die bedingungslose Versorgung des Militärpersonals an der Front mit allem, was es braucht, einschließlich Waffen, militärischer Ausrüstung, Kommunikationsausrüstung und Kampfausrüstung, sicherzustellen.“
Das ist im Haushalt selbstverständlich berücksichtigt. Das Finanzministerium hat neue Steuermaßnahmen vorbereitet, wie Finanzminister Anton Siluanow erklärte: „Zur Finanzierung der Verteidigungssicherheit wird vorgeschlagen, den Standard-Mehrwertsteuersatz um zwei Prozentpunkte von 20 auf 22 Prozent zu erhöhen. Dabei bleibt der Vorzugssatz von 10 Prozent für alle sozial bedeutsamen Güter bestehen. Dazu gehören Lebensmittel, Medikamente, medizinische Produkte, Kinderartikel und andere Waren.“
Die Umsatzgrenze, ab der Unternehmen Mehrwertsteuer zahlen müssen, wird von 60 Millionen auf 10 Millionen Rubel gesenkt. Das trägt dazu bei, der Fragmentierung von Unternehmen entgegenzuwirken. Laut der Steuerbehörde betrifft diese Maßnahme jedoch nur 15 Prozent der Unternehmen.
Valery Fedorow, Generaldirektor des Allrussischen Meinungsforschungszentrums, sagte dazu: „Der Haushalt ist schwierig, der Haushalt ist angespannt. Jeder versteht das, aber man erwartet, dass wir dank der ergriffenen Maßnahmen, auch neuer, einschließlich steuerlicher Maßnahmen, alle Prioritäten erfüllen können. Alle Sozialausgaben sind auf dem versprochenen Niveau geplant.“
Besitzer von Glücksspiel- und Buchmacherunternehmen werden mehr zahlen müssen, wie Alexander Schukow, Erster Stellvertretender Vorsitzender der Staatsduma, Mitglied der Fraktion Einiges Russland und Mitglied des Haushalts- und Steuerausschusses der Staatsduma erklärte: „In diesem Sektor, in der Glücksspielbranche, zirkuliert heute ziemlich viel Geld. Derzeit wird es mit festen Steuersätzen besteuert. Der Vorschlag sieht vor, 5 Prozent auf alle Einnahmen zu erheben, gefolgt von einer Gewinnsteuer von 25 Prozent. Das wird im ersten Jahr zusätzliche 70 Milliarden Rubel und anschließend bis zu 100 Milliarden Rubel pro Jahr generieren.“
Der Kampf gegen Grauimporte wird verschärft. Vor der Einfuhr von Waren nach Russland wird eine sogenannte Mehrwertsteuervorauszahlung verlangt, wie Igor Kostikow, Vorsitzender der Finanzkonsumentenunion, erklärte: „Man kann mit Sicherheit sagen, dass heute jährlich etwa 150 Milliarden Rubel durch Grauimporte verloren gehen. Die Zolleinnahmen machen etwa 50 Prozent der Haushaltseinnahmen aus. Das muss berücksichtigt werden, Maßnahmen zur Kontrolle von Grauimporten sind unerlässlich.“
Das Ministerium für wirtschaftliche Entwicklung prognostiziert nach einem starken Anstieg in den Jahren 2023/24 eine Verlangsamung des Wirtschaftswachstums. Die Arbeitslosigkeit wird auf einem Rekordtief bleiben. Laut Rosstat liegt sie derzeit bei knapp über 2 Prozent, nach 6 Prozent während der COVID-19-Pandemie. Damals wurden reduzierte Sozialversicherungsprämien eingeführt, um kleine und mittlere Unternehmen zu unterstützen. Die Zahl dieser Unternehmen ist seitdem gestiegen.
Diese vorübergehende Maßnahme wird ab 2026 optimiert. Der Vorzugssatz bleibt für vorrangige Sektoren bestehen: Fertigung, Produktion, Transport und Elektronik. Die Reallöhne werden um 10 Prozent steigen und die Inflation wird sinken.
Wirtschaftsminister Maxim Reschetnikow erklärte: „Die Inflationsprognose für 2025 wurde auf 6,8 Prozent gesenkt. Das wurde durch die Politik der Zentralbank und Maßnahmen der Regierung ermöglicht. Bis Ende 2026 soll das von der Zentralbank angestrebte Ziel von 4 Prozent erreicht werden. Die Inflationsprognose berücksichtigt die geplante Indexierung der Zölle gemäß zuvor gefassten Beschlüssen.“
Der Haushaltsplan wird bis zum 1. Oktober der Staatsduma vorgelegt. Anschließend finden öffentliche Anhörungen im Föderationsrat statt.
Ende der Übersetzung

Teile diesen Beitrag
teilen 
teilen 
teilen 
teilen 
teilen 
E-Mail 
teilen 
AUTOR: ANTI-SPIEGEL
Thomas Röper, geboren 1971, hat als Experte für Osteuropa in Finanzdienstleistungsunternehmen in Osteuropa und Russland Vorstands- und Aufsichtsratspositionen bekleidet. Heute lebt er in seiner Wahlheimat St. Petersburg. Er lebt über 15 Jahre in Russland und spricht fließend Russisch. Die Schwerpunkte seiner medienkritischen Arbeit sind das (mediale) Russlandbild in Deutschland, Kritik an der Berichterstattung westlicher Medien im Allgemeinen und die Themen (Geo-)Politik und Wirtschaft.
SCHREIBE EINEN KOMMENTAR
Du musst angemeldet sein, um einen Kommentar abzugeben.
Zurück
Nächster Beitrag: Die Umsetzung der Pläne zur Fälschung der Wahl"
2025-09-30,Die Umsetzung der Pläne zur Fälschung der Wahl,"Am Sonntag waren Parlamentswahlen in Moldawien und es traf all das ein, was ich vor der Wahlen bereits geschrieben habe. Regierungskritische Wähler wurden am Wählen gehindert und offenbar gab es massive Wahlfälschung, denn die Regierungspartei kam nach 33 Prozent in den Umfragen auf über 50 Prozent bei der Wahl.","Moldawienwahl Teil 2
Die Umsetzung der Pläne zur Fälschung der Wahl
Am Sonntag waren Parlamentswahlen in Moldawien und es traf all das ein, was ich vor der Wahlen bereits geschrieben habe. Regierungskritische Wähler wurden am Wählen gehindert und offenbar gab es massive Wahlfälschung, denn die Regierungspartei kam nach 33 Prozent in den Umfragen auf über 50 Prozent bei der Wahl.
von Anti-Spiegel
30. September 2025 06:00 Uhr
Ich berichte in drei Artikeln über die Wahl in Moldawien. Im ersten Artikel habe ich gezeigt, warum die Wahlen offensichtlich dreist manipuliert wurden. In diesem zweiten Artikel erinnere ich an die von der pro-westlichen Regierung offen vorbereiteten Manipulationen und wir schauen uns an, wie diese Vorbereitungen am Wahltag umgesetzt wurden. Im dritten Artikel werde ich zeigen, wie wenig deutsche Medien wie der Spiegel ihren Lesern über die Wahl-Farce mitteilen.
Die Vorbereitungen
Die Vorbereitung der Manipulation der moldawischen Parlamentswahlen, die am Sonntag stattgefunden haben, begann bereits sehr früh. Schon im März begann die moldawische Regierung mit Hausdurchsuchungen bei der Opposition und mit der Verhaftung der beliebtesten Oppositionspolitiker, denn dass die Regierungspartei die Wahlen nicht legal gewinnen konnte, war allen klar, seit sie die Kommunalwahlen im November 2023 trotz massiver Wahlmanipulation verloren hatte (zwei Tage vor der Wahl ließ sie beispielsweise über 8.600 Oppositionskandidaten von den Wahllisten streichen) und nachdem sie die Präsidentschaftswahlen in Herbst 2024 nur dank noch massiverer Manipulationen gewonnen hat.
Im August wurde die Manipulation der Wahlen ganz offen vorbereitet, worüber ich ausführlich berichtet habe. Die Artikel mit allen Details dazu finden Sie hier, hier und hier. Alles, was ich in diesen Artikeln über die Pläne der moldawischen Regierung zur Manipulation der Wahlen berichtet habe, wurde am Wahltag umgesetzt.
Die Parlamentswahlen waren deshalb so wichtig, weil Moldawien eine parlamentarische Republik ist. Seit Maia Sandu Präsidentin ist, bestimmt sie zwar die Politik des Landes, aber das geht nur, weil ihre Partei die Mehrheit im Parlament hatte. Hätte die Opposition die Parlamentswahlen gewonnen, wäre es damit vorbei gewesen.
Die Opposition steht gegen den Westkurs von Sandu, weil der das ohnehin bettelarme Land in den letzten Jahren wirtschaftlich ruiniert hat. Wegen der anti-russischen Politik ist Moldawien sein traditionell wichtigster Handelspartner Russland weggebrochen und die EU hat nicht einmal Versuche unternommen, der moldawischen Wirtschaft eine Alternative zu bieten. Sie hat Moldawien zwar Kredite gegeben, die aber wirkungslos verpufft sind und das Land lediglich in die Schuldenfalle gebracht haben. Die Inflation beispielsweise stieg während des Westkurses von Sandu zeitweise auf zuvor nie dagewesene 30 Prozent an.
Wahlmanipulation mit Ansage
Die Wahlen wurden mit recht banalen Mitteln manipuliert. Da Sandu die Wahlen im Land nicht gewinnen konnte – in Umfragen lag ihre Partei bei 33 Prozent, nachdem sie bei den letzten Wahlen 2021 noch über 50 Prozent erreicht hatte -, kam es für sie auf die Exil-Moldawier an, denn wegen der Armut hat etwa ein Drittel der Moldawier das Land verlassen.
Die hunderttausenden Moldawier, die in die EU gegangen sind, stimmen mehrheitlich pro-westlich ab, sind also für Sandu, während die etwa 300.000 Menschen mit moldawischem Pass, die in der abtrünnigen Republik Transnistriem leben, und die etwa 350.000 bis 400.000 Exil-Moldawier, die nach Russland gegangen sind, mehrheitlich gegen Sandu stimmen.
Der Plan der Regierung war es daher, die im Westen lebenden Moldawier wählen zu lassen und die in Transnistrien und in Russland lebenden Moldawier an der Teilnahme an der Wahl zu hindern.
Dazu hat die Zentrale Wahlkommission die Zahl der Wahllokale im Westen im Vergleich zur Präsidentschaftswahl vom Herbst 2024 auf fast 300 erhöht, während sie für Russland wieder nur zwei Wahllokale genehmigt hat, obwohl in Russland hunderttausende Moldawier leben.
Auch die Zahl der ins Ausland verschickten Stimmzettel belegen, dass die der Regierung nicht freundlich gesinnten Wähler an der Wahl gehindert werden sollten, denn nach Russland wurden nur 10.000 Stimmzettel geschickt, während beispielsweise nach Italien 229.000, nach Deutschland 140.000 und nach Großbritannien 97.000 Stimmzettel geschickt wurden, obwohl dort zusammengenommen weniger Moldawier leben als in Russland.
In Transnistrien ging die Regierung ähnlich vor. Wurden bei den Parlamentswahlen 2021 für Wähler aus Transnistrien noch 41 Wahllokale eröffnet, waren es bei den Präsidentschaftswahlen im Herbst 2024 schon nur noch 30 und bei den aktuellen Parlamentswahlen waren es nur noch zwölf Wahllokale für etwa 300.000 Wähler.
Das zu erwartende Ergebnis
Nach den Wahlen meldete die moldawische Wahlkommission, dass in Russland nur 4.204 von über 300.000 Wählern ihre Stimme abgegeben haben, obwohl sich vor den beiden Wahllokalen lange Schlangen gebildet hatten. Im Vergleich dazu haben laut der Wahlkommission im westlichen Ausland über 270.000 Wähler ihre Stimme abgegeben, darunter in Italien 81.308, in Deutschland 38.228, in Rumänien 29.379 und in Frankreich 25.606.
Die Wähler aus Transnistrien wurden mit den gleichen Tricks an der Teilnahme an der Wahl gehindert, wie schon bei den Präsidentschaftsahlen 2024, als die wichtigste Brücke über den zwischen Moldawien und Transnistrien fließenden Fluss Dnjestr wegen angeblicher Bombendrohungen stundenlang gesperrt wurde.
Dieses Mal wurden gleich auf sechs Brücken, die den Fluss überqueren, unmittelbar vor der Wahl Reparaturarbeiten begonnen, um den Verkehrsfluss zu stören, und es wurden Kontrollpunkte errichtet, an denen die Wähler auf ihrem Weg zu den Wahllokalen in Moldawien ausgiebig kontrolliert wurden, sodass sich lange Staus bildeten. Und die Wähler, die es nach Moldawien geschafft hatten, konnten zum Teil nicht wählen, weil es angeblich Bombendrohungen gegen die für sie vorgesehenen Wahllokale gegeben hat.
Das wenig überraschende Ergebnis davon war, dass die Wahlkommission nach der Wahl meldete, dass von den 300.000 Wahlberechtigten aus Transnistrien nur 12.000 ihre Stimme abgegeben haben.
Die Regierungspartei von Sandu hat die Wahlen im Inland trotzdem verloren. Dem vorläufigen Ergebnis zufolge erhielt sie 44,13 Prozent der Stimmen, was recht unglaubwürdig ist, wenn man bedenkt, dass die Partei in den Umfragen nur auf etwa 33 Prozent gekommen ist. Die Oppositionsparteien, die den Einzug ins Parlament geschafft haben, haben im Inland offiziell zusammen 49,54 Prozent erreicht.
Entscheidend waren jedoch die Wähler im Ausland. Die Wahlkommission hat mitgeteilt, dass die Regierungspartei die Wahl dank der Auslandswähler schließlich mit 50,2 Prozent gewonnen habe und daher wieder mit absoluter Mehrheit regieren könne, denn unter Berücksichtigung der Parteien, die es nicht ins Parlament geschafft haben, bekommt die Regierungspartei nun 55 der 101 Sitze im Parlament. Die Oppositionsparteien, die es ins Parlament geschafft haben, kommen demnach auf nur etwa 43 Prozent der Stimmen.
Meldungen über Unregelmäßigkeiten
Aus Italien wurde gemeldet, dass eine Gruppe Wähler per Bus zu mehreren Wahllokalen gefahren wurde, wo sie mehrmals ihre Stimme abgegeben haben. Unabhängig überprüfen ließ sich die Herkunft der dazu veröffentlichten Videos allerdings nicht.
Die Opposition meldete, sie habe Beweise für hunderte Verstöße gegen das Wahlverfahren im Land gesammelt, die sie der Wahlkommission und Gerichten vorlegen wolle. Das wird allerdings nichts bringen, weil die Regierung das Verfassungsgericht unmittelbar vor den Wahlen mit ihr treu ergebenen Richtern besetzt hat.
Die Wahlkommission meldete 236 Verstöße, allerdings handelt es sich dabei um unerlaubtes Fotografieren von Wahlzetteln, Mitnehmen von Wahlzetteln aus einem Wahllokal, Wahlwerbung vor Wahllokalen und andere, unwesentliche Kleinigkeiten, die keinen Einfluss auf das Ergebnis hätten.
Die OSZE
Die OSCE-Wahlbeobachter haben die Wahl auf ihrer Pressekonferenz als fair und frei bezeichnet und die moldawische Demokratie gelobt. Allerdings waren in Moldawien fast nur Wahlbeobachter aus dem Westen zugelassen, bei denen es sich um eingeschworene Transatlantiker handelt, die den Westkurs Moldawiens unterstützen und offen anti-russisch sind.
Das ist keine Unterstellung von mir, sondern das hat mir der einzige OSZE-Beobachter aus Russland erzählt, den ich von den Wahlbeobachtungen kenne, an denen ich teilgenommen habe. Ich stand mit ihm in Kontakt, während er in Moldawien war. Die europäischen Wahlbeobachter waren gelinde gesagt nicht eben freundlich zu ihm, weil er aus Russland kommt.
Da er der einzige in Moldawien zugelassene OSZE-Beobachter aus Russland war, schrieb er mir einer Nachricht scherzhaft, er gehöre als Long Term Observer der OSCE zu einer aussterbenden Art, die bereits in der Roten Liste der akut bedrohten Arten geführt wird.
Russische Medien klammern sich an die wenige Kritik, die die OSZE geäußert hat, die aber in dem, was die OSZE insgesamt verkündet hat, untergegangen ist. So hat die OSZE es bemängelt, dass die Wahlkommission zwei Parteien wegen angeblicher Verstöße der Wahlfinanzierung unmittelbar vor dem Wahltag von den Wahlen ausgeschlossen hat, ohne den Parteien die Möglichkeit zu geben, sich dagegen zu wehren. Darüber hat übrigens auch der Spiegel berichtet, aber da er die Parteien kurzerhand als „pro-russisch“ bezeichnet hat, dürfte sich kaum ein Spiegel-Leser an diesem Demokratieverständnis der moldawischen Regierung stören.
Die OSZE-Beobachter warfen der Wahlkommission insgesamt Voreingenommenheit vor, was kaum überraschend kommt, denn die Wahlkommission hatte vor der Wahl erklärt, ausländische Wahleinmischungen aus der EU seien legal, während ausländische Wahleinmischungen aus anderen Ländern illegal und zu bestrafen seien.
Allerdings führten diese Kritikpunkte der OSZE nicht dazu, dass die OSZE die Wahlen insgesamt kritisiert hat, im Gegenteil war die OSZE auf ihrer Pressekonferenz voll des Lobes.
Die Opposition protestiert
Igor Dodon, ehemaliger moldawischer Präsident und einer der Anführer des Parteienbündnisses Patriotischer Block, erklärte, die Opposition erkenne die Wahlen so lange nicht an, bis nicht alle von der Opposition festgehaltenen Verstöße bei den Wahlen aufgeklärt sind. Die Opposition werde streng nach Recht und Gesetz vorgehen und alle Verstöße zunächst der Wahlkommission vorlegen und danach, wenn nötig, die Gerichte anrufen. Seine Anhänger rief er zur Ruhe auf und forderte von ihnen, sich nicht provozieren zu lassen. Mit Dodon habe ich vor einigen Wochen übrigens ein Interview geführt, dass Sie sich hier anschauen können.
Am Montag gab es in der moldawischen Hauptstadt eine Protestkundgebung der Opposition, die unter strenger Überwachung der Polizei stattfand. Mehrere Straßen wurden abgesperrt und den Organisatoren wurden einige Megaphone abgenommen. Unmittelbar nach ihrer Ankunft wurden die Anführer des Patriotischen Blocks von in der Hauptstadt bekannten Provokateuren angegriffen und beleidigt, was beinahe zu Zusammenstößen mit den Demonstranten der Opposition geführt hätte.
In der Nähe der Oppositionskundgebung veranstaltete eine Gruppe von etwa zehn Anhängern der Regierungspartei eine Kundgebung, bei der sie beleidigende Parolen gegen Russland skandierten und damit die Aufmerksamkeit westlicher Wahljournalisten auf sich zogen. Das dürften die Bilder sein, die westliche Nachrichtensender in Berichten über den Tag nach der Wahl in Moldawien zeigen.

Teile diesen Beitrag
teilen 
teilen 
teilen 
teilen 
teilen 
E-Mail 
teilen 
AUTOR: ANTI-SPIEGEL
Thomas Röper, geboren 1971, hat als Experte für Osteuropa in Finanzdienstleistungsunternehmen in Osteuropa und Russland Vorstands- und Aufsichtsratspositionen bekleidet. Heute lebt er in seiner Wahlheimat St. Petersburg. Er lebt über 15 Jahre in Russland und spricht fließend Russisch. Die Schwerpunkte seiner medienkritischen Arbeit sind das (mediale) Russlandbild in Deutschland, Kritik an der Berichterstattung westlicher Medien im Allgemeinen und die Themen (Geo-)Politik und Wirtschaft.
SCHREIBE EINEN KOMMENTAR
Du musst angemeldet sein, um einen Kommentar abzugeben.
Zurück
Nächster Beitrag: Das Weiße Haus hat einen Plan für eine Lösung im Gazastreifen veröffentlicht",,https://anti-spiegel.ru/2025/die-umsetzung-der-plaene-zur-faelschung-der-wahl/,"Die Umsetzung der Pläne zur Fälschung der Wahl Am Sonntag waren Parlamentswahlen in Moldawien und es traf all das ein, was ich vor der Wahlen bereits geschrieben habe. Regierungskritische Wähler wurden am Wählen gehindert und offenbar gab es massive Wahlfälschung, denn die Regierungspartei kam nach 33 Prozent in den Umfragen auf über 50 Prozent bei der Wahl. Moldawienwahl Teil 2
Die Umsetzung der Pläne zur Fälschung der Wahl
Am Sonntag waren Parlamentswahlen in Moldawien und es traf all das ein, was ich vor der Wahlen bereits geschrieben habe. Regierungskritische Wähler wurden am Wählen gehindert und offenbar gab es massive Wahlfälschung, denn die Regierungspartei kam nach 33 Prozent in den Umfragen auf über 50 Prozent bei der Wahl.
von Anti-Spiegel
30. September 2025 06:00 Uhr
Ich berichte in drei Artikeln über die Wahl in Moldawien. Im ersten Artikel habe ich gezeigt, warum die Wahlen offensichtlich dreist manipuliert wurden. In diesem zweiten Artikel erinnere ich an die von der pro-westlichen Regierung offen vorbereiteten Manipulationen und wir schauen uns an, wie diese Vorbereitungen am Wahltag umgesetzt wurden. Im dritten Artikel werde ich zeigen, wie wenig deutsche Medien wie der Spiegel ihren Lesern über die Wahl-Farce mitteilen.
Die Vorbereitungen
Die Vorbereitung der Manipulation der moldawischen Parlamentswahlen, die am Sonntag stattgefunden haben, begann bereits sehr früh. Schon im März begann die moldawische Regierung mit Hausdurchsuchungen bei der Opposition und mit der Verhaftung der beliebtesten Oppositionspolitiker, denn dass die Regierungspartei die Wahlen nicht legal gewinnen konnte, war allen klar, seit sie die Kommunalwahlen im November 2023 trotz massiver Wahlmanipulation verloren hatte (zwei Tage vor der Wahl ließ sie beispielsweise über 8.600 Oppositionskandidaten von den Wahllisten streichen) und nachdem sie die Präsidentschaftswahlen in Herbst 2024 nur dank noch massiverer Manipulationen gewonnen hat.
Im August wurde die Manipulation der Wahlen ganz offen vorbereitet, worüber ich ausführlich berichtet habe. Die Artikel mit allen Details dazu finden Sie hier, hier und hier. Alles, was ich in diesen Artikeln über die Pläne der moldawischen Regierung zur Manipulation der Wahlen berichtet habe, wurde am Wahltag umgesetzt.
Die Parlamentswahlen waren deshalb so wichtig, weil Moldawien eine parlamentarische Republik ist. Seit Maia Sandu Präsidentin ist, bestimmt sie zwar die Politik des Landes, aber das geht nur, weil ihre Partei die Mehrheit im Parlament hatte. Hätte die Opposition die Parlamentswahlen gewonnen, wäre es damit vorbei gewesen.
Die Opposition steht gegen den Westkurs von Sandu, weil der das ohnehin bettelarme Land in den letzten Jahren wirtschaftlich ruiniert hat. Wegen der anti-russischen Politik ist Moldawien sein traditionell wichtigster Handelspartner Russland weggebrochen und die EU hat nicht einmal Versuche unternommen, der moldawischen Wirtschaft eine Alternative zu bieten. Sie hat Moldawien zwar Kredite gegeben, die aber wirkungslos verpufft sind und das Land lediglich in die Schuldenfalle gebracht haben. Die Inflation beispielsweise stieg während des Westkurses von Sandu zeitweise auf zuvor nie dagewesene 30 Prozent an.
Wahlmanipulation mit Ansage
Die Wahlen wurden mit recht banalen Mitteln manipuliert. Da Sandu die Wahlen im Land nicht gewinnen konnte – in Umfragen lag ihre Partei bei 33 Prozent, nachdem sie bei den letzten Wahlen 2021 noch über 50 Prozent erreicht hatte -, kam es für sie auf die Exil-Moldawier an, denn wegen der Armut hat etwa ein Drittel der Moldawier das Land verlassen.
Die hunderttausenden Moldawier, die in die EU gegangen sind, stimmen mehrheitlich pro-westlich ab, sind also für Sandu, während die etwa 300.000 Menschen mit moldawischem Pass, die in der abtrünnigen Republik Transnistriem leben, und die etwa 350.000 bis 400.000 Exil-Moldawier, die nach Russland gegangen sind, mehrheitlich gegen Sandu stimmen.
Der Plan der Regierung war es daher, die im Westen lebenden Moldawier wählen zu lassen und die in Transnistrien und in Russland lebenden Moldawier an der Teilnahme an der Wahl zu hindern.
Dazu hat die Zentrale Wahlkommission die Zahl der Wahllokale im Westen im Vergleich zur Präsidentschaftswahl vom Herbst 2024 auf fast 300 erhöht, während sie für Russland wieder nur zwei Wahllokale genehmigt hat, obwohl in Russland hunderttausende Moldawier leben.
Auch die Zahl der ins Ausland verschickten Stimmzettel belegen, dass die der Regierung nicht freundlich gesinnten Wähler an der Wahl gehindert werden sollten, denn nach Russland wurden nur 10.000 Stimmzettel geschickt, während beispielsweise nach Italien 229.000, nach Deutschland 140.000 und nach Großbritannien 97.000 Stimmzettel geschickt wurden, obwohl dort zusammengenommen weniger Moldawier leben als in Russland.
In Transnistrien ging die Regierung ähnlich vor. Wurden bei den Parlamentswahlen 2021 für Wähler aus Transnistrien noch 41 Wahllokale eröffnet, waren es bei den Präsidentschaftswahlen im Herbst 2024 schon nur noch 30 und bei den aktuellen Parlamentswahlen waren es nur noch zwölf Wahllokale für etwa 300.000 Wähler.
Das zu erwartende Ergebnis
Nach den Wahlen meldete die moldawische Wahlkommission, dass in Russland nur 4.204 von über 300.000 Wählern ihre Stimme abgegeben haben, obwohl sich vor den beiden Wahllokalen lange Schlangen gebildet hatten. Im Vergleich dazu haben laut der Wahlkommission im westlichen Ausland über 270.000 Wähler ihre Stimme abgegeben, darunter in Italien 81.308, in Deutschland 38.228, in Rumänien 29.379 und in Frankreich 25.606.
Die Wähler aus Transnistrien wurden mit den gleichen Tricks an der Teilnahme an der Wahl gehindert, wie schon bei den Präsidentschaftsahlen 2024, als die wichtigste Brücke über den zwischen Moldawien und Transnistrien fließenden Fluss Dnjestr wegen angeblicher Bombendrohungen stundenlang gesperrt wurde.
Dieses Mal wurden gleich auf sechs Brücken, die den Fluss überqueren, unmittelbar vor der Wahl Reparaturarbeiten begonnen, um den Verkehrsfluss zu stören, und es wurden Kontrollpunkte errichtet, an denen die Wähler auf ihrem Weg zu den Wahllokalen in Moldawien ausgiebig kontrolliert wurden, sodass sich lange Staus bildeten. Und die Wähler, die es nach Moldawien geschafft hatten, konnten zum Teil nicht wählen, weil es angeblich Bombendrohungen gegen die für sie vorgesehenen Wahllokale gegeben hat.
Das wenig überraschende Ergebnis davon war, dass die Wahlkommission nach der Wahl meldete, dass von den 300.000 Wahlberechtigten aus Transnistrien nur 12.000 ihre Stimme abgegeben haben.
Die Regierungspartei von Sandu hat die Wahlen im Inland trotzdem verloren. Dem vorläufigen Ergebnis zufolge erhielt sie 44,13 Prozent der Stimmen, was recht unglaubwürdig ist, wenn man bedenkt, dass die Partei in den Umfragen nur auf etwa 33 Prozent gekommen ist. Die Oppositionsparteien, die den Einzug ins Parlament geschafft haben, haben im Inland offiziell zusammen 49,54 Prozent erreicht.
Entscheidend waren jedoch die Wähler im Ausland. Die Wahlkommission hat mitgeteilt, dass die Regierungspartei die Wahl dank der Auslandswähler schließlich mit 50,2 Prozent gewonnen habe und daher wieder mit absoluter Mehrheit regieren könne, denn unter Berücksichtigung der Parteien, die es nicht ins Parlament geschafft haben, bekommt die Regierungspartei nun 55 der 101 Sitze im Parlament. Die Oppositionsparteien, die es ins Parlament geschafft haben, kommen demnach auf nur etwa 43 Prozent der Stimmen.
Meldungen über Unregelmäßigkeiten
Aus Italien wurde gemeldet, dass eine Gruppe Wähler per Bus zu mehreren Wahllokalen gefahren wurde, wo sie mehrmals ihre Stimme abgegeben haben. Unabhängig überprüfen ließ sich die Herkunft der dazu veröffentlichten Videos allerdings nicht.
Die Opposition meldete, sie habe Beweise für hunderte Verstöße gegen das Wahlverfahren im Land gesammelt, die sie der Wahlkommission und Gerichten vorlegen wolle. Das wird allerdings nichts bringen, weil die Regierung das Verfassungsgericht unmittelbar vor den Wahlen mit ihr treu ergebenen Richtern besetzt hat.
Die Wahlkommission meldete 236 Verstöße, allerdings handelt es sich dabei um unerlaubtes Fotografieren von Wahlzetteln, Mitnehmen von Wahlzetteln aus einem Wahllokal, Wahlwerbung vor Wahllokalen und andere, unwesentliche Kleinigkeiten, die keinen Einfluss auf das Ergebnis hätten.
Die OSZE
Die OSCE-Wahlbeobachter haben die Wahl auf ihrer Pressekonferenz als fair und frei bezeichnet und die moldawische Demokratie gelobt. Allerdings waren in Moldawien fast nur Wahlbeobachter aus dem Westen zugelassen, bei denen es sich um eingeschworene Transatlantiker handelt, die den Westkurs Moldawiens unterstützen und offen anti-russisch sind.
Das ist keine Unterstellung von mir, sondern das hat mir der einzige OSZE-Beobachter aus Russland erzählt, den ich von den Wahlbeobachtungen kenne, an denen ich teilgenommen habe. Ich stand mit ihm in Kontakt, während er in Moldawien war. Die europäischen Wahlbeobachter waren gelinde gesagt nicht eben freundlich zu ihm, weil er aus Russland kommt.
Da er der einzige in Moldawien zugelassene OSZE-Beobachter aus Russland war, schrieb er mir einer Nachricht scherzhaft, er gehöre als Long Term Observer der OSCE zu einer aussterbenden Art, die bereits in der Roten Liste der akut bedrohten Arten geführt wird.
Russische Medien klammern sich an die wenige Kritik, die die OSZE geäußert hat, die aber in dem, was die OSZE insgesamt verkündet hat, untergegangen ist. So hat die OSZE es bemängelt, dass die Wahlkommission zwei Parteien wegen angeblicher Verstöße der Wahlfinanzierung unmittelbar vor dem Wahltag von den Wahlen ausgeschlossen hat, ohne den Parteien die Möglichkeit zu geben, sich dagegen zu wehren. Darüber hat übrigens auch der Spiegel berichtet, aber da er die Parteien kurzerhand als „pro-russisch“ bezeichnet hat, dürfte sich kaum ein Spiegel-Leser an diesem Demokratieverständnis der moldawischen Regierung stören.
Die OSZE-Beobachter warfen der Wahlkommission insgesamt Voreingenommenheit vor, was kaum überraschend kommt, denn die Wahlkommission hatte vor der Wahl erklärt, ausländische Wahleinmischungen aus der EU seien legal, während ausländische Wahleinmischungen aus anderen Ländern illegal und zu bestrafen seien.
Allerdings führten diese Kritikpunkte der OSZE nicht dazu, dass die OSZE die Wahlen insgesamt kritisiert hat, im Gegenteil war die OSZE auf ihrer Pressekonferenz voll des Lobes.
Die Opposition protestiert
Igor Dodon, ehemaliger moldawischer Präsident und einer der Anführer des Parteienbündnisses Patriotischer Block, erklärte, die Opposition erkenne die Wahlen so lange nicht an, bis nicht alle von der Opposition festgehaltenen Verstöße bei den Wahlen aufgeklärt sind. Die Opposition werde streng nach Recht und Gesetz vorgehen und alle Verstöße zunächst der Wahlkommission vorlegen und danach, wenn nötig, die Gerichte anrufen. Seine Anhänger rief er zur Ruhe auf und forderte von ihnen, sich nicht provozieren zu lassen. Mit Dodon habe ich vor einigen Wochen übrigens ein Interview geführt, dass Sie sich hier anschauen können.
Am Montag gab es in der moldawischen Hauptstadt eine Protestkundgebung der Opposition, die unter strenger Überwachung der Polizei stattfand. Mehrere Straßen wurden abgesperrt und den Organisatoren wurden einige Megaphone abgenommen. Unmittelbar nach ihrer Ankunft wurden die Anführer des Patriotischen Blocks von in der Hauptstadt bekannten Provokateuren angegriffen und beleidigt, was beinahe zu Zusammenstößen mit den Demonstranten der Opposition geführt hätte.
In der Nähe der Oppositionskundgebung veranstaltete eine Gruppe von etwa zehn Anhängern der Regierungspartei eine Kundgebung, bei der sie beleidigende Parolen gegen Russland skandierten und damit die Aufmerksamkeit westlicher Wahljournalisten auf sich zogen. Das dürften die Bilder sein, die westliche Nachrichtensender in Berichten über den Tag nach der Wahl in Moldawien zeigen.

Teile diesen Beitrag
teilen 
teilen 
teilen 
teilen 
teilen 
E-Mail 
teilen 
AUTOR: ANTI-SPIEGEL
Thomas Röper, geboren 1971, hat als Experte für Osteuropa in Finanzdienstleistungsunternehmen in Osteuropa und Russland Vorstands- und Aufsichtsratspositionen bekleidet. Heute lebt er in seiner Wahlheimat St. Petersburg. Er lebt über 15 Jahre in Russland und spricht fließend Russisch. Die Schwerpunkte seiner medienkritischen Arbeit sind das (mediale) Russlandbild in Deutschland, Kritik an der Berichterstattung westlicher Medien im Allgemeinen und die Themen (Geo-)Politik und Wirtschaft.
SCHREIBE EINEN KOMMENTAR
Du musst angemeldet sein, um einen Kommentar abzugeben.
Zurück
Nächster Beitrag: Das Weiße Haus hat einen Plan für eine Lösung im Gazastreifen veröffentlicht"
