Date,Title,Summary,Text,Comments,URL,Full_Text
2025-12-01,Das russische Fernsehen über die Lügen der Europäer,"Wie sehr die europäischen Politiker lügen müssen, um ihren Völkern ihre Politik irgendwie zu erklären, ist beeindruckend und ein häufiges Thema auf dem Anti-Spiegel. Auch in Russland wird das thematisiert.","Europäische Politiker
Das russische Fernsehen über die Lügen der Europäer
Wie sehr die europäischen Politiker lügen müssen, um ihren Völkern ihre Politik irgendwie zu erklären, ist beeindruckend und ein häufiges Thema auf dem Anti-Spiegel. Auch in Russland wird das thematisiert.
von Anti-Spiegel
1. Dezember 2025 12:00 Uhr
Dass die europäischen Politiker ihre Politik nur mit Lügen verkaufen können, ist für Leser des Anti-Spiegel nichts Neues. Und auch für die Menschen in Russland nicht. Aber letzte Woche gab es in Europa einige besonders bemerkenswerte Aussagen, die Thema eines Kommentars des Moderators des wöchentlichen Nachrichtenrückblicks des russischen Fernsehens waren, den ich übersetzt habe.
Beginn der Übersetzung:
Dmitri Kisseljew: Europa belügt Russland und seine eigenen Bürger
Die europäischen Machthaber haben es sich zur Regel gemacht, schamlos zu lügen. Sie belügen Russland und ihre eigenen Menschen. An die europäische Verlogenheit und Heuchelei haben sich alle so sehr gewöhnt, dass es niemanden mehr überrascht.
Ein Beispiel dafür ist der blutige Staatsstreich in Kiew 2014. In Europa wird er als „Akt der Demokratie“ bezeichnet. Die glauben die falsche Darstellung, Janukowitschs Polizei habe auf dem Euromaidan Menschen erschossen, immer noch, dabei ist längst bewiesen, dass das angeheuerte Scharfschützen waren.
Die „Garanten“ des Abkommens über den friedlichen Machtwechsel, das der damalige ukrainische Präsident Janukowitsch mit der Opposition geschlossen hatte, waren die deutschen und polnischen Außenminister Frank-Walter Steinmeier und Radosław Sikorski sowie der Generaldirektor des französischen Außenministeriums Eric Fournier. Am folgenden Tag wurde der Präsidentenpalast besetzt und die „Garanten“ blieben stumm. Danach machten alle Beteiligten weiter, als sei nichts geschehen.
Die Bandera-Junta, die 2014 in Kiew die Macht ergriffen hatte, begann den Krieg gegen den Donbass und führte Strafaktionen durch – und die Europäer schwiegen.
Poroschenkos Truppen wurden eingekesselt und verloren nach seinen Angaben fast zwei Drittel ihrer Ausrüstung. Neben Poroschenko selbst und Vertretern des Donbass trafen sich der russische Präsident Wladimir Putin, Bundeskanzlerin Angela Merkel aus Deutschland und der Präsidenten François Hollande aus Frankreich in Minsk zu Friedensgesprächen. Es wurde ein Abkommen unterzeichnet.
Doch sowohl Merkel als auch Hollande haben zugegeben, in Minsk unehrlich gewesen zu sein. Ihr Ziel war nicht Frieden, sondern eine Atempause für die Ukraine und Zeitgewinn, um einen neuen Krieg vorzubereiten.
Und der Klassiker: US-Außenminister James Bakers verlogene Zusage gegenüber Michail Gorbatschow, die NATO nicht einen Zoll nach Osten zu erweitern. Seitdem gab es zehn Erweiterungswellen.
Und nun lügen jene europäischen Politiker, die Russlands Angriffsabsichten auf Europa unterstellen, ihren Bürgern dreist ins Gesicht. Sie tun das so überzeugend, dass die europäischen Parlamente die Angst vor Russland in ihre Staatshaushalte einbauen.
Putin hat diesen Unsinn wiederholt zurückgewiesen und griff das Thema in Bischkek nun erneut auf, indem er europäische Politiker als „Gauner“ bezeichnete: „Da sind, scheint mir, Verrückte oder Kriminelle am Werk. Sie wollen irgendwas bekommen. Sie erzählen ihrer Bevölkerung, ihren Bürgern, öffentlich, Russland bereite einen Angriff auf Europa vor und sie müssten schnellstens ihre Verteidigungsfähigkeit stärken. Entweder dienen sie den Interessen der Rüstungsindustrie und privater Unternehmen, oder sie versuchen, angesichts der desolaten wirtschaftlichen und sozialen Lage ihre innenpolitischen Beliebtheitswerte aufzupolieren. Schwer zu sagen, was sie antreibt, aber aus unserer Sicht ist das blanker Unsinn, eine glatte Lüge. Aber trotzdem, wenn das Ganze das öffentliche Bewusstsein anheizt, wenn die ihre Bürger in Angst versetzen und die das hören wollen, sagen wir, dass wir keinen Angriff planen und keine aggressiven Absichten gegen Europa hegen. Bitte wir sind bereit, alles festzuhalten.“
Auch die EU-Außenbeauftragte Kaja Kallas wurde kürzlich beim Lügen ertappt, als sie am 26. November sagte: „Russland hat in den letzten 100 Jahren mehr als 19 Länder angegriffen, einige davon drei- oder viermal. Keines dieser Länder hat jemals Russland angegriffen.“
Natürlich könnte man das auf die allgemeine Inkompetenz zurückführen und verzeihen, doch es dient auch als ideologische Grundlage für weitreichende militärische und politische Entscheidungen.
Wladimir Medinski, Berater des russischen Präsidenten und Doktor der Geschichtswissenschaften, spottete sarkastisch über die „kallassalen“ Erkenntnisse:
„Ein kurzer Kurs zur Militärgeschichte Russlands im 20. Jahrhundert für Kaja Kallas:
1904: Russland greift Japan heimtückisch in Port Arthur an.
1914: Angriff auf Deutschland in den westlichen Provinzen des Russischen Reiches.
1918: Russland greift England in Murmansk, die USA in Archangelsk, Frankreich in Odessa sowie Japan und die USA in Wladiwostok und Sibirien an.
1919: Besonders hervorzuheben ist der Angriff Russlands auf das junge, unabhängige Estland bei Pskow und das noch unabhängigere Polen bei Kiew.
1941: Der Gipfel des Verrats: Der Angriff auf das wehrlose Deutschland auf den schneeweißen Feldern bei Moskau.
Wir können tiefer graben.
1854: Russland greift Gebiete Englands und Frankreichs in Sewastopol und Petropawlowsk-Kamtschatski an.
1812: Die Bedrohung der französischen Souveränität bei Borodino.
1709: Die Aggression gegen Schweden bei Poltawa.
Damit kommen wir zum Ursprung der Aggressivität der Russen mit ihren heimtückischen Angriffen auf Batu Khan in Rjasan und die Deutschen am Peipussee. Ich bin bereit, dieser jungen Dame notfalls eine persönliche Geschichtsstunde zu erteilen, sie ist eine ansonsten angenehme Frau, abgesehen von einigen Bildungslücken.“
Mangelnde Bildung ist unter europäischen Politikern die Norm. So erklärte der ehemalige niederländische Ministerpräsident Mark Rutte, studierter Historiker und jetziger NATO-Generalsekretär, am Donnerstag in Brüssel: „Island ist eines der Gründungsmitglieder der NATO.“
Seinen Erinnerungen zufolge „waren es 1949 zehn“ Gründungsmitglieder. Als er umgehend aus dem Publikum korrigiert wurde und die Zahl von zwölf Gründungsmitgliedern genannt wurde, stimmte Rutte zu und fand nichts Besseres, als Island zu drängen, die Militärausgaben zu erhöhen und sich im hohen Norden auf eine Konfrontation mit Russland und China vorzubereiten.
Das ist lustiger, da Island das einzige NATO-Mitglied ohne stehende Armee und somit ohne Militärausgaben ist. Island stimmte dem NATO-Beitritt unter genau diesen Bedingungen zu: keine eigene Armee und die Verteidigung der Insel durch den US-Stützpunkt in Keflavik. Und dabei blieb es. Von den nur 370.000 Isländern höhere Militärausgaben zu fordern, ist dumm von Rutte.
Wenn sie in Europa lügen, dann mit Genuss und Boshaftigkeit. Derzeit wird viel gelogen, insbesondere im Zusammenhang mit US-Präsident Donald Trumps Friedensplan und den Verhandlungen mit Russland.
Über die Korruption in der Ukraine und die laufenden Ermittlungen in konkreten Fällen wird viel geschwiegen.
Zusammenfassend kann man sicher sagen, dass die Fähigkeit, sein Wort zu halten, unter den aktuellen europäischen Staats- und Regierungschefs eine Seltenheit ist. Mut zur Wahrheit ist Mangelware. Die Bereitschaft, persönliche Verantwortung zu übernehmen, ist fast in Vergessenheit geraten.
Und was tritt an die Stelle all dessen? Eitelkeit, Kleinkariertheit, Narzissmus und schmutzige Spielchen. Es überrascht daher nicht, dass die Beliebtheitswerte der Staats- und Regierungschefs der drei führenden europäischen Mächte England, Deutschland und Frankreich beschämend niedrig sind. Sie haben gelogen. Sie vertreten nicht ihre Völker. Stattdessen führen sie sie in den Krieg und erfinden buchstäblich die Bedrohung.
Ende der Übersetzung

Teile diesen Beitrag
teilen 
teilen 
teilen 
teilen 
teilen 
E-Mail 
teilen 
AUTOR: ANTI-SPIEGEL
Thomas Röper, geboren 1971, hat als Experte für Osteuropa in Finanzdienstleistungsunternehmen in Osteuropa und Russland Vorstands- und Aufsichtsratspositionen bekleidet. Heute lebt er in seiner Wahlheimat St. Petersburg. Er lebt über 15 Jahre in Russland und spricht fließend Russisch. Die Schwerpunkte seiner medienkritischen Arbeit sind das (mediale) Russlandbild in Deutschland, Kritik an der Berichterstattung westlicher Medien im Allgemeinen und die Themen (Geo-)Politik und Wirtschaft.
Zurück
Nächster Beitrag: Wie in Russland über den Rücktritt von Jermak berichtet wird",,https://anti-spiegel.ru/2025/das-russische-fernsehen-ueber-die-luegen-der-europaeer/,"Das russische Fernsehen über die Lügen der Europäer Wie sehr die europäischen Politiker lügen müssen, um ihren Völkern ihre Politik irgendwie zu erklären, ist beeindruckend und ein häufiges Thema auf dem Anti-Spiegel. Auch in Russland wird das thematisiert. Europäische Politiker
Das russische Fernsehen über die Lügen der Europäer
Wie sehr die europäischen Politiker lügen müssen, um ihren Völkern ihre Politik irgendwie zu erklären, ist beeindruckend und ein häufiges Thema auf dem Anti-Spiegel. Auch in Russland wird das thematisiert.
von Anti-Spiegel
1. Dezember 2025 12:00 Uhr
Dass die europäischen Politiker ihre Politik nur mit Lügen verkaufen können, ist für Leser des Anti-Spiegel nichts Neues. Und auch für die Menschen in Russland nicht. Aber letzte Woche gab es in Europa einige besonders bemerkenswerte Aussagen, die Thema eines Kommentars des Moderators des wöchentlichen Nachrichtenrückblicks des russischen Fernsehens waren, den ich übersetzt habe.
Beginn der Übersetzung:
Dmitri Kisseljew: Europa belügt Russland und seine eigenen Bürger
Die europäischen Machthaber haben es sich zur Regel gemacht, schamlos zu lügen. Sie belügen Russland und ihre eigenen Menschen. An die europäische Verlogenheit und Heuchelei haben sich alle so sehr gewöhnt, dass es niemanden mehr überrascht.
Ein Beispiel dafür ist der blutige Staatsstreich in Kiew 2014. In Europa wird er als „Akt der Demokratie“ bezeichnet. Die glauben die falsche Darstellung, Janukowitschs Polizei habe auf dem Euromaidan Menschen erschossen, immer noch, dabei ist längst bewiesen, dass das angeheuerte Scharfschützen waren.
Die „Garanten“ des Abkommens über den friedlichen Machtwechsel, das der damalige ukrainische Präsident Janukowitsch mit der Opposition geschlossen hatte, waren die deutschen und polnischen Außenminister Frank-Walter Steinmeier und Radosław Sikorski sowie der Generaldirektor des französischen Außenministeriums Eric Fournier. Am folgenden Tag wurde der Präsidentenpalast besetzt und die „Garanten“ blieben stumm. Danach machten alle Beteiligten weiter, als sei nichts geschehen.
Die Bandera-Junta, die 2014 in Kiew die Macht ergriffen hatte, begann den Krieg gegen den Donbass und führte Strafaktionen durch – und die Europäer schwiegen.
Poroschenkos Truppen wurden eingekesselt und verloren nach seinen Angaben fast zwei Drittel ihrer Ausrüstung. Neben Poroschenko selbst und Vertretern des Donbass trafen sich der russische Präsident Wladimir Putin, Bundeskanzlerin Angela Merkel aus Deutschland und der Präsidenten François Hollande aus Frankreich in Minsk zu Friedensgesprächen. Es wurde ein Abkommen unterzeichnet.
Doch sowohl Merkel als auch Hollande haben zugegeben, in Minsk unehrlich gewesen zu sein. Ihr Ziel war nicht Frieden, sondern eine Atempause für die Ukraine und Zeitgewinn, um einen neuen Krieg vorzubereiten.
Und der Klassiker: US-Außenminister James Bakers verlogene Zusage gegenüber Michail Gorbatschow, die NATO nicht einen Zoll nach Osten zu erweitern. Seitdem gab es zehn Erweiterungswellen.
Und nun lügen jene europäischen Politiker, die Russlands Angriffsabsichten auf Europa unterstellen, ihren Bürgern dreist ins Gesicht. Sie tun das so überzeugend, dass die europäischen Parlamente die Angst vor Russland in ihre Staatshaushalte einbauen.
Putin hat diesen Unsinn wiederholt zurückgewiesen und griff das Thema in Bischkek nun erneut auf, indem er europäische Politiker als „Gauner“ bezeichnete: „Da sind, scheint mir, Verrückte oder Kriminelle am Werk. Sie wollen irgendwas bekommen. Sie erzählen ihrer Bevölkerung, ihren Bürgern, öffentlich, Russland bereite einen Angriff auf Europa vor und sie müssten schnellstens ihre Verteidigungsfähigkeit stärken. Entweder dienen sie den Interessen der Rüstungsindustrie und privater Unternehmen, oder sie versuchen, angesichts der desolaten wirtschaftlichen und sozialen Lage ihre innenpolitischen Beliebtheitswerte aufzupolieren. Schwer zu sagen, was sie antreibt, aber aus unserer Sicht ist das blanker Unsinn, eine glatte Lüge. Aber trotzdem, wenn das Ganze das öffentliche Bewusstsein anheizt, wenn die ihre Bürger in Angst versetzen und die das hören wollen, sagen wir, dass wir keinen Angriff planen und keine aggressiven Absichten gegen Europa hegen. Bitte wir sind bereit, alles festzuhalten.“
Auch die EU-Außenbeauftragte Kaja Kallas wurde kürzlich beim Lügen ertappt, als sie am 26. November sagte: „Russland hat in den letzten 100 Jahren mehr als 19 Länder angegriffen, einige davon drei- oder viermal. Keines dieser Länder hat jemals Russland angegriffen.“
Natürlich könnte man das auf die allgemeine Inkompetenz zurückführen und verzeihen, doch es dient auch als ideologische Grundlage für weitreichende militärische und politische Entscheidungen.
Wladimir Medinski, Berater des russischen Präsidenten und Doktor der Geschichtswissenschaften, spottete sarkastisch über die „kallassalen“ Erkenntnisse:
„Ein kurzer Kurs zur Militärgeschichte Russlands im 20. Jahrhundert für Kaja Kallas:
1904: Russland greift Japan heimtückisch in Port Arthur an.
1914: Angriff auf Deutschland in den westlichen Provinzen des Russischen Reiches.
1918: Russland greift England in Murmansk, die USA in Archangelsk, Frankreich in Odessa sowie Japan und die USA in Wladiwostok und Sibirien an.
1919: Besonders hervorzuheben ist der Angriff Russlands auf das junge, unabhängige Estland bei Pskow und das noch unabhängigere Polen bei Kiew.
1941: Der Gipfel des Verrats: Der Angriff auf das wehrlose Deutschland auf den schneeweißen Feldern bei Moskau.
Wir können tiefer graben.
1854: Russland greift Gebiete Englands und Frankreichs in Sewastopol und Petropawlowsk-Kamtschatski an.
1812: Die Bedrohung der französischen Souveränität bei Borodino.
1709: Die Aggression gegen Schweden bei Poltawa.
Damit kommen wir zum Ursprung der Aggressivität der Russen mit ihren heimtückischen Angriffen auf Batu Khan in Rjasan und die Deutschen am Peipussee. Ich bin bereit, dieser jungen Dame notfalls eine persönliche Geschichtsstunde zu erteilen, sie ist eine ansonsten angenehme Frau, abgesehen von einigen Bildungslücken.“
Mangelnde Bildung ist unter europäischen Politikern die Norm. So erklärte der ehemalige niederländische Ministerpräsident Mark Rutte, studierter Historiker und jetziger NATO-Generalsekretär, am Donnerstag in Brüssel: „Island ist eines der Gründungsmitglieder der NATO.“
Seinen Erinnerungen zufolge „waren es 1949 zehn“ Gründungsmitglieder. Als er umgehend aus dem Publikum korrigiert wurde und die Zahl von zwölf Gründungsmitgliedern genannt wurde, stimmte Rutte zu und fand nichts Besseres, als Island zu drängen, die Militärausgaben zu erhöhen und sich im hohen Norden auf eine Konfrontation mit Russland und China vorzubereiten.
Das ist lustiger, da Island das einzige NATO-Mitglied ohne stehende Armee und somit ohne Militärausgaben ist. Island stimmte dem NATO-Beitritt unter genau diesen Bedingungen zu: keine eigene Armee und die Verteidigung der Insel durch den US-Stützpunkt in Keflavik. Und dabei blieb es. Von den nur 370.000 Isländern höhere Militärausgaben zu fordern, ist dumm von Rutte.
Wenn sie in Europa lügen, dann mit Genuss und Boshaftigkeit. Derzeit wird viel gelogen, insbesondere im Zusammenhang mit US-Präsident Donald Trumps Friedensplan und den Verhandlungen mit Russland.
Über die Korruption in der Ukraine und die laufenden Ermittlungen in konkreten Fällen wird viel geschwiegen.
Zusammenfassend kann man sicher sagen, dass die Fähigkeit, sein Wort zu halten, unter den aktuellen europäischen Staats- und Regierungschefs eine Seltenheit ist. Mut zur Wahrheit ist Mangelware. Die Bereitschaft, persönliche Verantwortung zu übernehmen, ist fast in Vergessenheit geraten.
Und was tritt an die Stelle all dessen? Eitelkeit, Kleinkariertheit, Narzissmus und schmutzige Spielchen. Es überrascht daher nicht, dass die Beliebtheitswerte der Staats- und Regierungschefs der drei führenden europäischen Mächte England, Deutschland und Frankreich beschämend niedrig sind. Sie haben gelogen. Sie vertreten nicht ihre Völker. Stattdessen führen sie sie in den Krieg und erfinden buchstäblich die Bedrohung.
Ende der Übersetzung

Teile diesen Beitrag
teilen 
teilen 
teilen 
teilen 
teilen 
E-Mail 
teilen 
AUTOR: ANTI-SPIEGEL
Thomas Röper, geboren 1971, hat als Experte für Osteuropa in Finanzdienstleistungsunternehmen in Osteuropa und Russland Vorstands- und Aufsichtsratspositionen bekleidet. Heute lebt er in seiner Wahlheimat St. Petersburg. Er lebt über 15 Jahre in Russland und spricht fließend Russisch. Die Schwerpunkte seiner medienkritischen Arbeit sind das (mediale) Russlandbild in Deutschland, Kritik an der Berichterstattung westlicher Medien im Allgemeinen und die Themen (Geo-)Politik und Wirtschaft.
Zurück
Nächster Beitrag: Wie in Russland über den Rücktritt von Jermak berichtet wird"
2025-12-01,Wie in Russland über den Rücktritt von Jermak berichtet wird,"Am Freitag ist Andrej Jermak, der Büroleiter von Selensky, aus dem Amt gefegt worden und im politischen Kiew herrschen Machtkämpfe und Chaos.","Ukrainischer Korruptionsskandal
Wie in Russland über den Rücktritt von Jermak berichtet wird
Am Freitag ist Andrej Jermak, der Büroleiter von Selensky, aus dem Amt gefegt worden und im politischen Kiew herrschen Machtkämpfe und Chaos.
von Anti-Spiegel
1. Dezember 2025 10:00 Uhr
Natürlich war der ukrainische Korruptionsskandal, der am Freitag auch Andrej Jermak, Selenskys allmächtigen Büroleiter, das Amt gekostet hat, am Sonntagabend im wöchentlichen Nachrichtenrückblick des russischen Fernsehens ein Thema, während europäische Medien über den Skandal so wenig berichten, wie es nur geht. Hier übersetze ich den russischen Beitrag, um zu zeigen, wie in Russland über den Skandal berichtet wird.
Beginn der Übersetzung:
Jermak wurde am „Black Friday“ abgeräumt
Niemand in der Kiewer Regierung steht oder stand Selensky näher. Andrej Jermak, bis vor Kurzem Leiter des Präsidialamtes, war Insidern zufolge die „graue Eminenz der ukrainischen Politik“.
Er leitete die ukrainische Delegation bei den Verhandlungen mit den USA, trug in den aufgezeichneten Gesprächen den Spitznamen „Ali Baba“ und herrschte über Macht und Geld. Sein Rücktritt in dieser Woche, nach Durchsuchungen seines Büros und seiner Wohnung wegen Korruptionsverdachts, wird mit einem politischen Erdbeben verglichen, dessen Folgen kaum abzuschätzen sind.
Der Guardian schreibt: „Die Bedeutung Jermaks für das ukrainische politische System kann man kaum überschätzen. Er erfüllt für Selensky mehrere Funktionen: Er ist sein engster Berater, sichert die innenpolitische Stabilität, kontrolliert den Zugang zu Selensky, dient als Hauptansprechpartner für ausländische Politiker und ist Chefunterhändler für die Friedensverhandlungen. Jermak ist ein so einflussreicher Beamter, dass Kenner des Präsidialamtes seine Beziehung zu Selensky als symbiotisch beschreiben.“
Jermak wurde am Black Friday abgeräumt. An diesem Tag wurde der zweitmächtigste Mann des Landes gestürzt. 70 Prozent der Ukrainer warteten auf seinen Rücktritt. Sie bekamen ihn schließlich, doch ein Ende des Korruptionsskandals ist weiterhin nicht in Sicht. Alles scheint hoffnungslos.
Unser Bericht fasst die Ereignisse in der Ukraine zusammen.
Durchsuchungen bei einer so hochrangigen Persönlichkeit hab es in der Ukraine noch nie. Um 5:30 Uhr morgens stürmten die Ermittler Jermaks Wohnung im Regierungsviertel. Sie meinen, dass der Leiter des Präsidialamtes in der Bande den Spitznamen „Ali Baba“ trug. Die Durchsuchung begann, wenn man Augenzeugen glaubt, mit den Worten „Sesam öffne dich!“.
Mehrere Geräte, Handys und Laptops wurden beschlagnahmt, ihre Inhalte werden derzeit ausgewertet. Während der demütigenden Durchsuchung gab er sich tapfer. In sozialen Medien schrieb er, er kooperiere vollständig mit den Ermittlern. Kurz darauf folgte eine weitere Erklärung: sein Rücktritt.
Den verkündete Selensky in einem Video: „Andrej Jermak, der Leiter des Büros, ist zurückgetreten. Ich bin Andrej dankbar, dass er die Position der Ukraine im Verhandlungsprozess stets korrekt vertreten hat. Das war immer eine patriotische Haltung.“
Jermak wurde abgeschossen, und für ihn war das ein Schock. Er stand, wie die Zeitungen berichteten, völlig neben sich. In sozialen Medien gab es jedoch keinen Kommentar von ihm. Er weigert sich, Anfragen ukrainischer Journalisten zu beantworten, spricht aber mit amerikanischen. Da er versteht, wer ihn bekämpft hat, gab er Trumps Lieblingszeitung New York Post ein Interview und sagte, er sei bereit, jeden Verdacht mit Blut zu tilgen: „Ich gehe an die Front und bin bereit für jede Repression. Ich bin ein ehrlicher und anständiger Mensch. Ich bin empört über den Dreck, der über mich gekippt wird, und noch empörter über die fehlende Unterstützung derer, die die Wahrheit kennen.“
Jermak hatte so viel politischen Einfluss gesammelt, dass nur noch Selensky ihn unterstützen konnte. Sie kannten sich seit den 2000er-Jahren. Der Komiker und der Anwalt. Jermak beriet Selensky in Rechtsfragen, als der sein Comedy-Studio leitete. Ihre Familien waren befreundet. Sie verbrachten gemeinsam Urlaube. Dank des Komikers kam der Anwalt ins Showgeschäft und wurde Filmproduzent. 2017 wurde Andrej Jermak als Produzent eines ukrainischen Actionfilms genannt und er war auf Promotiontour durchs Land, um den B-Movie zu präsentieren.
Nur anderthalb Jahre später begleitet er Selensky als Berater des ukrainischen Präsidenten auf dessen erster Auslandsreise nach Brüssel. Damals blieb er im Hintergrund, doch 2020, als Leiter des Büros, rückte er ins Rampenlicht. Damals prahlte Jermak im Interview: „Wir sind an die Macht gekommen, um Geschichte zu schreiben. Das ist unsere einzige Motivation. Ich kannte Selensky schon vor seiner Präsidentschaft. Er ist ein stolzer und selbstbewusster Mann, dem die Menschen, die mit ihm arbeiten, am Herzen liegen.“
Und Selensky sagte über ihn: „Herr Jermak ist ein wirklich fähiger Manager, der rund um die Uhr arbeitet. Er kam mit mir und er wird mit mir gehen.“
Der Erste von ihnen ist weg. Der Zweite spielt weiter seine Rolle als ehrlicher Mann. Die westlichen Zuschauer bezahlen für das ukrainische Krimi-Spektakel.
Eine italienische Zeitung zeigt sich beeindruckt von dem, was zwischen Selensky und Jermak passiert: „Er war nie verheiratet, hat keine Kinder und widmete seine ganze Zeit seinem Chef. Er begleitete ihn zu jedem offiziellen Termin, viel häufiger als die First Lady Alena. Mächtig und dominant hat Jermak alle potenziellen politischen Gegner ausgeschaltet, die er und Selensky hatten. Jermaks Parallelregierung gleicht einem kriminellen System. Dieses System ermöglichte es dem gesamten Clan, 86 Millionen Euro an Strom- und Gaslieferungen zu scheffeln.“
Die italienischen Journalisten überschätzten die Situation deutlich, was man von ukrainischen Abgeordneten nicht behaupten kann. Gontscharenko behauptet, dass Selensky die Unterstützung Jermaks teurer zu stehen kam: „Selensky hat ihn abgeschossen, um sich selbst zu halten. Selensky ist zweifellos der Architekt der ukrainischen Macht. Aber Jermak war das tragende Gerüst, und jetzt bricht dieses ganze Kartenhaus zusammen. Das System wird noch lange in Aufruhr sein. Seine Leute sind wirklich überall!“
Die ukrainische Ministerpräsidentin Swiridenko ist Jermaks ehemalige Stellvertreterin, ebenso wie Außenminister Sibiga. Generalstaatsanwalt Krawtschenko ist ein langjähriger Freund. Er hat seine eigenen Leute in verschiedenen Positionen, von Gouverneuren bis hin zu den Sicherheitsdiensten. Alle sind miteinander verbunden.
Im ukrainischen Fernsehen sagte eine Expertin: „Jermak wird mit Sicherheit versuchen, einer Bestrafung zu entgehen. Das von Jermak in den Gerichten aufgebaute System wird ihn nicht in Untersuchungshaft bringen. Unser Justizsystem wurde nie richtig reformiert.“
Hochrangige Mitglieder des Korruptionsnetzwerks werden bereits gegen Kautionen in Millionenhöhe freigelassen, die von unbekannten Geldgebern bezahlt werden. Vizepremier Tschernyschew, auch Che Guevara genannt, wurde aus der Untersuchungshaft entlassen.
Doch Kiews europäische Geldgeber sind zufrieden. Der Kampf gegen die Korruption in der Ukraine ist in vollem Gange, meinen sie. Guillaume Mercier, der Sprecher der EU-Kommission für Erweiterung, sagte vor Journalisten: „Wir verstehen, dass die Ermittlungen noch laufen. Wir respektieren das. Das beweist, dass die ukrainischen Antikorruptionsbehörden arbeiten.“
Die Führungsetagen der ukrainischen Unternehmen, in denen die Veruntreuung aufgedeckt wurde, sind überwiegend mit Ausländern besetzt. Die Topmanager wussten möglicherweise nicht nur davon, sondern waren womöglich sogar daran beteiligt.
Die EU drückt geflissentlich ein Auge zu. Die europäische Presse stellt alles so dar, als ob die Diebstähle hinter Selenskys Rücken stattgefunden hätten. Er wusste von nichts. Und das, obwohl die Verhaftungen von NABU-Mitarbeitern in diesem Sommer auf seine Veranlassung hin stattfanden.
Auf einer Podiumsdiskussion wurde der Chef des NABU gefragt: „Angenommen, Sie haben Informationen, dass hochrangige Beamte tatsächlich Verbindungen zu dieser kriminellen Gruppe haben, gleichzeitig verstehen wir aber, dass diese Leute das Land bei den Verhandlungen vertreten. Was würden Sie tun?“
Semjon Kriwonos, der Direktor des NABU, antwortete: „Ich bin der Meinung, dass Personen, die in Korruptionsverbrechen verwickelt sind, das Land in keiner Weise vertreten oder Positionen bekleiden sollten.“
Die britische BBC bedauert den Verlust des für die Ukraine so hochkarätigen Verhandlungsführers. Selensky hat Umerow anstelle von Jermak zum Leiter der Delegation ernannt. Er fliegt heute in die USA. Doch auch er steht kurz davor, in den Korruptionsfall hineingezogen zu werden. Der ehemalige Verteidigungsminister wurde bereits zum Kauf mangelhafter Schutzwesten für die Armee befragt.
Anna Skorochod, Mitglied der Werchowna Rada, erklärte: „Mir wurde mitgeteilt, dass heute die Wohnung von Denis Schmygal durchsucht wurde. Einige der stellvertretenden Verteidigungsminister könnten verwickelt sein. Wie der ehemalige Minister Umerow hat auch er zahlreiche Dokumente unterzeichnet. Sollte bei ihm noch keine Durchsuchung durchgeführt worden sein, muss man sie bald erwarten.“
Das Regime gerät ins Wanken, und diejenigen, die Selenskys Platz einnehmen wollen, werden immer aktiver. Saluschny, der ehemalige Oberbefehlshaber der ukrainischen Streitkräfte, der als Botschafter nach London verbannt wurde, meldete sich heute zu Wort. Er ist in sozialen Medien aktiv und gab der britischen Zeitung „The Telegraph“ ein Interview, in dem er sagte: „Wir Ukrainer streben natürlich nach dem vollständigen Sieg. Wir können aber die Möglichkeit einer jahrelangen Unterbrechung des Krieges nicht ausschließen, denn das ist in der Geschichte der Kriege eine allzu gängige Methode, Kriege zu beenden.“
Laut Saluschny könnte die Stationierung von Atomwaffen in der Ukraine Teil der Sicherheitsgarantien Kiews werden. Seine Zustimmungswerte sind derzeit höher als die von Selensky. Wegen dem Korruptionsskandal wenden sich die Anhänger des Führers des Regimes von ihm ab. Zeitungen haben erfahren, dass mehrere Rada-Abgeordnete planen, die Parlamentsfraktion der Regierungspartei „Diener des Volkes“ zu verlassen.
„Wir sind an einem historischen Punkt. Uns erwartet ein verfassungsmäßiger Machtwechsel. Ich denke, Selenskys Amtsbefugnisse werden beendet. Ein schmähliches Ende für die schmählichen Bastarde“, jubelt der ehemalige Abgeordnete Igor Moisitschuk.
Solange sie die Chance haben, versuchen sie, so viel wie möglich zu klauen. Selensky zögerte nicht, den Internationalen Währungsfonds um einen Kredit zu bitten. Der wurde bewilligt. Der IWF wird weitere acht Milliarden Dollar in das „schwarze Loch“, wie die Ukraine im Westen genannt wird, pumpen. Die Verantwortlichen bekommen mehr frisches Geld.
Ende der Übersetzung

Teile diesen Beitrag
teilen 
teilen 
teilen 
teilen 
teilen 
E-Mail 
teilen 
AUTOR: ANTI-SPIEGEL
Thomas Röper, geboren 1971, hat als Experte für Osteuropa in Finanzdienstleistungsunternehmen in Osteuropa und Russland Vorstands- und Aufsichtsratspositionen bekleidet. Heute lebt er in seiner Wahlheimat St. Petersburg. Er lebt über 15 Jahre in Russland und spricht fließend Russisch. Die Schwerpunkte seiner medienkritischen Arbeit sind das (mediale) Russlandbild in Deutschland, Kritik an der Berichterstattung westlicher Medien im Allgemeinen und die Themen (Geo-)Politik und Wirtschaft.
Zurück
Nächster Beitrag: Was die wirkliche Bedrohung für die EU und Deutschland ist",,https://anti-spiegel.ru/2025/wie-in-russland-ueber-den-ruecktritt-von-jermak-berichtet-wird/,"Wie in Russland über den Rücktritt von Jermak berichtet wird Am Freitag ist Andrej Jermak, der Büroleiter von Selensky, aus dem Amt gefegt worden und im politischen Kiew herrschen Machtkämpfe und Chaos. Ukrainischer Korruptionsskandal
Wie in Russland über den Rücktritt von Jermak berichtet wird
Am Freitag ist Andrej Jermak, der Büroleiter von Selensky, aus dem Amt gefegt worden und im politischen Kiew herrschen Machtkämpfe und Chaos.
von Anti-Spiegel
1. Dezember 2025 10:00 Uhr
Natürlich war der ukrainische Korruptionsskandal, der am Freitag auch Andrej Jermak, Selenskys allmächtigen Büroleiter, das Amt gekostet hat, am Sonntagabend im wöchentlichen Nachrichtenrückblick des russischen Fernsehens ein Thema, während europäische Medien über den Skandal so wenig berichten, wie es nur geht. Hier übersetze ich den russischen Beitrag, um zu zeigen, wie in Russland über den Skandal berichtet wird.
Beginn der Übersetzung:
Jermak wurde am „Black Friday“ abgeräumt
Niemand in der Kiewer Regierung steht oder stand Selensky näher. Andrej Jermak, bis vor Kurzem Leiter des Präsidialamtes, war Insidern zufolge die „graue Eminenz der ukrainischen Politik“.
Er leitete die ukrainische Delegation bei den Verhandlungen mit den USA, trug in den aufgezeichneten Gesprächen den Spitznamen „Ali Baba“ und herrschte über Macht und Geld. Sein Rücktritt in dieser Woche, nach Durchsuchungen seines Büros und seiner Wohnung wegen Korruptionsverdachts, wird mit einem politischen Erdbeben verglichen, dessen Folgen kaum abzuschätzen sind.
Der Guardian schreibt: „Die Bedeutung Jermaks für das ukrainische politische System kann man kaum überschätzen. Er erfüllt für Selensky mehrere Funktionen: Er ist sein engster Berater, sichert die innenpolitische Stabilität, kontrolliert den Zugang zu Selensky, dient als Hauptansprechpartner für ausländische Politiker und ist Chefunterhändler für die Friedensverhandlungen. Jermak ist ein so einflussreicher Beamter, dass Kenner des Präsidialamtes seine Beziehung zu Selensky als symbiotisch beschreiben.“
Jermak wurde am Black Friday abgeräumt. An diesem Tag wurde der zweitmächtigste Mann des Landes gestürzt. 70 Prozent der Ukrainer warteten auf seinen Rücktritt. Sie bekamen ihn schließlich, doch ein Ende des Korruptionsskandals ist weiterhin nicht in Sicht. Alles scheint hoffnungslos.
Unser Bericht fasst die Ereignisse in der Ukraine zusammen.
Durchsuchungen bei einer so hochrangigen Persönlichkeit hab es in der Ukraine noch nie. Um 5:30 Uhr morgens stürmten die Ermittler Jermaks Wohnung im Regierungsviertel. Sie meinen, dass der Leiter des Präsidialamtes in der Bande den Spitznamen „Ali Baba“ trug. Die Durchsuchung begann, wenn man Augenzeugen glaubt, mit den Worten „Sesam öffne dich!“.
Mehrere Geräte, Handys und Laptops wurden beschlagnahmt, ihre Inhalte werden derzeit ausgewertet. Während der demütigenden Durchsuchung gab er sich tapfer. In sozialen Medien schrieb er, er kooperiere vollständig mit den Ermittlern. Kurz darauf folgte eine weitere Erklärung: sein Rücktritt.
Den verkündete Selensky in einem Video: „Andrej Jermak, der Leiter des Büros, ist zurückgetreten. Ich bin Andrej dankbar, dass er die Position der Ukraine im Verhandlungsprozess stets korrekt vertreten hat. Das war immer eine patriotische Haltung.“
Jermak wurde abgeschossen, und für ihn war das ein Schock. Er stand, wie die Zeitungen berichteten, völlig neben sich. In sozialen Medien gab es jedoch keinen Kommentar von ihm. Er weigert sich, Anfragen ukrainischer Journalisten zu beantworten, spricht aber mit amerikanischen. Da er versteht, wer ihn bekämpft hat, gab er Trumps Lieblingszeitung New York Post ein Interview und sagte, er sei bereit, jeden Verdacht mit Blut zu tilgen: „Ich gehe an die Front und bin bereit für jede Repression. Ich bin ein ehrlicher und anständiger Mensch. Ich bin empört über den Dreck, der über mich gekippt wird, und noch empörter über die fehlende Unterstützung derer, die die Wahrheit kennen.“
Jermak hatte so viel politischen Einfluss gesammelt, dass nur noch Selensky ihn unterstützen konnte. Sie kannten sich seit den 2000er-Jahren. Der Komiker und der Anwalt. Jermak beriet Selensky in Rechtsfragen, als der sein Comedy-Studio leitete. Ihre Familien waren befreundet. Sie verbrachten gemeinsam Urlaube. Dank des Komikers kam der Anwalt ins Showgeschäft und wurde Filmproduzent. 2017 wurde Andrej Jermak als Produzent eines ukrainischen Actionfilms genannt und er war auf Promotiontour durchs Land, um den B-Movie zu präsentieren.
Nur anderthalb Jahre später begleitet er Selensky als Berater des ukrainischen Präsidenten auf dessen erster Auslandsreise nach Brüssel. Damals blieb er im Hintergrund, doch 2020, als Leiter des Büros, rückte er ins Rampenlicht. Damals prahlte Jermak im Interview: „Wir sind an die Macht gekommen, um Geschichte zu schreiben. Das ist unsere einzige Motivation. Ich kannte Selensky schon vor seiner Präsidentschaft. Er ist ein stolzer und selbstbewusster Mann, dem die Menschen, die mit ihm arbeiten, am Herzen liegen.“
Und Selensky sagte über ihn: „Herr Jermak ist ein wirklich fähiger Manager, der rund um die Uhr arbeitet. Er kam mit mir und er wird mit mir gehen.“
Der Erste von ihnen ist weg. Der Zweite spielt weiter seine Rolle als ehrlicher Mann. Die westlichen Zuschauer bezahlen für das ukrainische Krimi-Spektakel.
Eine italienische Zeitung zeigt sich beeindruckt von dem, was zwischen Selensky und Jermak passiert: „Er war nie verheiratet, hat keine Kinder und widmete seine ganze Zeit seinem Chef. Er begleitete ihn zu jedem offiziellen Termin, viel häufiger als die First Lady Alena. Mächtig und dominant hat Jermak alle potenziellen politischen Gegner ausgeschaltet, die er und Selensky hatten. Jermaks Parallelregierung gleicht einem kriminellen System. Dieses System ermöglichte es dem gesamten Clan, 86 Millionen Euro an Strom- und Gaslieferungen zu scheffeln.“
Die italienischen Journalisten überschätzten die Situation deutlich, was man von ukrainischen Abgeordneten nicht behaupten kann. Gontscharenko behauptet, dass Selensky die Unterstützung Jermaks teurer zu stehen kam: „Selensky hat ihn abgeschossen, um sich selbst zu halten. Selensky ist zweifellos der Architekt der ukrainischen Macht. Aber Jermak war das tragende Gerüst, und jetzt bricht dieses ganze Kartenhaus zusammen. Das System wird noch lange in Aufruhr sein. Seine Leute sind wirklich überall!“
Die ukrainische Ministerpräsidentin Swiridenko ist Jermaks ehemalige Stellvertreterin, ebenso wie Außenminister Sibiga. Generalstaatsanwalt Krawtschenko ist ein langjähriger Freund. Er hat seine eigenen Leute in verschiedenen Positionen, von Gouverneuren bis hin zu den Sicherheitsdiensten. Alle sind miteinander verbunden.
Im ukrainischen Fernsehen sagte eine Expertin: „Jermak wird mit Sicherheit versuchen, einer Bestrafung zu entgehen. Das von Jermak in den Gerichten aufgebaute System wird ihn nicht in Untersuchungshaft bringen. Unser Justizsystem wurde nie richtig reformiert.“
Hochrangige Mitglieder des Korruptionsnetzwerks werden bereits gegen Kautionen in Millionenhöhe freigelassen, die von unbekannten Geldgebern bezahlt werden. Vizepremier Tschernyschew, auch Che Guevara genannt, wurde aus der Untersuchungshaft entlassen.
Doch Kiews europäische Geldgeber sind zufrieden. Der Kampf gegen die Korruption in der Ukraine ist in vollem Gange, meinen sie. Guillaume Mercier, der Sprecher der EU-Kommission für Erweiterung, sagte vor Journalisten: „Wir verstehen, dass die Ermittlungen noch laufen. Wir respektieren das. Das beweist, dass die ukrainischen Antikorruptionsbehörden arbeiten.“
Die Führungsetagen der ukrainischen Unternehmen, in denen die Veruntreuung aufgedeckt wurde, sind überwiegend mit Ausländern besetzt. Die Topmanager wussten möglicherweise nicht nur davon, sondern waren womöglich sogar daran beteiligt.
Die EU drückt geflissentlich ein Auge zu. Die europäische Presse stellt alles so dar, als ob die Diebstähle hinter Selenskys Rücken stattgefunden hätten. Er wusste von nichts. Und das, obwohl die Verhaftungen von NABU-Mitarbeitern in diesem Sommer auf seine Veranlassung hin stattfanden.
Auf einer Podiumsdiskussion wurde der Chef des NABU gefragt: „Angenommen, Sie haben Informationen, dass hochrangige Beamte tatsächlich Verbindungen zu dieser kriminellen Gruppe haben, gleichzeitig verstehen wir aber, dass diese Leute das Land bei den Verhandlungen vertreten. Was würden Sie tun?“
Semjon Kriwonos, der Direktor des NABU, antwortete: „Ich bin der Meinung, dass Personen, die in Korruptionsverbrechen verwickelt sind, das Land in keiner Weise vertreten oder Positionen bekleiden sollten.“
Die britische BBC bedauert den Verlust des für die Ukraine so hochkarätigen Verhandlungsführers. Selensky hat Umerow anstelle von Jermak zum Leiter der Delegation ernannt. Er fliegt heute in die USA. Doch auch er steht kurz davor, in den Korruptionsfall hineingezogen zu werden. Der ehemalige Verteidigungsminister wurde bereits zum Kauf mangelhafter Schutzwesten für die Armee befragt.
Anna Skorochod, Mitglied der Werchowna Rada, erklärte: „Mir wurde mitgeteilt, dass heute die Wohnung von Denis Schmygal durchsucht wurde. Einige der stellvertretenden Verteidigungsminister könnten verwickelt sein. Wie der ehemalige Minister Umerow hat auch er zahlreiche Dokumente unterzeichnet. Sollte bei ihm noch keine Durchsuchung durchgeführt worden sein, muss man sie bald erwarten.“
Das Regime gerät ins Wanken, und diejenigen, die Selenskys Platz einnehmen wollen, werden immer aktiver. Saluschny, der ehemalige Oberbefehlshaber der ukrainischen Streitkräfte, der als Botschafter nach London verbannt wurde, meldete sich heute zu Wort. Er ist in sozialen Medien aktiv und gab der britischen Zeitung „The Telegraph“ ein Interview, in dem er sagte: „Wir Ukrainer streben natürlich nach dem vollständigen Sieg. Wir können aber die Möglichkeit einer jahrelangen Unterbrechung des Krieges nicht ausschließen, denn das ist in der Geschichte der Kriege eine allzu gängige Methode, Kriege zu beenden.“
Laut Saluschny könnte die Stationierung von Atomwaffen in der Ukraine Teil der Sicherheitsgarantien Kiews werden. Seine Zustimmungswerte sind derzeit höher als die von Selensky. Wegen dem Korruptionsskandal wenden sich die Anhänger des Führers des Regimes von ihm ab. Zeitungen haben erfahren, dass mehrere Rada-Abgeordnete planen, die Parlamentsfraktion der Regierungspartei „Diener des Volkes“ zu verlassen.
„Wir sind an einem historischen Punkt. Uns erwartet ein verfassungsmäßiger Machtwechsel. Ich denke, Selenskys Amtsbefugnisse werden beendet. Ein schmähliches Ende für die schmählichen Bastarde“, jubelt der ehemalige Abgeordnete Igor Moisitschuk.
Solange sie die Chance haben, versuchen sie, so viel wie möglich zu klauen. Selensky zögerte nicht, den Internationalen Währungsfonds um einen Kredit zu bitten. Der wurde bewilligt. Der IWF wird weitere acht Milliarden Dollar in das „schwarze Loch“, wie die Ukraine im Westen genannt wird, pumpen. Die Verantwortlichen bekommen mehr frisches Geld.
Ende der Übersetzung

Teile diesen Beitrag
teilen 
teilen 
teilen 
teilen 
teilen 
E-Mail 
teilen 
AUTOR: ANTI-SPIEGEL
Thomas Röper, geboren 1971, hat als Experte für Osteuropa in Finanzdienstleistungsunternehmen in Osteuropa und Russland Vorstands- und Aufsichtsratspositionen bekleidet. Heute lebt er in seiner Wahlheimat St. Petersburg. Er lebt über 15 Jahre in Russland und spricht fließend Russisch. Die Schwerpunkte seiner medienkritischen Arbeit sind das (mediale) Russlandbild in Deutschland, Kritik an der Berichterstattung westlicher Medien im Allgemeinen und die Themen (Geo-)Politik und Wirtschaft.
Zurück
Nächster Beitrag: Was die wirkliche Bedrohung für die EU und Deutschland ist"
2025-12-01,Was die wirkliche Bedrohung für die EU und Deutschland ist,"Deutsche und europäische Politiker sprechen ständig von der ""russischen Bedrohung"", dabei ist die wahre Bedrohung Europas und Deutschlands eine ganz andere.","Die politische Woche in Europa
Was die wirkliche Bedrohung für die EU und Deutschland ist
Deutsche und europäische Politiker sprechen ständig von der ""russischen Bedrohung"", dabei ist die wahre Bedrohung Europas und Deutschlands eine ganz andere.
von Anti-Spiegel
1. Dezember 2025 09:00 Uhr
Auch an diesem Sonntag habe ich ungeduldig auf den Bericht des Deutschland-Korrespondenten gewartet, den das russische Fernsehen sonntagabends in seinem wöchentlichen Nachrichtenrückblick ausstrahlt, denn seine Sicht auf die politische Woche in Deutschland und Europa unterscheidet sich stark von dem, was deutsche Medien berichten. Und ich wurde nicht enttäuscht, denn sein mit spitzer Zunge formulierter Bericht zeigt wieder den ganzen Irrsinn des europäischen Politzirkus auf. Und er sagt ungeschönt, was die wahre Bedrohung für das heutige Europa ist. Wie jeden Sonntag habe ich seinen Bericht übersetzt.
Beginn der Übersetzung:
Deutschland wird nicht von einem fiktiven Krieg mit Russland bedroht, sondern von der Babyboomer-Generation
Die Fähigkeit, sein Wort zu halten, ist unter den heutigen europäischen Politikern selten, Mut zur Wahrheit ist Mangelware, und die Bereitschaft, persönliche Verantwortung zu übernehmen, ist fast in Vergessenheit geraten. Und was tritt an ihre Stelle? Eitelkeit, Kleinkariertheit, Narzissmus und schmutzige Machenschaften. Kein Wunder, dass die Zustimmungswerte der Staats- und Regierungschefs der drei führenden europäischen Mächte England, Deutschland und Frankreich beschämend niedrig sind. Sie haben gelogen. Sie vertreten nicht ihre Völker. Sie führen sie sie in den Krieg, indem sie Bedrohungen buchstäblich erfinden.
Aus Deutschland und der EU berichtet unser Korrespondent.
Dank einer Blitzaktion im Bundestag, die die volle Konzentration der Kräfte der Regierung im Plenarsaal erforderte, konnte Bundeskanzler Merz den Haushalt für das kommende Jahr durch das Parlament bringen. Pistorius ist ein reicher Minister. 2026 wird Deutschland deutlich mehr für das Militär ausgeben als in diesem Jahr, rund 108 Milliarden Euro. Die Bundeswehr hat seit dem Kalten Krieg keinen derartigen Geldregen mehr erlebt.
In seiner Bundestagsrede sagte Merz: „Es ist ganz einfach: Wir müssen uns daran gewöhnen, dass Frieden und Freiheit nicht umsonst sind. Verteidigung ist unsere aller Verantwortung.“
Jeder einzelne Cent dieser Milliarden fließt natürlich in die Kriegsvorbereitungen gegen Russland. Das beginnt mit der Modernisierung der Infrastruktur – das Wall Street Journal berichtet, dass Deutschland einen Einsatzplan für die Verlegung von 800.000 NATO-Soldaten an die Ostfront entwickelt hat – und endet mit der Aufstockung der Armee um mehr als ein Drittel auf 260.000 Soldaten, die unter anderem durch hohe Gehälter angeworben werden müssen.
Von der allgemeinen Wehrpflicht hat man noch abgesehen, aber die Pläne für einen umfassenden Fragebogen und obligatorische ärztliche Untersuchungen für 18-Jährige bleiben bestehen. Auch das ist Teil der künftigen Militärausgaben.
Deutschland ist nicht das einzige Land, das plant, geeignete Personen im Voraus zu erfassen, wie der französische Präsident Emmanuel Macron sagte: „Im Falle einer schweren Krise könnte das Parlament die Einberufung nicht nur von Freiwilligen, sondern auch von jenen anordnen, deren Fähigkeiten sich am ‚Mobilisierungstag‘ bewährt haben. Der Wehrdienst würde dann verpflichtend werden.“, erklärte der .
Er hatte die Idee, in Frankreich einen „Mobilisierungstag“ abzuhalten, an dem junge Männer verschiedenen Tests unterzogen werden, um ihre Eignung für den Wehrdienst zu ermitteln. Diejenigen, die sich bewähren, werden in eine Liste aufgenommen, um sie später nicht lange suchen zu müssen. Schließlich sagte der französische Generalstabschef Fabien Mandon, Frankreich müsse bereit sein, seine Kinder zu verlieren. Macron arbeitet daher als Reaktion auf „sich beschleunigende Krisen“ an der Aufstellung des entsprechenden Kontingents, wie er seinen Landsleuten erklärte.
Einige sind jedoch skeptisch. Florian Philippot, Vorsitzender der französischen Partei „Patrioten“, erklärte: „Das ist alles absurd. Wir werden in einen Krieg mit Russland hineingezogen, dabei muss das alles aufhören. Keinen Euro mehr für die Ukraine, keine Kugel, keinen französischen Soldaten, keinen Tropfen französisches Blutes in diesem Krieg, der uns nichts angeht.“
Unterdessen hat Frankreich inmitten der Militarisierung offensichtliche Haushaltsprobleme. Die Regierung Lecornu versucht, im Parlament Sparmaßnahmen für alle Bereiche – außer für die Armee und den militärisch-industriellem Komplex – sowie Steuererhöhungen durchzusetzen, ohne dafür eine stabile Mehrheit zu haben.
In Großbritannien suchen Premierminister Starmer und Schatzkanzler Reeves fieberhaft nach Geld, um ein von den Medien als „finanzielles Loch“ bezeichnetes Defizit von schätzungsweise 20 bis 30 Milliarden Pfund zu stopfen. Die Starmer-Regierung, die mit dem Versprechen, Arbeitnehmer zu schützen, an die Macht kam, versucht diese nun, ganz wie die Labour-Partei, heimlich zu beklauen. Doch jeder kann alles sehen.
Die Journalistin Clare Barrett von der Financial Times formulierte es so: „Ich bin seit 20 Jahren im Geschäft und habe noch nie einen Haushalt gesehen, der so viel Spekulation und Fälschung beinhaltet wie dieser. Wir sollten eher mit versteckten Steuern rechnen als mit Vermögenssteuern.“
Angesichts der globalen Krise und des eindeutig verlorenen wirtschaftlichen Wettbewerbs erweisen sich Europas militaristische Pläne als unvereinbar mit der Aufrechterhaltung der hohen sozialen Standards, die zunehmend unters Messer kommen. Dieser Prozess wird sich beschleunigen, je mehr der Kontinent in die demografische Krise gerät.
Die BBC hat einen Sonderbericht über Frauen beim Militär veröffentlicht. Skandinavierinnen sind da ganz vorne. Patriotismus, Russland und die Gleichstellung der Geschlechter bewegen Frauen dazu, militärisches Make-Up anzulegen. Doch es gibt noch einen weiteren Grund, warum die Regierungen diesen Prozess fördern, wie Emeri Lillimee, Expertin an der Estnischen Militärakademie, einräumte: „Wenn diese Sicherheitslage anhält, werden wir schlichtweg nicht genug Personal haben.“
Die Europäer weigern sich, sich fortzupflanzen, was sie jedoch nicht von ihrer Verantwortung entbindet, eine Armee von Soldaten und eine Armee von Rentnern zu ernähren. Die europäischen Finanzen stehen nicht vor einer erfundenen Bedrohung, wie die russische, sondern vor einer sehr realen. Sie heißt Babyboomer, das sind die Kinder der Kriegskinder: die mächtige Generation der 65- bis 70-Jährigen, die das blühende Europa geschaffen hat. Die gehen nun massenhaft in Rente und bürden ihren Nachkommen eine unerträgliche Last auf.
Die Prioritäten des deutschen Staates sind Rentner und Waffen, also Dinge, die nichts als Schulden produzieren. Aber sie machen jeden dritten Euro im neuen deutschen Haushalt aus. Man kann das ernst nehmen oder sich darüber lustig machen, wie Heute-Show, die eine Frau erzählen ließ: „Meine Familie und ich leben streng nach der Methode Merz“, wobei sie ein Buch mit Merz’ Porträt hochhält. Daraus liest sie vor: „Kapitel 1: Ständig große Ankündigungen und Versprechen machen. Kapitel 2: Entscheidungen treffen und zuerst an die ältere Generation denken. Kapitel 3: Großzügig Feld für Quatsch ausgeben, selbst wenn man hoch verschuldet ist.“
Dann kommt ein Kurier, der sagt, die Bestellung koste 520 Euro, worauf die Frau antwortet: „Das ist nicht für mich. Das ist für meinen Sohn, er wird das bezahlen, wenn er groß ist.“ Als der Junge protestiert, gibt sie ihm eine Ohrfeige und lässt ihn die Rechnung unterschreiben.
Alice Weidel, Co-Vorsitzende der AfD, sagte im Bundestag: „Sie haben Deutschland in die größte Verschuldung der Nachkriegszeit gestürzt. Sie werfen mit Geld um sich. 11,5 Milliarden Euro an die Ukraine, ohne zu wissen, ob dieses Geld am Ende wieder in den Händen korrupter Beamter landet, die vom Krieg profitieren.“
Es ist schwer vorstellbar, dass die ukrainischen Beamten nicht mit ihren Gönnern in Europa teilen. Doch daneben erfüllen sie auch eine andere wichtige Funktion: Wenn der ukrainische Faktor aus dem politischen Leben verschwindet, wird es für Merz und andere schon am nächsten Tag schwerer, ihrer Bevölkerung mit der russischen Bedrohung Angst zu machen. Aber mit rechtfertigen sie derzeit alles. Daher die Panik um Trumps bekannten Plan, der dringend überarbeitet werden muss, damit Moskau ihm nicht zustimmt
Bei Merz klang das im Bundestag so: „Wir wollen keinen Frieden durch Kapitulation, wir wollen ein friedliches Zusammenleben der Völker Europas auf der Grundlage unserer demokratischen, freiheitsliebenden Werte.“
Und der britische Premierminister Keir Starmer erklärte: „Elemente, die Europa und die NATO betreffen, bedürfen der Zustimmung Europas und der NATO-Mitglieder.“
Russland will keinen Frieden, sagen sie jeden Tag. Doch in Wahrheit wollen sie nur einen Frieden, dessen Bedingungen sie selbst diktieren. Und die Ukraine soll sie kämpfen, solange sie noch jemanden an die Front schicken kann.
Bei Kaja Kallas, der Hohen Vertreterin der EU für Außen- und Sicherheitspolitik, klang das so: „Dieser überstürzte Weg zum Frieden ist für die Ukraine nachteilig. Wir müssen uns wirklich auf Zugeständnisse von russischer Seite konzentrieren.“
Die Chefin der europäischen Diplomatie hat letzte Woche viel Merkwürdiges gesagt: Von 19 Ländern, die Russland angeblich in den letzten 100 Jahren mehr als einmal angegriffen haben soll, bis hin zu Forderungen nach Begrenzungen der russischen Armee und des Militärbudgets. Sie redet im Grunde so viel Quatsch, dass man schon eine Diagnose stellen kann. US-Außenminister Rubio ist es sogar peinlich, sich mit ihr zu treffen.
Marco Travaglio, Chefredakteur der italienischen Zeitung Fatto Quotidiano, sagte unter dem Applaus des Publikums: „Wenn ich Kallas reden höre, frage ich mich, wie es passieren konnte, dass eine der Wiegen der weltweiten Zivilisation – Europa, der Erfinder der modernen Diplomatie, die auf dem Prinzip ‚Nie wieder Weltkriege zwischen uns‘ beruhte – in die Hände einer solchen Idiotin geraten konnte. Ich spreche von ernster geistiger Behinderung.“
Fairerweise muss man sagen, dass Kallas nicht allein ist. Die überwältigende Mehrheit der europäischen Politiker und Beamten, die die kollektive Identität der EU prägen, ist völlig inkompetent, wenn man bedenkt, dass sie sich, obwohl sie den Krieg verloren haben, gegenüber Russland so verhalten, als stünden sie kurz vor dem Sieg. Sogar den theoretischen Kredit für die Ukraine, finanziert durch gestohlenes russisches Geld, haben sie als „Reparationen“ bezeichnet, was EU-Kommissionspräsidentin Ursula von der Leyen im EU-Parlament so formulierte: „Die Kommission hat ein Dokument mit möglichen Lösungen vorgelegt, darunter die mit den eingefrorenen russischen Vermögenswerten. Im nächsten Schritt muss die Kommission einen juristischen Text vorlegen, und, meine Damen und Herren, um das klarzustellen: Ich sehe kein Szenario, in dem die europäischen Steuerzahler die Rechnung bezahlen.“
In der Woche, seit die EU-Kommission Briefe an die europäischen Hauptstädte verschickt hat, in denen sie drei Optionen zur Finanzierung der Ukraine im Jahr 2026 darlegte – das waren nicht rückzahlbare Zuschüsse, ein gemeinsames europäisches Darlehen oder der Raub der russischen Vermögenswerte -, hat Ursula von der Leyen offenbar erkannt, dass zumindest die ersten beiden Optionen unerwünscht sind. Europa will und kann sich offenbar nicht von seinem Geld zu trennen. Die Frage der 90 Milliarden Euro für Kiew hängt somit allein von Belgiens Position ab.
Aber auch der belgische Ministerpräsident de Wever hat einen Brief geschrieben, in dem steht: „Ein übereiltes Vorgehen mit dem vorgeschlagenen Reparationsdarlehensprogramm wird als Kollateralschaden dazu führen, dass wir als EU faktisch die Erreichung eines endgültigen Friedensabkommens behindern. Sollte Russland am Ende nicht offiziell als Verlierer hervorgehen, wird es, wie die Geschichte in anderen Fällen gezeigt hat, berechtigterweise die Rückgabe seiner Staatsvermögen fordern.“
Genau so wird es kommen. Daher fordert de Wever, dass sich, sollte Russland seine berechtigten Forderungen stellen, die gesamte EU unverzüglich an der Befriedigung der russischen Ansprüche beteiligt.
Allerdings kann er sich schon jetzt selbst davon überzeugen, dass Friedrich Merz im neuen Bundeshaushalt keine Mittel für diesen Notfall vorgesehen hat.
Das Vorgehen des Bundeskanzlers wirft nur eine Frage auf: Wie hat er überhaupt beim Investmentfonds BlackRock gearbeitet? Nächstes Jahr wird Deutschland für die Bedienung von Schulden 34 Milliarden Euro bezahlen, in drei Jahren werden es 66 Milliarden Euro sein.
Das Problem ist, dass Russlands Vermögen größtenteils aus europäischen Staatsanleihen besteht, also ais Schuldscheinen, die gegen Zinsen und Bargeld erworben wurden. Sollten Merz und seine Mitstreiter diese Schuldscheine klauen, könnten alle aktuellen Berechnungen über den Schuldendienst viel zu niedrig sein.
Ende der Übersetzung

Teile diesen Beitrag
teilen 
teilen 
teilen 
teilen 
teilen 
E-Mail 
teilen 
AUTOR: ANTI-SPIEGEL
Thomas Röper, geboren 1971, hat als Experte für Osteuropa in Finanzdienstleistungsunternehmen in Osteuropa und Russland Vorstands- und Aufsichtsratspositionen bekleidet. Heute lebt er in seiner Wahlheimat St. Petersburg. Er lebt über 15 Jahre in Russland und spricht fließend Russisch. Die Schwerpunkte seiner medienkritischen Arbeit sind das (mediale) Russlandbild in Deutschland, Kritik an der Berichterstattung westlicher Medien im Allgemeinen und die Themen (Geo-)Politik und Wirtschaft.
Zurück
Nächster Beitrag: Um von Korruption abzulenken und Frieden zu verhindern, greift Kiew Tanker im Schwarzen Meer an",,https://anti-spiegel.ru/2025/was-die-wirkliche-bedrohung-fuer-die-eu-und-deutschland-ist/,"Was die wirkliche Bedrohung für die EU und Deutschland ist Deutsche und europäische Politiker sprechen ständig von der ""russischen Bedrohung"", dabei ist die wahre Bedrohung Europas und Deutschlands eine ganz andere. Die politische Woche in Europa
Was die wirkliche Bedrohung für die EU und Deutschland ist
Deutsche und europäische Politiker sprechen ständig von der ""russischen Bedrohung"", dabei ist die wahre Bedrohung Europas und Deutschlands eine ganz andere.
von Anti-Spiegel
1. Dezember 2025 09:00 Uhr
Auch an diesem Sonntag habe ich ungeduldig auf den Bericht des Deutschland-Korrespondenten gewartet, den das russische Fernsehen sonntagabends in seinem wöchentlichen Nachrichtenrückblick ausstrahlt, denn seine Sicht auf die politische Woche in Deutschland und Europa unterscheidet sich stark von dem, was deutsche Medien berichten. Und ich wurde nicht enttäuscht, denn sein mit spitzer Zunge formulierter Bericht zeigt wieder den ganzen Irrsinn des europäischen Politzirkus auf. Und er sagt ungeschönt, was die wahre Bedrohung für das heutige Europa ist. Wie jeden Sonntag habe ich seinen Bericht übersetzt.
Beginn der Übersetzung:
Deutschland wird nicht von einem fiktiven Krieg mit Russland bedroht, sondern von der Babyboomer-Generation
Die Fähigkeit, sein Wort zu halten, ist unter den heutigen europäischen Politikern selten, Mut zur Wahrheit ist Mangelware, und die Bereitschaft, persönliche Verantwortung zu übernehmen, ist fast in Vergessenheit geraten. Und was tritt an ihre Stelle? Eitelkeit, Kleinkariertheit, Narzissmus und schmutzige Machenschaften. Kein Wunder, dass die Zustimmungswerte der Staats- und Regierungschefs der drei führenden europäischen Mächte England, Deutschland und Frankreich beschämend niedrig sind. Sie haben gelogen. Sie vertreten nicht ihre Völker. Sie führen sie sie in den Krieg, indem sie Bedrohungen buchstäblich erfinden.
Aus Deutschland und der EU berichtet unser Korrespondent.
Dank einer Blitzaktion im Bundestag, die die volle Konzentration der Kräfte der Regierung im Plenarsaal erforderte, konnte Bundeskanzler Merz den Haushalt für das kommende Jahr durch das Parlament bringen. Pistorius ist ein reicher Minister. 2026 wird Deutschland deutlich mehr für das Militär ausgeben als in diesem Jahr, rund 108 Milliarden Euro. Die Bundeswehr hat seit dem Kalten Krieg keinen derartigen Geldregen mehr erlebt.
In seiner Bundestagsrede sagte Merz: „Es ist ganz einfach: Wir müssen uns daran gewöhnen, dass Frieden und Freiheit nicht umsonst sind. Verteidigung ist unsere aller Verantwortung.“
Jeder einzelne Cent dieser Milliarden fließt natürlich in die Kriegsvorbereitungen gegen Russland. Das beginnt mit der Modernisierung der Infrastruktur – das Wall Street Journal berichtet, dass Deutschland einen Einsatzplan für die Verlegung von 800.000 NATO-Soldaten an die Ostfront entwickelt hat – und endet mit der Aufstockung der Armee um mehr als ein Drittel auf 260.000 Soldaten, die unter anderem durch hohe Gehälter angeworben werden müssen.
Von der allgemeinen Wehrpflicht hat man noch abgesehen, aber die Pläne für einen umfassenden Fragebogen und obligatorische ärztliche Untersuchungen für 18-Jährige bleiben bestehen. Auch das ist Teil der künftigen Militärausgaben.
Deutschland ist nicht das einzige Land, das plant, geeignete Personen im Voraus zu erfassen, wie der französische Präsident Emmanuel Macron sagte: „Im Falle einer schweren Krise könnte das Parlament die Einberufung nicht nur von Freiwilligen, sondern auch von jenen anordnen, deren Fähigkeiten sich am ‚Mobilisierungstag‘ bewährt haben. Der Wehrdienst würde dann verpflichtend werden.“, erklärte der .
Er hatte die Idee, in Frankreich einen „Mobilisierungstag“ abzuhalten, an dem junge Männer verschiedenen Tests unterzogen werden, um ihre Eignung für den Wehrdienst zu ermitteln. Diejenigen, die sich bewähren, werden in eine Liste aufgenommen, um sie später nicht lange suchen zu müssen. Schließlich sagte der französische Generalstabschef Fabien Mandon, Frankreich müsse bereit sein, seine Kinder zu verlieren. Macron arbeitet daher als Reaktion auf „sich beschleunigende Krisen“ an der Aufstellung des entsprechenden Kontingents, wie er seinen Landsleuten erklärte.
Einige sind jedoch skeptisch. Florian Philippot, Vorsitzender der französischen Partei „Patrioten“, erklärte: „Das ist alles absurd. Wir werden in einen Krieg mit Russland hineingezogen, dabei muss das alles aufhören. Keinen Euro mehr für die Ukraine, keine Kugel, keinen französischen Soldaten, keinen Tropfen französisches Blutes in diesem Krieg, der uns nichts angeht.“
Unterdessen hat Frankreich inmitten der Militarisierung offensichtliche Haushaltsprobleme. Die Regierung Lecornu versucht, im Parlament Sparmaßnahmen für alle Bereiche – außer für die Armee und den militärisch-industriellem Komplex – sowie Steuererhöhungen durchzusetzen, ohne dafür eine stabile Mehrheit zu haben.
In Großbritannien suchen Premierminister Starmer und Schatzkanzler Reeves fieberhaft nach Geld, um ein von den Medien als „finanzielles Loch“ bezeichnetes Defizit von schätzungsweise 20 bis 30 Milliarden Pfund zu stopfen. Die Starmer-Regierung, die mit dem Versprechen, Arbeitnehmer zu schützen, an die Macht kam, versucht diese nun, ganz wie die Labour-Partei, heimlich zu beklauen. Doch jeder kann alles sehen.
Die Journalistin Clare Barrett von der Financial Times formulierte es so: „Ich bin seit 20 Jahren im Geschäft und habe noch nie einen Haushalt gesehen, der so viel Spekulation und Fälschung beinhaltet wie dieser. Wir sollten eher mit versteckten Steuern rechnen als mit Vermögenssteuern.“
Angesichts der globalen Krise und des eindeutig verlorenen wirtschaftlichen Wettbewerbs erweisen sich Europas militaristische Pläne als unvereinbar mit der Aufrechterhaltung der hohen sozialen Standards, die zunehmend unters Messer kommen. Dieser Prozess wird sich beschleunigen, je mehr der Kontinent in die demografische Krise gerät.
Die BBC hat einen Sonderbericht über Frauen beim Militär veröffentlicht. Skandinavierinnen sind da ganz vorne. Patriotismus, Russland und die Gleichstellung der Geschlechter bewegen Frauen dazu, militärisches Make-Up anzulegen. Doch es gibt noch einen weiteren Grund, warum die Regierungen diesen Prozess fördern, wie Emeri Lillimee, Expertin an der Estnischen Militärakademie, einräumte: „Wenn diese Sicherheitslage anhält, werden wir schlichtweg nicht genug Personal haben.“
Die Europäer weigern sich, sich fortzupflanzen, was sie jedoch nicht von ihrer Verantwortung entbindet, eine Armee von Soldaten und eine Armee von Rentnern zu ernähren. Die europäischen Finanzen stehen nicht vor einer erfundenen Bedrohung, wie die russische, sondern vor einer sehr realen. Sie heißt Babyboomer, das sind die Kinder der Kriegskinder: die mächtige Generation der 65- bis 70-Jährigen, die das blühende Europa geschaffen hat. Die gehen nun massenhaft in Rente und bürden ihren Nachkommen eine unerträgliche Last auf.
Die Prioritäten des deutschen Staates sind Rentner und Waffen, also Dinge, die nichts als Schulden produzieren. Aber sie machen jeden dritten Euro im neuen deutschen Haushalt aus. Man kann das ernst nehmen oder sich darüber lustig machen, wie Heute-Show, die eine Frau erzählen ließ: „Meine Familie und ich leben streng nach der Methode Merz“, wobei sie ein Buch mit Merz’ Porträt hochhält. Daraus liest sie vor: „Kapitel 1: Ständig große Ankündigungen und Versprechen machen. Kapitel 2: Entscheidungen treffen und zuerst an die ältere Generation denken. Kapitel 3: Großzügig Feld für Quatsch ausgeben, selbst wenn man hoch verschuldet ist.“
Dann kommt ein Kurier, der sagt, die Bestellung koste 520 Euro, worauf die Frau antwortet: „Das ist nicht für mich. Das ist für meinen Sohn, er wird das bezahlen, wenn er groß ist.“ Als der Junge protestiert, gibt sie ihm eine Ohrfeige und lässt ihn die Rechnung unterschreiben.
Alice Weidel, Co-Vorsitzende der AfD, sagte im Bundestag: „Sie haben Deutschland in die größte Verschuldung der Nachkriegszeit gestürzt. Sie werfen mit Geld um sich. 11,5 Milliarden Euro an die Ukraine, ohne zu wissen, ob dieses Geld am Ende wieder in den Händen korrupter Beamter landet, die vom Krieg profitieren.“
Es ist schwer vorstellbar, dass die ukrainischen Beamten nicht mit ihren Gönnern in Europa teilen. Doch daneben erfüllen sie auch eine andere wichtige Funktion: Wenn der ukrainische Faktor aus dem politischen Leben verschwindet, wird es für Merz und andere schon am nächsten Tag schwerer, ihrer Bevölkerung mit der russischen Bedrohung Angst zu machen. Aber mit rechtfertigen sie derzeit alles. Daher die Panik um Trumps bekannten Plan, der dringend überarbeitet werden muss, damit Moskau ihm nicht zustimmt
Bei Merz klang das im Bundestag so: „Wir wollen keinen Frieden durch Kapitulation, wir wollen ein friedliches Zusammenleben der Völker Europas auf der Grundlage unserer demokratischen, freiheitsliebenden Werte.“
Und der britische Premierminister Keir Starmer erklärte: „Elemente, die Europa und die NATO betreffen, bedürfen der Zustimmung Europas und der NATO-Mitglieder.“
Russland will keinen Frieden, sagen sie jeden Tag. Doch in Wahrheit wollen sie nur einen Frieden, dessen Bedingungen sie selbst diktieren. Und die Ukraine soll sie kämpfen, solange sie noch jemanden an die Front schicken kann.
Bei Kaja Kallas, der Hohen Vertreterin der EU für Außen- und Sicherheitspolitik, klang das so: „Dieser überstürzte Weg zum Frieden ist für die Ukraine nachteilig. Wir müssen uns wirklich auf Zugeständnisse von russischer Seite konzentrieren.“
Die Chefin der europäischen Diplomatie hat letzte Woche viel Merkwürdiges gesagt: Von 19 Ländern, die Russland angeblich in den letzten 100 Jahren mehr als einmal angegriffen haben soll, bis hin zu Forderungen nach Begrenzungen der russischen Armee und des Militärbudgets. Sie redet im Grunde so viel Quatsch, dass man schon eine Diagnose stellen kann. US-Außenminister Rubio ist es sogar peinlich, sich mit ihr zu treffen.
Marco Travaglio, Chefredakteur der italienischen Zeitung Fatto Quotidiano, sagte unter dem Applaus des Publikums: „Wenn ich Kallas reden höre, frage ich mich, wie es passieren konnte, dass eine der Wiegen der weltweiten Zivilisation – Europa, der Erfinder der modernen Diplomatie, die auf dem Prinzip ‚Nie wieder Weltkriege zwischen uns‘ beruhte – in die Hände einer solchen Idiotin geraten konnte. Ich spreche von ernster geistiger Behinderung.“
Fairerweise muss man sagen, dass Kallas nicht allein ist. Die überwältigende Mehrheit der europäischen Politiker und Beamten, die die kollektive Identität der EU prägen, ist völlig inkompetent, wenn man bedenkt, dass sie sich, obwohl sie den Krieg verloren haben, gegenüber Russland so verhalten, als stünden sie kurz vor dem Sieg. Sogar den theoretischen Kredit für die Ukraine, finanziert durch gestohlenes russisches Geld, haben sie als „Reparationen“ bezeichnet, was EU-Kommissionspräsidentin Ursula von der Leyen im EU-Parlament so formulierte: „Die Kommission hat ein Dokument mit möglichen Lösungen vorgelegt, darunter die mit den eingefrorenen russischen Vermögenswerten. Im nächsten Schritt muss die Kommission einen juristischen Text vorlegen, und, meine Damen und Herren, um das klarzustellen: Ich sehe kein Szenario, in dem die europäischen Steuerzahler die Rechnung bezahlen.“
In der Woche, seit die EU-Kommission Briefe an die europäischen Hauptstädte verschickt hat, in denen sie drei Optionen zur Finanzierung der Ukraine im Jahr 2026 darlegte – das waren nicht rückzahlbare Zuschüsse, ein gemeinsames europäisches Darlehen oder der Raub der russischen Vermögenswerte -, hat Ursula von der Leyen offenbar erkannt, dass zumindest die ersten beiden Optionen unerwünscht sind. Europa will und kann sich offenbar nicht von seinem Geld zu trennen. Die Frage der 90 Milliarden Euro für Kiew hängt somit allein von Belgiens Position ab.
Aber auch der belgische Ministerpräsident de Wever hat einen Brief geschrieben, in dem steht: „Ein übereiltes Vorgehen mit dem vorgeschlagenen Reparationsdarlehensprogramm wird als Kollateralschaden dazu führen, dass wir als EU faktisch die Erreichung eines endgültigen Friedensabkommens behindern. Sollte Russland am Ende nicht offiziell als Verlierer hervorgehen, wird es, wie die Geschichte in anderen Fällen gezeigt hat, berechtigterweise die Rückgabe seiner Staatsvermögen fordern.“
Genau so wird es kommen. Daher fordert de Wever, dass sich, sollte Russland seine berechtigten Forderungen stellen, die gesamte EU unverzüglich an der Befriedigung der russischen Ansprüche beteiligt.
Allerdings kann er sich schon jetzt selbst davon überzeugen, dass Friedrich Merz im neuen Bundeshaushalt keine Mittel für diesen Notfall vorgesehen hat.
Das Vorgehen des Bundeskanzlers wirft nur eine Frage auf: Wie hat er überhaupt beim Investmentfonds BlackRock gearbeitet? Nächstes Jahr wird Deutschland für die Bedienung von Schulden 34 Milliarden Euro bezahlen, in drei Jahren werden es 66 Milliarden Euro sein.
Das Problem ist, dass Russlands Vermögen größtenteils aus europäischen Staatsanleihen besteht, also ais Schuldscheinen, die gegen Zinsen und Bargeld erworben wurden. Sollten Merz und seine Mitstreiter diese Schuldscheine klauen, könnten alle aktuellen Berechnungen über den Schuldendienst viel zu niedrig sein.
Ende der Übersetzung

Teile diesen Beitrag
teilen 
teilen 
teilen 
teilen 
teilen 
E-Mail 
teilen 
AUTOR: ANTI-SPIEGEL
Thomas Röper, geboren 1971, hat als Experte für Osteuropa in Finanzdienstleistungsunternehmen in Osteuropa und Russland Vorstands- und Aufsichtsratspositionen bekleidet. Heute lebt er in seiner Wahlheimat St. Petersburg. Er lebt über 15 Jahre in Russland und spricht fließend Russisch. Die Schwerpunkte seiner medienkritischen Arbeit sind das (mediale) Russlandbild in Deutschland, Kritik an der Berichterstattung westlicher Medien im Allgemeinen und die Themen (Geo-)Politik und Wirtschaft.
Zurück
Nächster Beitrag: Um von Korruption abzulenken und Frieden zu verhindern, greift Kiew Tanker im Schwarzen Meer an"
2025-12-01,"Um von Korruption abzulenken und Frieden zu verhindern, greift Kiew Tanker im Schwarzen Meer an","Die Verzweiflung in Kiew ist groß, denn erstens schlägt dort der Korruptionsskandal immer höhere Wellen, und zweitens will Trump endlich einen Frieden erreichen, an dem Selensky und seine Leute keinerlei Interesse haben. Also weitet Kiew den Krieg nun auf türkische Hoheitsgewässer aus.","Trumps Friedensplan
Um von Korruption abzulenken und Frieden zu verhindern, greift Kiew Tanker im Schwarzen Meer an
Die Verzweiflung in Kiew ist groß, denn erstens schlägt dort der Korruptionsskandal immer höhere Wellen, und zweitens will Trump endlich einen Frieden erreichen, an dem Selensky und seine Leute keinerlei Interesse haben. Also weitet Kiew den Krieg nun auf türkische Hoheitsgewässer aus.
von Anti-Spiegel
1. Dezember 2025 08:00 Uhr
Die Kiewer Angriffe auf zwei Tanker im Schwarzen Meer, nur wenige Seemeilen von der türkischen Küste entfernt, haben in Deutschland nur erstaunlich wenige Schlagzeilen gemacht, dabei waren sie aus mehreren Gründen hochbrisant. Erstens stören sie die bisher im Westen offiziell verkündeten Bemühungen, die zivile Schifffahrt im Schwarzen Meer nicht zu gefährden, zweitens hat Kiew damit Schiffe von Drittländern angegriffen, also Kriegsakte gegen diese Länder begangen, und drittens können solche Angriffe in den Gewässern eines NATO-Landes unabsehbare Folgen haben.
Daher waren die Angriffe das Thema in einem Kommentar von Dmitri Kisseljew, dem Moderator des wöchentlichen Nachrichtenrückblicks des russische Fernsehens, der am Sonntagabend ausgestrahlt wurde und den ich übersetzt habe.
Beginn der Übersetzung:
Kisseljew: Kiews Angriffe sind der Versuch, vom Korruptionsskandal abzulenken
Das russische Außenministerium hat alle vernünftigen Kreise dazu aufgerufen, die Terroranschläge Kiews im Schwarzen Meer zu verurteilen und die zerstörerischen Aktionen des Kiewer Regimes angemessen zu bewerten: „Russland verurteilt die Terroranschläge Kiews auf Tanker im Schwarzen Meer und die Infrastruktur des Kaspischen Pipeline-Konsortiums (CPC). Nach Meinung des russischen Außenministeriums stehen die Terroranschläge im Schwarzen Meer im Zusammenhang mit dem Versuch, die internationalen Bemühungen zur Lösung des Ukraine-Konflikts zu behindern. Die Drahtzieher in Kiew wollten die Aufmerksamkeit der ukrainischen Bevölkerung vom Korruptionsskandal ablenken.“
Am Abend des 29. November veröffentlichten ukrainische Geheimdienste ein Video eines Angriffs unbemannter Boote auf Tanker im Schwarzen Meer in der ausschließlichen Wirtschaftszone der Türkei. Das Video kursiert im Internet.
Am 28. November setzten zwei Schiffe unter gambischer Flagge Notsignale ab. Der Tanker „Kairos“, der auf dem Weg von Ägypten nach Noworossijsk war, um Öl aufzunehmen, wurde 28 Seemeilen vor der türkischen Küste als erstes angegriffen. An Bord brach ein Feuer aus. Die 25 Besatzungsmitglieder konnten erfolgreich evakuiert werden.
Der andere beschädigte Tanker, die „Virat“, befand sich auf dem Weg von Sewastopol und war 35 Seemeilen vor der Türkei. Auch er wurde von einer Marinedrohne angegriffen. Glücklicherweise blieben beide Schiffe schwimmfähig und kein Besatzungsmitglied wurde ernsthaft verletzt. Die „Virat“ wurde jedoch abgeschleppt und steuert nun auf die türkische Küste zu.
Unter Berufung auf diplomatische Quellen in Moskau berichtete RIA Novosti, dass sich russische Staatsangehörige an Bord der Tanker befanden.
Kiew meldete, dass die Operation von der 13. Direktion für Militärische Spionageabwehr des ukrainischen Sicherheitsdienstes und der ukrainischen Marine gemeinsam durchgeführt wurde.
Das türkische Außenministerium äußerte sich besorgt über die Angriffe auf die beiden Tanker im Schwarzen Meer und erklärte, sie stellten eine Bedrohung für Menschenleben, die Schifffahrt und die Umwelt dar.
Generell bedeutet das Geschehen, dass das Kiewer Regime dem Konflikt eine neue Dimension verleiht. Das Schlachtfeld dehnt sich in die ausschließliche Wirtschaftszone der Türkei und damit auch in die der NATO aus. Unter diesen Umständen wird die Türkei die neuen Risiken bewerten und wohl ihre eigene Sicherheit gewährleisten.
Die Angriffe auf die Tanker waren für Kiew jedoch nicht genug. Am Samstagabend wurde der Anlegeplatz des Caspian Pipeline Consortium (CPC) nahe Noworossijsk durch einen ukrainischen Angriff schwer beschädigt, der Weiterbetrieb ist unmöglich. Es gab keine Opfer unter den Mitarbeitern oder Auftragnehmern, und ersten Berichten zufolge gelangte kein Öl ins Schwarze Meer.
Das kasachische Energieministerium erklärte in einer Stellungnahme: „Um die negativen Folgen zu minimieren und die Förderraten in den wichtigsten Ölfeldern aufrechtzuerhalten, hat das Ministerium umgehend einen Plan zur Umleitung der Ölexportmengen auf alternative Routen aktiviert. Das CPC-Pipelinesystem ist ein internationales Energieprojekt, und jede gewaltsame Aktion gegen seine Anlagen birgt direkte Risiken für die globale Energiesicherheit.“
Das Caspian Pipeline Consortium (CPC) ist die größte Öltransportroute aus der Kaspischen Region auf die Weltmärkte und die wichtigste Route für Kasachstan. Über sie werden mehr als 80 Prozent der Exporte des Landes abgewickelt. Die 1.500 Kilometer lange Pipeline verbindet die Ölfelder in Westkasachstan mit der Schwarzmeerküste, wo das Öl über das CPC-Terminal auf Tanker verladen wird. Die Regierung der Republik Kasachstan beobachtet die Lage genau.
Noch einmal: Der Sinn dieses Terroranschlags ist einerseits, den Friedensprozess zu stören, und andererseits, von dem für Kiew tödlichen Korruptionsskandal abzulenken, ein Diebstahl, in den sowohl europäische Beamte als auch Bidens Amerikaner verwickelt sein könnten.
Überhaupt ist es schwer vorstellbar, dass während der jahrelangen Kämpfe in der Ukraine niemand in den USA oder in Europa bemerkt hat, wie Selenskys Clique Milliarden stiehlt, die europäischen und amerikanischen Steuerzahlern aus den Taschen gezogen wurden.
Der ehemalige polnische Präsident Leszek Miller glaubt nicht, dass der Westen nichts von den Diebstählen wusste, und es würde ihn nicht überraschen, wenn sich herausstellt, dass die Europäer selbst davon profitierten, wie er schrieb: „Es gibt nicht nur Fragen an die ukrainische Elite. Denn wenn in Kiew etwas im Busch war, kann man dann glauben, dass niemand in den westlichen Hauptstädten auch nur die geringste Ahnung hatte? Es ist schwer vorstellbar, dass der mächtige westliche Geheimdienstapparat, der jede Geldüberweisung, jedes Gespräch und jedes Treffen überwachen kann, den gigantischen Korruptionsskandal innerhalb der ukrainischen Strukturen übersehen hat. Hunderte von NATO- und EU-Analysten in Brüssel und den Ländern des Bündnisses. Die Diplomaten in den Botschaften. Und? Niemand wusste etwas? Und wenn sie es wussten, werden sie sich in Zukunft wegen Beihilfe zu dem Betrug verantworten müssen. Und wir sprechen hier nicht von kleinen Betrügereien, sondern vom Diebstahl enormer Summen. Nicht von privaten Geldern, sondern von öffentlichen Geldern westlicher Länder.“
Und tatsächlich gab es, als die ungeheure Korruption in der Ukraine aufgedeckt wurde, keine Reaktion aus den europäischen Hauptstädten. Nur Ungarn und die Slowakei waren empört. Die übrigen Länder schwiegen. Kein Wort der Verurteilung, kein einziger Aufruf zur Aufklärung, zur Einsetzung eines internationalen Untersuchungsteams oder zur Bestrafung der Schuldigen. Es scheint, als fürchten sie, Bei Ermittlungen auf sich selbst zu stoßen.
Es ist kein Zufall, dass der russische Präsident bei seinem Staatsbesuch in Bischkek auf die Absicht der EU-Staats- und Regierungschefs, die 200 Milliarden Euro eingefrorener russischer Vermögenswerte zu stehlen, antwortete: Wer lernt das Stehlen hier von wem? Europa von der Ukraine oder die Ukraine von Europa?
Wörtlich sagte Putin: „Wer bringt es wem bei? Entweder die diebische ukrainische Elite, die Geld von ihren eigenen Steuerzahlern und denen ihrer westlichen Geldgeber stiehlt, denn wir kennen den Korruptionsskandal in Kiew ja nun allzu gut. Entweder lernen sie es von den Europäern, oder die Europäer lernen es von der ukrainischen Elite. In jedem Fall ist es Diebstahl.“
Kurz gesagt: Für die einen ist es Krieg, für die anderen ein Geschäft.
Ende der Übersetzung

Teile diesen Beitrag
teilen 
teilen 
teilen 
teilen 
teilen 
E-Mail 
teilen 
AUTOR: ANTI-SPIEGEL
Thomas Röper, geboren 1971, hat als Experte für Osteuropa in Finanzdienstleistungsunternehmen in Osteuropa und Russland Vorstands- und Aufsichtsratspositionen bekleidet. Heute lebt er in seiner Wahlheimat St. Petersburg. Er lebt über 15 Jahre in Russland und spricht fließend Russisch. Die Schwerpunkte seiner medienkritischen Arbeit sind das (mediale) Russlandbild in Deutschland, Kritik an der Berichterstattung westlicher Medien im Allgemeinen und die Themen (Geo-)Politik und Wirtschaft.
Zurück
Nächster Beitrag: Wie Kiew von dem Korruptionsskandal ablenken will",,https://anti-spiegel.ru/2025/um-von-korruption-abzulenken-und-frieden-zu-verhindern-greift-kiew-tanker-im-schwarzen-meer-an/,"Um von Korruption abzulenken und Frieden zu verhindern, greift Kiew Tanker im Schwarzen Meer an Die Verzweiflung in Kiew ist groß, denn erstens schlägt dort der Korruptionsskandal immer höhere Wellen, und zweitens will Trump endlich einen Frieden erreichen, an dem Selensky und seine Leute keinerlei Interesse haben. Also weitet Kiew den Krieg nun auf türkische Hoheitsgewässer aus. Trumps Friedensplan
Um von Korruption abzulenken und Frieden zu verhindern, greift Kiew Tanker im Schwarzen Meer an
Die Verzweiflung in Kiew ist groß, denn erstens schlägt dort der Korruptionsskandal immer höhere Wellen, und zweitens will Trump endlich einen Frieden erreichen, an dem Selensky und seine Leute keinerlei Interesse haben. Also weitet Kiew den Krieg nun auf türkische Hoheitsgewässer aus.
von Anti-Spiegel
1. Dezember 2025 08:00 Uhr
Die Kiewer Angriffe auf zwei Tanker im Schwarzen Meer, nur wenige Seemeilen von der türkischen Küste entfernt, haben in Deutschland nur erstaunlich wenige Schlagzeilen gemacht, dabei waren sie aus mehreren Gründen hochbrisant. Erstens stören sie die bisher im Westen offiziell verkündeten Bemühungen, die zivile Schifffahrt im Schwarzen Meer nicht zu gefährden, zweitens hat Kiew damit Schiffe von Drittländern angegriffen, also Kriegsakte gegen diese Länder begangen, und drittens können solche Angriffe in den Gewässern eines NATO-Landes unabsehbare Folgen haben.
Daher waren die Angriffe das Thema in einem Kommentar von Dmitri Kisseljew, dem Moderator des wöchentlichen Nachrichtenrückblicks des russische Fernsehens, der am Sonntagabend ausgestrahlt wurde und den ich übersetzt habe.
Beginn der Übersetzung:
Kisseljew: Kiews Angriffe sind der Versuch, vom Korruptionsskandal abzulenken
Das russische Außenministerium hat alle vernünftigen Kreise dazu aufgerufen, die Terroranschläge Kiews im Schwarzen Meer zu verurteilen und die zerstörerischen Aktionen des Kiewer Regimes angemessen zu bewerten: „Russland verurteilt die Terroranschläge Kiews auf Tanker im Schwarzen Meer und die Infrastruktur des Kaspischen Pipeline-Konsortiums (CPC). Nach Meinung des russischen Außenministeriums stehen die Terroranschläge im Schwarzen Meer im Zusammenhang mit dem Versuch, die internationalen Bemühungen zur Lösung des Ukraine-Konflikts zu behindern. Die Drahtzieher in Kiew wollten die Aufmerksamkeit der ukrainischen Bevölkerung vom Korruptionsskandal ablenken.“
Am Abend des 29. November veröffentlichten ukrainische Geheimdienste ein Video eines Angriffs unbemannter Boote auf Tanker im Schwarzen Meer in der ausschließlichen Wirtschaftszone der Türkei. Das Video kursiert im Internet.
Am 28. November setzten zwei Schiffe unter gambischer Flagge Notsignale ab. Der Tanker „Kairos“, der auf dem Weg von Ägypten nach Noworossijsk war, um Öl aufzunehmen, wurde 28 Seemeilen vor der türkischen Küste als erstes angegriffen. An Bord brach ein Feuer aus. Die 25 Besatzungsmitglieder konnten erfolgreich evakuiert werden.
Der andere beschädigte Tanker, die „Virat“, befand sich auf dem Weg von Sewastopol und war 35 Seemeilen vor der Türkei. Auch er wurde von einer Marinedrohne angegriffen. Glücklicherweise blieben beide Schiffe schwimmfähig und kein Besatzungsmitglied wurde ernsthaft verletzt. Die „Virat“ wurde jedoch abgeschleppt und steuert nun auf die türkische Küste zu.
Unter Berufung auf diplomatische Quellen in Moskau berichtete RIA Novosti, dass sich russische Staatsangehörige an Bord der Tanker befanden.
Kiew meldete, dass die Operation von der 13. Direktion für Militärische Spionageabwehr des ukrainischen Sicherheitsdienstes und der ukrainischen Marine gemeinsam durchgeführt wurde.
Das türkische Außenministerium äußerte sich besorgt über die Angriffe auf die beiden Tanker im Schwarzen Meer und erklärte, sie stellten eine Bedrohung für Menschenleben, die Schifffahrt und die Umwelt dar.
Generell bedeutet das Geschehen, dass das Kiewer Regime dem Konflikt eine neue Dimension verleiht. Das Schlachtfeld dehnt sich in die ausschließliche Wirtschaftszone der Türkei und damit auch in die der NATO aus. Unter diesen Umständen wird die Türkei die neuen Risiken bewerten und wohl ihre eigene Sicherheit gewährleisten.
Die Angriffe auf die Tanker waren für Kiew jedoch nicht genug. Am Samstagabend wurde der Anlegeplatz des Caspian Pipeline Consortium (CPC) nahe Noworossijsk durch einen ukrainischen Angriff schwer beschädigt, der Weiterbetrieb ist unmöglich. Es gab keine Opfer unter den Mitarbeitern oder Auftragnehmern, und ersten Berichten zufolge gelangte kein Öl ins Schwarze Meer.
Das kasachische Energieministerium erklärte in einer Stellungnahme: „Um die negativen Folgen zu minimieren und die Förderraten in den wichtigsten Ölfeldern aufrechtzuerhalten, hat das Ministerium umgehend einen Plan zur Umleitung der Ölexportmengen auf alternative Routen aktiviert. Das CPC-Pipelinesystem ist ein internationales Energieprojekt, und jede gewaltsame Aktion gegen seine Anlagen birgt direkte Risiken für die globale Energiesicherheit.“
Das Caspian Pipeline Consortium (CPC) ist die größte Öltransportroute aus der Kaspischen Region auf die Weltmärkte und die wichtigste Route für Kasachstan. Über sie werden mehr als 80 Prozent der Exporte des Landes abgewickelt. Die 1.500 Kilometer lange Pipeline verbindet die Ölfelder in Westkasachstan mit der Schwarzmeerküste, wo das Öl über das CPC-Terminal auf Tanker verladen wird. Die Regierung der Republik Kasachstan beobachtet die Lage genau.
Noch einmal: Der Sinn dieses Terroranschlags ist einerseits, den Friedensprozess zu stören, und andererseits, von dem für Kiew tödlichen Korruptionsskandal abzulenken, ein Diebstahl, in den sowohl europäische Beamte als auch Bidens Amerikaner verwickelt sein könnten.
Überhaupt ist es schwer vorstellbar, dass während der jahrelangen Kämpfe in der Ukraine niemand in den USA oder in Europa bemerkt hat, wie Selenskys Clique Milliarden stiehlt, die europäischen und amerikanischen Steuerzahlern aus den Taschen gezogen wurden.
Der ehemalige polnische Präsident Leszek Miller glaubt nicht, dass der Westen nichts von den Diebstählen wusste, und es würde ihn nicht überraschen, wenn sich herausstellt, dass die Europäer selbst davon profitierten, wie er schrieb: „Es gibt nicht nur Fragen an die ukrainische Elite. Denn wenn in Kiew etwas im Busch war, kann man dann glauben, dass niemand in den westlichen Hauptstädten auch nur die geringste Ahnung hatte? Es ist schwer vorstellbar, dass der mächtige westliche Geheimdienstapparat, der jede Geldüberweisung, jedes Gespräch und jedes Treffen überwachen kann, den gigantischen Korruptionsskandal innerhalb der ukrainischen Strukturen übersehen hat. Hunderte von NATO- und EU-Analysten in Brüssel und den Ländern des Bündnisses. Die Diplomaten in den Botschaften. Und? Niemand wusste etwas? Und wenn sie es wussten, werden sie sich in Zukunft wegen Beihilfe zu dem Betrug verantworten müssen. Und wir sprechen hier nicht von kleinen Betrügereien, sondern vom Diebstahl enormer Summen. Nicht von privaten Geldern, sondern von öffentlichen Geldern westlicher Länder.“
Und tatsächlich gab es, als die ungeheure Korruption in der Ukraine aufgedeckt wurde, keine Reaktion aus den europäischen Hauptstädten. Nur Ungarn und die Slowakei waren empört. Die übrigen Länder schwiegen. Kein Wort der Verurteilung, kein einziger Aufruf zur Aufklärung, zur Einsetzung eines internationalen Untersuchungsteams oder zur Bestrafung der Schuldigen. Es scheint, als fürchten sie, Bei Ermittlungen auf sich selbst zu stoßen.
Es ist kein Zufall, dass der russische Präsident bei seinem Staatsbesuch in Bischkek auf die Absicht der EU-Staats- und Regierungschefs, die 200 Milliarden Euro eingefrorener russischer Vermögenswerte zu stehlen, antwortete: Wer lernt das Stehlen hier von wem? Europa von der Ukraine oder die Ukraine von Europa?
Wörtlich sagte Putin: „Wer bringt es wem bei? Entweder die diebische ukrainische Elite, die Geld von ihren eigenen Steuerzahlern und denen ihrer westlichen Geldgeber stiehlt, denn wir kennen den Korruptionsskandal in Kiew ja nun allzu gut. Entweder lernen sie es von den Europäern, oder die Europäer lernen es von der ukrainischen Elite. In jedem Fall ist es Diebstahl.“
Kurz gesagt: Für die einen ist es Krieg, für die anderen ein Geschäft.
Ende der Übersetzung

Teile diesen Beitrag
teilen 
teilen 
teilen 
teilen 
teilen 
E-Mail 
teilen 
AUTOR: ANTI-SPIEGEL
Thomas Röper, geboren 1971, hat als Experte für Osteuropa in Finanzdienstleistungsunternehmen in Osteuropa und Russland Vorstands- und Aufsichtsratspositionen bekleidet. Heute lebt er in seiner Wahlheimat St. Petersburg. Er lebt über 15 Jahre in Russland und spricht fließend Russisch. Die Schwerpunkte seiner medienkritischen Arbeit sind das (mediale) Russlandbild in Deutschland, Kritik an der Berichterstattung westlicher Medien im Allgemeinen und die Themen (Geo-)Politik und Wirtschaft.
Zurück
Nächster Beitrag: Wie Kiew von dem Korruptionsskandal ablenken will"
2025-12-01,Wie Kiew von dem Korruptionsskandal ablenken will,Im Schwarzen Meer wurden vor der türkischen Küste zwei Tanker angegriffen. Offenbar will Kiew damit innenpolitisch von dem Korruptionsskandal ablenken und außenpolitisch Trumps Friedensbemühungen stören.,"Anti-Spiegel-Podcast
Wie Kiew von dem Korruptionsskandal ablenken will
Im Schwarzen Meer wurden vor der türkischen Küste zwei Tanker angegriffen. Offenbar will Kiew damit innenpolitisch von dem Korruptionsskandal ablenken und außenpolitisch Trumps Friedensbemühungen stören.
von Anti-Spiegel
1. Dezember 2025 07:00 Uhr
In diesem Anti-Spiegel-Podcast haben wir noch einmal den Korruptionsskandal in der Ukraine erklärt, denn er scheint einer der Gründe dafür zu sein, dass die Ukraine in türkischen Gewässern im Schwarzen Meer nun Tanker angegriffen und sogar eine Ölpest vor türkischen Stränden riskiert hat. Außerdem sollen diese Angriffe wohl auch die Gespräche stören, die eine ukrainische Delegation in dieser Woche in den USA führen soll.
Im zweiten Teil des Podcast sind wir auf einige Fragen von Zuhörern eingegangen. Wir bitten darum, in den Kommentaren Fragen zu stellen, vielleicht beantworten wir dann nächste Woche auch Ihre Frage.
Den Anti-Spiegel-Podcast können Sie hier auf Spotify und im russischen VK hören.

Teile diesen Beitrag
teilen 
teilen 
teilen 
teilen 
teilen 
E-Mail 
teilen 
AUTOR: ANTI-SPIEGEL
Thomas Röper, geboren 1971, hat als Experte für Osteuropa in Finanzdienstleistungsunternehmen in Osteuropa und Russland Vorstands- und Aufsichtsratspositionen bekleidet. Heute lebt er in seiner Wahlheimat St. Petersburg. Er lebt über 15 Jahre in Russland und spricht fließend Russisch. Die Schwerpunkte seiner medienkritischen Arbeit sind das (mediale) Russlandbild in Deutschland, Kritik an der Berichterstattung westlicher Medien im Allgemeinen und die Themen (Geo-)Politik und Wirtschaft.
Zurück
Nächster Beitrag: Wie Trumps Gegner in den USA versuchen, den Friedensplan für die Ukraine zu sabotieren",,https://anti-spiegel.ru/2025/wie-kiew-von-dem-korruptionsskandal-ablenken-will/,"Wie Kiew von dem Korruptionsskandal ablenken will Im Schwarzen Meer wurden vor der türkischen Küste zwei Tanker angegriffen. Offenbar will Kiew damit innenpolitisch von dem Korruptionsskandal ablenken und außenpolitisch Trumps Friedensbemühungen stören. Anti-Spiegel-Podcast
Wie Kiew von dem Korruptionsskandal ablenken will
Im Schwarzen Meer wurden vor der türkischen Küste zwei Tanker angegriffen. Offenbar will Kiew damit innenpolitisch von dem Korruptionsskandal ablenken und außenpolitisch Trumps Friedensbemühungen stören.
von Anti-Spiegel
1. Dezember 2025 07:00 Uhr
In diesem Anti-Spiegel-Podcast haben wir noch einmal den Korruptionsskandal in der Ukraine erklärt, denn er scheint einer der Gründe dafür zu sein, dass die Ukraine in türkischen Gewässern im Schwarzen Meer nun Tanker angegriffen und sogar eine Ölpest vor türkischen Stränden riskiert hat. Außerdem sollen diese Angriffe wohl auch die Gespräche stören, die eine ukrainische Delegation in dieser Woche in den USA führen soll.
Im zweiten Teil des Podcast sind wir auf einige Fragen von Zuhörern eingegangen. Wir bitten darum, in den Kommentaren Fragen zu stellen, vielleicht beantworten wir dann nächste Woche auch Ihre Frage.
Den Anti-Spiegel-Podcast können Sie hier auf Spotify und im russischen VK hören.

Teile diesen Beitrag
teilen 
teilen 
teilen 
teilen 
teilen 
E-Mail 
teilen 
AUTOR: ANTI-SPIEGEL
Thomas Röper, geboren 1971, hat als Experte für Osteuropa in Finanzdienstleistungsunternehmen in Osteuropa und Russland Vorstands- und Aufsichtsratspositionen bekleidet. Heute lebt er in seiner Wahlheimat St. Petersburg. Er lebt über 15 Jahre in Russland und spricht fließend Russisch. Die Schwerpunkte seiner medienkritischen Arbeit sind das (mediale) Russlandbild in Deutschland, Kritik an der Berichterstattung westlicher Medien im Allgemeinen und die Themen (Geo-)Politik und Wirtschaft.
Zurück
Nächster Beitrag: Wie Trumps Gegner in den USA versuchen, den Friedensplan für die Ukraine zu sabotieren"
2025-12-01,"Wie Trumps Gegner in den USA versuchen, den Friedensplan für die Ukraine zu sabotieren","Die politische Woche in den USA war sehr reich an Ereignissen und dabei ist vieles passiert, worüber in Deutschland kaum oder gar nicht berichtet wurde.","Die politische Woche in den USA
Wie Trumps Gegner in den USA versuchen, den Friedensplan für die Ukraine zu sabotieren
Die politische Woche in den USA war sehr reich an Ereignissen und dabei ist vieles passiert, worüber in Deutschland kaum oder gar nicht berichtet wurde.
von Anti-Spiegel
1. Dezember 2025 06:00 Uhr
Dieses Mal war der Bericht des USA-Korrespondenten über die politische Woche in den USA, den das russische Fernsehen am Sonntagabend in seinem wöchentlichen Nachrichtenrückblick ausgestrahlt hat, für deutsche Leser besonders interessant, weil er über vieles berichtet hat, worüber in Deutschland kaum oder gar nicht berichtet wurde. Da der Bericht diese Woche recht lang war, kommen wir ohne weitere Vorrede zur Übersetzung des russischen Berichts.
Beginn der Übersetzung:
Trumps Gegner in den USA versuchen, den Friedensplan für die Ukraine zu sabotieren
Die auf Anweisung des FBI eingeleiteten Antikorruptionsermittlungen gegen Selenskys engsten Kreis tragen Früchte. Nach Durchsuchungen der Büros und des Hausesdes Leiters der Präsidialverwaltung Andrej Jermak haben sich seine geändert. Er sollte als Leiter der ukrainischen Delegation zu Gesprächen in die USA fliegen, doch nach seinem Rücktritt ist er zu Hause geblieben.
Jermak, der eben noch einen Flug über den Atlantik geplant hatte, ist schließlich nicht einmal bis zum Dnjepr gekommen. Selenskys rechte Hand ist in den Strudel des Korruptionsskandals geraten und US-Medien wie Fox News meldeten: „Eilmeldung: Während Präsident Trump auf dem Friedensabkommen mit Russland besteht, ist in Selenskys Administration eine umfassende Personalkrise ausgebrochen. Selenskys Stabschef ist vor dem Hintergrund von Korruptionsermittlungen überraschend zurückgetreten.“
Überraschend war der Nebel über der ukrainischen Präsidialverwaltung, als die Ermittler am Morgen nach Thanksgiving die Büros von Jermak stürmten und durchsuchten
Es ist fast vergessen, aber Trump hatte den 27. November für Kiew als Deadline zur Annahme seines Friedensplans gesetzt. Anders als den Truthahn im Weißen Haus hat der US-Präsident die Ukrainer also nicht begnadigt.
Die Truthähne werden vor ihrer Begnadigung extra ein Jahr lang auf einer Farm in North Carolina gemästet. Dasselbe gilt für Selenskys Gefolge. Um das anti-russische Projekt voranzutreiben, durften sie unter Biden auf dem amerikanischen Bauernhof so viel fressen, wie sie hinunterschlucken konnten, weshalb die Kongressabgeordnete Anna Paulina Luna aus Florida die Meldungen aus Kiew in sozialen Netzwerken so kommentierte: „Tja, jetzt versteht ihr, warum wir die Geldflüsse in die Ukraine hätten überprüfen müssen? Korruption.“
Die Kongressabgeordnete stellt eine Frage, deren Antwort dank eines bisher nutzlosen Instruments namens NABU seit zehn Jahren in den Taschen derer verstaubt, die die Ukraine-Politik in Washington gestalten. Erst unter Trump hat man es entdeckt und eingesetzt. Und zwar so sehr, dass die Fetzen in alle Richtungen fliegen.
PBS-News-Korrespondent Jack Hewson erklärte den Amerikanern, was in in Kiew passierte: „Jermak war der Leiter der ukrainischen Präsidialverwaltung und im Grunde die zweitmächtigste Person im Land. Nach der Wahl nutzte Selensky seine Autorität, um die Macht rund um ihn herum zu zentralisieren, und Jermak spielte dabei eine sehr große Rolle. Während Selensky das Gesicht der Regierung war, war Jermak ihr Gehirn.“
Die USA haben die Operation zur Amputation des durch übermäßigen Ehrgeiz geschädigten Gehirn bis zur letzten Minute hinausgezögert. Man entschied sich dazu, als man erkannte, dass dieses Gehirn eine wirklich ungenießbare Suppe kochte, die Jermak seinen eigenen Gönnern zu servieren versuchte, wie Axios berichtete: „Zwei ukrainische Beamte gaben an, dass Jermaks Rücktritt einen Tag vor seiner geplanten Reise nach Miami erfolgte, wo er mit dem Team von Präsident Trump über einen Friedensplan verhandeln sollte.“
Noch zwei Tage zuvor hatte Jermak hocherfreut über seine Ernennung zum Leiter des Verhandlungsteams sogar ein Interview mit sich selbst aufgenommen, indem er Journalisten des Magazins „The Atlantic“ anrief und ihnen seine selbstverliebten Thesen in die Feder diktierte. Die Reduzierung von Trumps Friedensplan von 28 auf 22 oder auch 19 Punkte in Genf sei, so behauptete er, sein, also Jermaks, Erfolg. Gleiches gelte für die von ihm in Selenskys Kopf gepflanzte Vorstellung eines Krieges um den letzten Quadratzentimeter – und natürlich bis zum letzten Ukrainer.
In dem Interview erklärte Jermak: „Solange Selensky Präsident ist, sollte niemand erwarten, dass wir Gebiete abtreten. Er wird kein Abkommen zur Abtretung von Gebieten unterzeichnen. Alles, worüber wir realistischerweise sprechen können, ist die Festlegung der Kontaktlinie. Das ist es, was wir müssen tun müssen.“
Mit anderen Worten: Er ist sich selbst auf den Schwanz getreten und ist zu einem Hindernis für den Verhandlungsprozess und für die Fortschritte geworden, von denen Trump bei seiner Erklärung zu dem Plan gesprochen hatte. Da wurde Trump vom Journalisten gefragt: „Finden Sie nicht, dass die Ukraine zu viel Land an Russland zurückgeben soll?“
„Sehen Sie es sich an. Die Front bewegt sich in eine Richtung. Letztendlich sind das Gebiete, die Russland in den nächsten Monaten in jedem Fall bekommen kann.“
Ali Baba, wie Jermak von der Gruppe Kiewer Banditen, die er angeführt hat, genannt wurde, hätte der Banditenformel „Stirb du heute, und ich sterbe morgen“ vielleicht zugestimmt, aber er wurde nicht mehr gefragt. Er wurde durch den deutlich unterwürfigeren Rustem Umerow ersetzt, der zu Jermaks Nachfolger als Chef des Verhandlungsteams ernannt wurde, das in die USA reist, wie Bloomberg berichtete: „Die Gruppe, zu der neben dem Sekretär des ukrainischen Nationalen Sicherheits- und Verteidigungsrates Rustem Umerow auch der Erste Stellvertretende Außenminister Sergej Kislitsa gehört, wird sich voraussichtlich in Florida mit dem US-Präsidentengesandten Steve Witkoff und Trumps Schwiegersohn Jared Kushner treffen, so eine Quelle, die anonym bleiben wollte.“
Sie treffen sich in Florida statt, das Umerow nicht fremd ist. Seit dem Sommer kursieren Gerüchte, er habe die US-amerikanische Staatsbürgerschaft. Seine Familie lebt in Wohnungen und Villen in Miami. Das sind gleich mehrere Argumente dafür, beispielsweise die aus Trumps Plans „herausgefallenen“ Bestimmungen über die ukrainischen Grenzen wieder in den Plan aufzunehmen: Villen im Tausch gegen Gebiete, sonst sind die Villen weg.
George Beebe, ehemaliger Leiter der Russland-Analyse bei der CIA, erklärte dazu: „Wir sind auf dem Weg zum Zusammenbruch der Ukraine. Es ist sehr schwer vorherzusagen, wann das passieren wird. Aber wahrscheinlich bleibt weniger als ein Jahr, wenn keine Einigung erzielt wird. Andernfalls haben wir die Chance, mit den Russen einen tieferen Dialog über die europäische Sicherheit zu führen. Doch ohne diplomatische Lösung wird die Ukraine eher einem Staat wie dem heutigen Libyen ähneln als beispielsweise Westdeutschland während des Kalten Krieges.“
Der ehemalige CIA-Agent Graham Fuller kommentierte: „Selensky ist in einer schrecklichen Lage, er hat in diesem Spiel keine Trümpfe. Wenn Trump sagt: ‚Stoppe den Konflikt‘, dann muss er ihn stoppen. Ich frage mich nur, wann Trump sagen wird: ‚Zum Teufel mit der EU‘ oder ‚Zum Teufel mit der Selensky‘. Immerhin entscheiden wir. Das sind unsere Waffen. Das ist unser Geld. Ich glaube, Trump fängt an, hart durchzugreifen. Die Trümpfe hat alle er in der Hand.“
Er würde noch härter spielen, wenn da nicht ein paar Betrüger am selben Tisch säßen, die ihre gezinkten Karten verstecken. Tucker Carlson schrieb auf X: „Seit einigen Monaten hält das Wall Street Journal einen Artikel zurück, in dem die Korruption von Andrej Jermak detailliert beschrieben wird. Jermak hat Hunderte Millionen Dollar amerikanischer Steuergelder veruntreut, die für die Ukraine-Hilfe bestimmt waren. Die Redakteure des Magazins könnten das beweisen, tun es aber nicht. Stattdessen verteidigen sie Jermak. Warum? Weil Jermak die ukrainischen Bemühungen anführt, Trumps Friedensplan für Osteuropa zu untergraben. Die Eigentümer des Wall Street Journal wollen keinen Frieden mit Russland, sie wollen Krieg“
Das Blatt gehört Rupert Murdoch, mit dem Trump seit Langem im Streit ist. Der Medienmogul greift die US-Regierung regelmäßig wegen ihrer Friedensbemühungen in der Ukraine an. Über Trumps Lieblingszeitung New York Post hat Jermak gleich nach seinem Rücktritt als Maßnahme zum Krisenmanagement erklärt, er fahre nun an die Front.
Aber das von Tucker erwähnte Wall Street Journal attackiert unterdessen weiterhin Witkoff. Sie zerpflücken den Friedensplan und decken dessen angeblich versteckte Agenda auf. Im Artikel des Wall Street Journal heißt es: „Als Selensky eintraf, hatte Trump am Tag zuvor bereits mit Putin telefoniert und beschlossen, keine Tomahawk-Raketen anzubieten. Witkoff drängte die ukrainischen Beamten, einen anderen Ansatz zu versuchen: Was nützen ein paar Raketen? Stattdessen forderte er die Ukraine auf, Trump um einen zehnjährigen Verzicht auf Zölle zu bitten. Dies, so Witkoff, würde die Wirtschaft ankurbeln.“
Für vernünftige Menschen klingt das alles wie ein Kompliment an Trumps Sondergesandten, für Unvernünftige hingegen ist es Futter für eine weitere erfundene Geschichte. NBC hat sie in die Welt gesetzt. Demnach sollen Vance und Rubio, die beiden aussichtsreichen Kandidaten für Trumps Nachfolge, sich angeblich über die Ukraine streiten. Beide dementieren dies.
Außenminister Marco Rubio schrieb auf X: „Diese Geschichte ist nur die jüngste in einer langen Reihe von totalen Fakenews, die behaupten, innerhalb der Trump-Regierung gäbe es eine Spaltung darüber, wie der Krieg in der Ukraine beendet werden soll. Diese Leute liegen nicht nur falsch, sie erfinden das alles.“
US-Vizepräsident J.D. Vance blies auf X ins gleiche Horn: „Die Medien lügen, um die Pläne des Präsidenten zu torpedieren, so einfach ist das.“
Doch die Versuche, den Prozess durch Spaltung der Beteiligten zu sabotieren, gehen natürlich weiter. Endlose Kriege sind schließlich äußerst lukrativ, auch Stellvertreterkriege. Karoline Leavitt, die Pressesprecherin des Weißen Hauses, stellte klar: „Unser Plan wird von Leuten kritisiert, die keine Ahnung haben, wovon sie reden, von solchen, die ihre eigenen Interessen verfolgen, oder vielleicht von solchen, die gar kein Ende der Kämpfe wollen. Sie profitieren womöglich auf die eine oder andere Weise davon.“
Und solche Leute gibt es zuhauf, sogar unter Trumps Parteigenossen. Nehmen wir Mitch McConnell. 2024 hat ihm die Ukraine für seinen Beitrag zur Stärkung ihrer Souveränität den Verdienstorden Erster Klasse verliehen. Zwar hat sich die ukrainische Souveränität seither um 6.000 Quadratkilometer verringert, doch der alternde Senator hat an Frieden in dem fremden Land kein Interesse, sondern er erklärte: „Putin hat ein ganzes Jahr lang versucht, Präsident Trump lächerlich zu machen. Wenn Regierungsbeamte mehr daran interessiert sind, Putin zu beschwichtigen, als echten Frieden zu sichern, sollte sich der Präsident neue Berater suchen.“
Welch ein glücklicher Zufall, dass Bloomberg weniger als eine Woche später einen Vorwand gefunden hat, um Witkoff loszuwerden. Bei Bloomberg-TV wurde gemeldet: „Wir wissen seit seiner ersten Reise nach Moskau, dass Witkoff Russlands Position unterstützt. Doch die geleakten Aufnahmen machen deutlich, wie freundschaftlich und eng seine Beziehung zu Putin ist. Und das schadet tatsächlich den Interessen und der nationalen Sicherheit der USA.“
Witkoff ist ein überzeugter Befürworter des Friedensabkommens. Der Zweck des Leaks war ganz klar, ihn in Trumps Augen zu diskreditieren und ihn als russischen Agenten darzustellen. Natürlich haben Journalisten Trump sofort gefragt: „Haben Sie die Aufnahme gehört, die Bloomberg hat?“
„Nein, habe ich nicht, aber ich denke, das ist normal, denn er muss der Ukraine das verkaufen und dann das ukrainische Angebot Russland verlaufen. So arbeiten Menschen, die Deals machen. Man muss sagen: ‚Hören Sie, die wollen das, Sie müssen sie überzeugen.‘ Das ist ein ganz normale Art der Verhandlungsführung“, antwortete Trump.
Wer wen von wo aus abgehört hat, erden sie wahrscheinlich noch herausbekommen. Doch hochrangige Beamter abzuhören, ist für sich schon eine Straftat, das ist entweder Spionage oder Sabotage, wie Trumps Sohn auf X andeutete: „Es ist ziemlich klar, dass fast alle Kritiker Witkoffs wollen, dass jedes Friedensabkommen mit der Ukraine scheitert, damit sie diesen Krieg endlos fortsetzen können. Es reicht!“
Das ist nichts Neues, das ist eine altbewährte Methode. Trumps erstes Amtsenthebungsverfahren 2019 basierte auf abgehörten Telefongesprächen. Während seines Telefonats mit Selensky war ein Bewohner des Washingtoner Sumpfes dabei, der in der Ukraine geborene Oberstleutnant Vindman, der den Demokraten steckte, Trump habe gedroht, die Militärhilfe für Kiew einzustellen. Und drei Jahre zuvor, ganz am Anfang seiner Amtszeit, hörten US-Geheimdienste Gespräche zwischen Trumps damaligem Nationalen Sicherheitsberater Mike Flynn und dem russischen Botschafter Sergej Kisljak ab. Flynn war weniger als einen Monat im Weißen Haus und musste zurücktreten.
Nun revanchiert sich der General öffentlich beim Tiefen Staat und schreibt auf X: „Der Oberloser Selensky und sein korruptes inneres Umfeld müssen verhaftet werden. Es muss eine gründliche Untersuchung der jahrelangen Veruntreuung, des Betrugs und des Machtmissbrauchs durchgeführt werden, und Dutzende Milliarden gestohlener Dollar müssen zurückgegeben werden.“
Man muss nur an diesem Faden ziehen. Die Spuren der in der Ukraine gestohlenen Dollar führen zu Dutzenden von Lobbyfirmen wie Yorktown Solutions, der BGR Group und Organisationen wie „Razom for Ukraine“ oder dem Ukrainischen Kongresskomitee von Amerika. Seit 2022 wurden Dutzende Millionen Dollar im Interesse des Kiewer Regimes ausgegeben. Die Zahl der Kontakte zu US-Politikern hat 13.000 überschritten.
Senator Mark Kelly, ein regelmäßiger Besucher in Kiew, ist ebenfalls ein professioneller Ukraine-Freund. Auch bei ihm heißt es „die Russen kommen“. Es war bezeichnend, wie verdächtig der ehemalige Astronaut auf dem Parteitag der Demokraten in Chicago letztes Jahr auf unsere Frage zur Zusammenarbeit im Weltraum reagierte. Er beantwortete die Frage nicht, sondern fragte mich stattdessen: „Ist das RT? Wer finanziert Ihren Kanal?“
Damals wäre Kelly beinahe Harris’ Vizepräsidentschaftskandidat geworden. Dann zog er sich eine Zeit lang zurück und ist nun in einen neuen, spektakulären Skandal verwickelt, wie MSNBC berichtet: „Das Pentagon ermittelt gegen Senator Mark Kelly, einen pensionierten Kapitän der US-Marine, wegen seiner Beteiligung an diesem Video. Es werden schwere Vorwürfe eines Fehlverhaltens geprüft.“
Der Grund dafür ist ein Video, das sechs amerikanische Abgeordnete aufgenommen haben. Kelly ist einer von ihnen. Alle sechs fordern, dass US-Soldaten den Befehlen des Oberbefehlshabers keine Folge leistet.
Das ist sogar für das gespaltene Amerika neu, das offen in einen regelrechten, nicht nur einen schleichenden Bürgerkrieg getrieben zu werden scheint. Und zwar nicht von irgendwelchen Internet-Extremisten, sondern von gewählten Abgeordneten. Und nicht auch nicht von irgendwelchen Linken, denn jeder von ihnen hat einen Hintergrund im Pentagon oder im Geheimdienst.
Kelly und seine Leute sind unzufrieden mit dem wahllosen Versenken von Booten mutmaßlicher Drogenhändler durch das Kriegsministerium vor der Küste Venezuelas – schließlich darf man nicht von der Ukraine ablenken – und mit Trumps Einsatz der Nationalgarde in den unruhigsten Städten Amerikas. Während sie vom Kongress aus die Nationalgarde zu Ungehorsam gegenüber dem Weißen Haus aufriefen, wurden nur wenige Blocks vom Weißen Haus entfernt, nahe der Metrostation Farragut West, zwei Soldaten erschossen.
Die Nationalgardisten wurden aus nächster Nähe mit einem Magnum-Revolver erschossen. Das Motiv des Täters ist weiterhin unklar. Andrew Wolfe kämpft noch immer um sein Leben, Sarah Backstrom konnten die Ärzten nicht retten. Trump selbst meldete ihren Tod: „Ich muss Ihnen leider mitteilen, dass ich soeben erfahren habe, dass Sarah Backstrom aus West Virginia, eine Nationalgardistin, gestorben ist. Und das Monster, das das getan hat, ist ebenfalls in ernstem Zustand, aber wir werden nicht über ihn sprechen.
Der Täter Rahmanullah Laqanwal, der für die CIA mit Streitkräften der Partner in der Provinz Kandahar zusammenarbeitete, verließ Afghanistan eine Woche nachdem die Fotos von der Flucht vom afghanischen Flughafen um die Welt gingen. An Bord der C-17, die Kabul verließ während sich verzweifelte Menschen sich an das Fahrwerk klammerten, waren 640 Personen anstatt der 150, für die das Schwerlasttransportflugzeug ausgelegt ist. Ziel war der amerikanische Luftwaffenstützpunkt Al Udeid in Katar. Alles so, wie von Biden angeordnet.
Und nun widerruft Trump diese Anordnung, wie CNN meldet: „Der amtierende Präsident veröffentlichte in sozialen Medien eine Erklärung, in der er behauptet, dass alle von Biden während seiner Amtszeit unterzeichneten Dokumente ungültig seien. Er behauptet außerdem, Biden sei nicht in die Verwendung des Autopen eingebunden gewesen.“
Insgesamt hat Biden in vier Jahren 162 Exekutivanordnungen unterzeichnet. Trump behauptet, 92 Prozent davon seien mithilfe des Autopen unterschrieben worden. Das ist nach US-Recht im Falle einer persönlichen Autorisierung nicht verboten.
Übrigens ist es auch nicht verboten, die Dekrete eines Vorgängers aufzuheben, selbst wenn sie dessen echte Unterschrift tragen. Daher reicht für eine Revision von Bidens Erbe schon Trumps Wunsch aus. Und das gilt auch für die Ukraine-Politik.
Ja, seit Verabschiedung der entsprechenden Gesetze sind Hunderte Milliarden an Militärhilfe aus dem US-Haushalt geflossen. Der republikanische Präsident hat keine Befugnis, diese Gelder zurückzuholen, doch die meisten der anti-russischen Beschränkungen und Sanktionen wurden durch Bidens Dekrete eingeführt. Was ist das anderes als eine Ergänzung zum Friedensplan?
Ende der Übersetzung

Teile diesen Beitrag
teilen 
teilen 
teilen 
teilen 
teilen 
E-Mail 
teilen 
AUTOR: ANTI-SPIEGEL
Thomas Röper, geboren 1971, hat als Experte für Osteuropa in Finanzdienstleistungsunternehmen in Osteuropa und Russland Vorstands- und Aufsichtsratspositionen bekleidet. Heute lebt er in seiner Wahlheimat St. Petersburg. Er lebt über 15 Jahre in Russland und spricht fließend Russisch. Die Schwerpunkte seiner medienkritischen Arbeit sind das (mediale) Russlandbild in Deutschland, Kritik an der Berichterstattung westlicher Medien im Allgemeinen und die Themen (Geo-)Politik und Wirtschaft.
Zurück
Nächster Beitrag: Admiral Dragone: Die NATO prüft Präventivschläge gegen Russland",,https://anti-spiegel.ru/2025/wie-trumps-gegner-in-den-usa-versuchen-den-friedensplan-fuer-die-ukraine-zu-sabotieren/,"Wie Trumps Gegner in den USA versuchen, den Friedensplan für die Ukraine zu sabotieren Die politische Woche in den USA war sehr reich an Ereignissen und dabei ist vieles passiert, worüber in Deutschland kaum oder gar nicht berichtet wurde. Die politische Woche in den USA
Wie Trumps Gegner in den USA versuchen, den Friedensplan für die Ukraine zu sabotieren
Die politische Woche in den USA war sehr reich an Ereignissen und dabei ist vieles passiert, worüber in Deutschland kaum oder gar nicht berichtet wurde.
von Anti-Spiegel
1. Dezember 2025 06:00 Uhr
Dieses Mal war der Bericht des USA-Korrespondenten über die politische Woche in den USA, den das russische Fernsehen am Sonntagabend in seinem wöchentlichen Nachrichtenrückblick ausgestrahlt hat, für deutsche Leser besonders interessant, weil er über vieles berichtet hat, worüber in Deutschland kaum oder gar nicht berichtet wurde. Da der Bericht diese Woche recht lang war, kommen wir ohne weitere Vorrede zur Übersetzung des russischen Berichts.
Beginn der Übersetzung:
Trumps Gegner in den USA versuchen, den Friedensplan für die Ukraine zu sabotieren
Die auf Anweisung des FBI eingeleiteten Antikorruptionsermittlungen gegen Selenskys engsten Kreis tragen Früchte. Nach Durchsuchungen der Büros und des Hausesdes Leiters der Präsidialverwaltung Andrej Jermak haben sich seine geändert. Er sollte als Leiter der ukrainischen Delegation zu Gesprächen in die USA fliegen, doch nach seinem Rücktritt ist er zu Hause geblieben.
Jermak, der eben noch einen Flug über den Atlantik geplant hatte, ist schließlich nicht einmal bis zum Dnjepr gekommen. Selenskys rechte Hand ist in den Strudel des Korruptionsskandals geraten und US-Medien wie Fox News meldeten: „Eilmeldung: Während Präsident Trump auf dem Friedensabkommen mit Russland besteht, ist in Selenskys Administration eine umfassende Personalkrise ausgebrochen. Selenskys Stabschef ist vor dem Hintergrund von Korruptionsermittlungen überraschend zurückgetreten.“
Überraschend war der Nebel über der ukrainischen Präsidialverwaltung, als die Ermittler am Morgen nach Thanksgiving die Büros von Jermak stürmten und durchsuchten
Es ist fast vergessen, aber Trump hatte den 27. November für Kiew als Deadline zur Annahme seines Friedensplans gesetzt. Anders als den Truthahn im Weißen Haus hat der US-Präsident die Ukrainer also nicht begnadigt.
Die Truthähne werden vor ihrer Begnadigung extra ein Jahr lang auf einer Farm in North Carolina gemästet. Dasselbe gilt für Selenskys Gefolge. Um das anti-russische Projekt voranzutreiben, durften sie unter Biden auf dem amerikanischen Bauernhof so viel fressen, wie sie hinunterschlucken konnten, weshalb die Kongressabgeordnete Anna Paulina Luna aus Florida die Meldungen aus Kiew in sozialen Netzwerken so kommentierte: „Tja, jetzt versteht ihr, warum wir die Geldflüsse in die Ukraine hätten überprüfen müssen? Korruption.“
Die Kongressabgeordnete stellt eine Frage, deren Antwort dank eines bisher nutzlosen Instruments namens NABU seit zehn Jahren in den Taschen derer verstaubt, die die Ukraine-Politik in Washington gestalten. Erst unter Trump hat man es entdeckt und eingesetzt. Und zwar so sehr, dass die Fetzen in alle Richtungen fliegen.
PBS-News-Korrespondent Jack Hewson erklärte den Amerikanern, was in in Kiew passierte: „Jermak war der Leiter der ukrainischen Präsidialverwaltung und im Grunde die zweitmächtigste Person im Land. Nach der Wahl nutzte Selensky seine Autorität, um die Macht rund um ihn herum zu zentralisieren, und Jermak spielte dabei eine sehr große Rolle. Während Selensky das Gesicht der Regierung war, war Jermak ihr Gehirn.“
Die USA haben die Operation zur Amputation des durch übermäßigen Ehrgeiz geschädigten Gehirn bis zur letzten Minute hinausgezögert. Man entschied sich dazu, als man erkannte, dass dieses Gehirn eine wirklich ungenießbare Suppe kochte, die Jermak seinen eigenen Gönnern zu servieren versuchte, wie Axios berichtete: „Zwei ukrainische Beamte gaben an, dass Jermaks Rücktritt einen Tag vor seiner geplanten Reise nach Miami erfolgte, wo er mit dem Team von Präsident Trump über einen Friedensplan verhandeln sollte.“
Noch zwei Tage zuvor hatte Jermak hocherfreut über seine Ernennung zum Leiter des Verhandlungsteams sogar ein Interview mit sich selbst aufgenommen, indem er Journalisten des Magazins „The Atlantic“ anrief und ihnen seine selbstverliebten Thesen in die Feder diktierte. Die Reduzierung von Trumps Friedensplan von 28 auf 22 oder auch 19 Punkte in Genf sei, so behauptete er, sein, also Jermaks, Erfolg. Gleiches gelte für die von ihm in Selenskys Kopf gepflanzte Vorstellung eines Krieges um den letzten Quadratzentimeter – und natürlich bis zum letzten Ukrainer.
In dem Interview erklärte Jermak: „Solange Selensky Präsident ist, sollte niemand erwarten, dass wir Gebiete abtreten. Er wird kein Abkommen zur Abtretung von Gebieten unterzeichnen. Alles, worüber wir realistischerweise sprechen können, ist die Festlegung der Kontaktlinie. Das ist es, was wir müssen tun müssen.“
Mit anderen Worten: Er ist sich selbst auf den Schwanz getreten und ist zu einem Hindernis für den Verhandlungsprozess und für die Fortschritte geworden, von denen Trump bei seiner Erklärung zu dem Plan gesprochen hatte. Da wurde Trump vom Journalisten gefragt: „Finden Sie nicht, dass die Ukraine zu viel Land an Russland zurückgeben soll?“
„Sehen Sie es sich an. Die Front bewegt sich in eine Richtung. Letztendlich sind das Gebiete, die Russland in den nächsten Monaten in jedem Fall bekommen kann.“
Ali Baba, wie Jermak von der Gruppe Kiewer Banditen, die er angeführt hat, genannt wurde, hätte der Banditenformel „Stirb du heute, und ich sterbe morgen“ vielleicht zugestimmt, aber er wurde nicht mehr gefragt. Er wurde durch den deutlich unterwürfigeren Rustem Umerow ersetzt, der zu Jermaks Nachfolger als Chef des Verhandlungsteams ernannt wurde, das in die USA reist, wie Bloomberg berichtete: „Die Gruppe, zu der neben dem Sekretär des ukrainischen Nationalen Sicherheits- und Verteidigungsrates Rustem Umerow auch der Erste Stellvertretende Außenminister Sergej Kislitsa gehört, wird sich voraussichtlich in Florida mit dem US-Präsidentengesandten Steve Witkoff und Trumps Schwiegersohn Jared Kushner treffen, so eine Quelle, die anonym bleiben wollte.“
Sie treffen sich in Florida statt, das Umerow nicht fremd ist. Seit dem Sommer kursieren Gerüchte, er habe die US-amerikanische Staatsbürgerschaft. Seine Familie lebt in Wohnungen und Villen in Miami. Das sind gleich mehrere Argumente dafür, beispielsweise die aus Trumps Plans „herausgefallenen“ Bestimmungen über die ukrainischen Grenzen wieder in den Plan aufzunehmen: Villen im Tausch gegen Gebiete, sonst sind die Villen weg.
George Beebe, ehemaliger Leiter der Russland-Analyse bei der CIA, erklärte dazu: „Wir sind auf dem Weg zum Zusammenbruch der Ukraine. Es ist sehr schwer vorherzusagen, wann das passieren wird. Aber wahrscheinlich bleibt weniger als ein Jahr, wenn keine Einigung erzielt wird. Andernfalls haben wir die Chance, mit den Russen einen tieferen Dialog über die europäische Sicherheit zu führen. Doch ohne diplomatische Lösung wird die Ukraine eher einem Staat wie dem heutigen Libyen ähneln als beispielsweise Westdeutschland während des Kalten Krieges.“
Der ehemalige CIA-Agent Graham Fuller kommentierte: „Selensky ist in einer schrecklichen Lage, er hat in diesem Spiel keine Trümpfe. Wenn Trump sagt: ‚Stoppe den Konflikt‘, dann muss er ihn stoppen. Ich frage mich nur, wann Trump sagen wird: ‚Zum Teufel mit der EU‘ oder ‚Zum Teufel mit der Selensky‘. Immerhin entscheiden wir. Das sind unsere Waffen. Das ist unser Geld. Ich glaube, Trump fängt an, hart durchzugreifen. Die Trümpfe hat alle er in der Hand.“
Er würde noch härter spielen, wenn da nicht ein paar Betrüger am selben Tisch säßen, die ihre gezinkten Karten verstecken. Tucker Carlson schrieb auf X: „Seit einigen Monaten hält das Wall Street Journal einen Artikel zurück, in dem die Korruption von Andrej Jermak detailliert beschrieben wird. Jermak hat Hunderte Millionen Dollar amerikanischer Steuergelder veruntreut, die für die Ukraine-Hilfe bestimmt waren. Die Redakteure des Magazins könnten das beweisen, tun es aber nicht. Stattdessen verteidigen sie Jermak. Warum? Weil Jermak die ukrainischen Bemühungen anführt, Trumps Friedensplan für Osteuropa zu untergraben. Die Eigentümer des Wall Street Journal wollen keinen Frieden mit Russland, sie wollen Krieg“
Das Blatt gehört Rupert Murdoch, mit dem Trump seit Langem im Streit ist. Der Medienmogul greift die US-Regierung regelmäßig wegen ihrer Friedensbemühungen in der Ukraine an. Über Trumps Lieblingszeitung New York Post hat Jermak gleich nach seinem Rücktritt als Maßnahme zum Krisenmanagement erklärt, er fahre nun an die Front.
Aber das von Tucker erwähnte Wall Street Journal attackiert unterdessen weiterhin Witkoff. Sie zerpflücken den Friedensplan und decken dessen angeblich versteckte Agenda auf. Im Artikel des Wall Street Journal heißt es: „Als Selensky eintraf, hatte Trump am Tag zuvor bereits mit Putin telefoniert und beschlossen, keine Tomahawk-Raketen anzubieten. Witkoff drängte die ukrainischen Beamten, einen anderen Ansatz zu versuchen: Was nützen ein paar Raketen? Stattdessen forderte er die Ukraine auf, Trump um einen zehnjährigen Verzicht auf Zölle zu bitten. Dies, so Witkoff, würde die Wirtschaft ankurbeln.“
Für vernünftige Menschen klingt das alles wie ein Kompliment an Trumps Sondergesandten, für Unvernünftige hingegen ist es Futter für eine weitere erfundene Geschichte. NBC hat sie in die Welt gesetzt. Demnach sollen Vance und Rubio, die beiden aussichtsreichen Kandidaten für Trumps Nachfolge, sich angeblich über die Ukraine streiten. Beide dementieren dies.
Außenminister Marco Rubio schrieb auf X: „Diese Geschichte ist nur die jüngste in einer langen Reihe von totalen Fakenews, die behaupten, innerhalb der Trump-Regierung gäbe es eine Spaltung darüber, wie der Krieg in der Ukraine beendet werden soll. Diese Leute liegen nicht nur falsch, sie erfinden das alles.“
US-Vizepräsident J.D. Vance blies auf X ins gleiche Horn: „Die Medien lügen, um die Pläne des Präsidenten zu torpedieren, so einfach ist das.“
Doch die Versuche, den Prozess durch Spaltung der Beteiligten zu sabotieren, gehen natürlich weiter. Endlose Kriege sind schließlich äußerst lukrativ, auch Stellvertreterkriege. Karoline Leavitt, die Pressesprecherin des Weißen Hauses, stellte klar: „Unser Plan wird von Leuten kritisiert, die keine Ahnung haben, wovon sie reden, von solchen, die ihre eigenen Interessen verfolgen, oder vielleicht von solchen, die gar kein Ende der Kämpfe wollen. Sie profitieren womöglich auf die eine oder andere Weise davon.“
Und solche Leute gibt es zuhauf, sogar unter Trumps Parteigenossen. Nehmen wir Mitch McConnell. 2024 hat ihm die Ukraine für seinen Beitrag zur Stärkung ihrer Souveränität den Verdienstorden Erster Klasse verliehen. Zwar hat sich die ukrainische Souveränität seither um 6.000 Quadratkilometer verringert, doch der alternde Senator hat an Frieden in dem fremden Land kein Interesse, sondern er erklärte: „Putin hat ein ganzes Jahr lang versucht, Präsident Trump lächerlich zu machen. Wenn Regierungsbeamte mehr daran interessiert sind, Putin zu beschwichtigen, als echten Frieden zu sichern, sollte sich der Präsident neue Berater suchen.“
Welch ein glücklicher Zufall, dass Bloomberg weniger als eine Woche später einen Vorwand gefunden hat, um Witkoff loszuwerden. Bei Bloomberg-TV wurde gemeldet: „Wir wissen seit seiner ersten Reise nach Moskau, dass Witkoff Russlands Position unterstützt. Doch die geleakten Aufnahmen machen deutlich, wie freundschaftlich und eng seine Beziehung zu Putin ist. Und das schadet tatsächlich den Interessen und der nationalen Sicherheit der USA.“
Witkoff ist ein überzeugter Befürworter des Friedensabkommens. Der Zweck des Leaks war ganz klar, ihn in Trumps Augen zu diskreditieren und ihn als russischen Agenten darzustellen. Natürlich haben Journalisten Trump sofort gefragt: „Haben Sie die Aufnahme gehört, die Bloomberg hat?“
„Nein, habe ich nicht, aber ich denke, das ist normal, denn er muss der Ukraine das verkaufen und dann das ukrainische Angebot Russland verlaufen. So arbeiten Menschen, die Deals machen. Man muss sagen: ‚Hören Sie, die wollen das, Sie müssen sie überzeugen.‘ Das ist ein ganz normale Art der Verhandlungsführung“, antwortete Trump.
Wer wen von wo aus abgehört hat, erden sie wahrscheinlich noch herausbekommen. Doch hochrangige Beamter abzuhören, ist für sich schon eine Straftat, das ist entweder Spionage oder Sabotage, wie Trumps Sohn auf X andeutete: „Es ist ziemlich klar, dass fast alle Kritiker Witkoffs wollen, dass jedes Friedensabkommen mit der Ukraine scheitert, damit sie diesen Krieg endlos fortsetzen können. Es reicht!“
Das ist nichts Neues, das ist eine altbewährte Methode. Trumps erstes Amtsenthebungsverfahren 2019 basierte auf abgehörten Telefongesprächen. Während seines Telefonats mit Selensky war ein Bewohner des Washingtoner Sumpfes dabei, der in der Ukraine geborene Oberstleutnant Vindman, der den Demokraten steckte, Trump habe gedroht, die Militärhilfe für Kiew einzustellen. Und drei Jahre zuvor, ganz am Anfang seiner Amtszeit, hörten US-Geheimdienste Gespräche zwischen Trumps damaligem Nationalen Sicherheitsberater Mike Flynn und dem russischen Botschafter Sergej Kisljak ab. Flynn war weniger als einen Monat im Weißen Haus und musste zurücktreten.
Nun revanchiert sich der General öffentlich beim Tiefen Staat und schreibt auf X: „Der Oberloser Selensky und sein korruptes inneres Umfeld müssen verhaftet werden. Es muss eine gründliche Untersuchung der jahrelangen Veruntreuung, des Betrugs und des Machtmissbrauchs durchgeführt werden, und Dutzende Milliarden gestohlener Dollar müssen zurückgegeben werden.“
Man muss nur an diesem Faden ziehen. Die Spuren der in der Ukraine gestohlenen Dollar führen zu Dutzenden von Lobbyfirmen wie Yorktown Solutions, der BGR Group und Organisationen wie „Razom for Ukraine“ oder dem Ukrainischen Kongresskomitee von Amerika. Seit 2022 wurden Dutzende Millionen Dollar im Interesse des Kiewer Regimes ausgegeben. Die Zahl der Kontakte zu US-Politikern hat 13.000 überschritten.
Senator Mark Kelly, ein regelmäßiger Besucher in Kiew, ist ebenfalls ein professioneller Ukraine-Freund. Auch bei ihm heißt es „die Russen kommen“. Es war bezeichnend, wie verdächtig der ehemalige Astronaut auf dem Parteitag der Demokraten in Chicago letztes Jahr auf unsere Frage zur Zusammenarbeit im Weltraum reagierte. Er beantwortete die Frage nicht, sondern fragte mich stattdessen: „Ist das RT? Wer finanziert Ihren Kanal?“
Damals wäre Kelly beinahe Harris’ Vizepräsidentschaftskandidat geworden. Dann zog er sich eine Zeit lang zurück und ist nun in einen neuen, spektakulären Skandal verwickelt, wie MSNBC berichtet: „Das Pentagon ermittelt gegen Senator Mark Kelly, einen pensionierten Kapitän der US-Marine, wegen seiner Beteiligung an diesem Video. Es werden schwere Vorwürfe eines Fehlverhaltens geprüft.“
Der Grund dafür ist ein Video, das sechs amerikanische Abgeordnete aufgenommen haben. Kelly ist einer von ihnen. Alle sechs fordern, dass US-Soldaten den Befehlen des Oberbefehlshabers keine Folge leistet.
Das ist sogar für das gespaltene Amerika neu, das offen in einen regelrechten, nicht nur einen schleichenden Bürgerkrieg getrieben zu werden scheint. Und zwar nicht von irgendwelchen Internet-Extremisten, sondern von gewählten Abgeordneten. Und nicht auch nicht von irgendwelchen Linken, denn jeder von ihnen hat einen Hintergrund im Pentagon oder im Geheimdienst.
Kelly und seine Leute sind unzufrieden mit dem wahllosen Versenken von Booten mutmaßlicher Drogenhändler durch das Kriegsministerium vor der Küste Venezuelas – schließlich darf man nicht von der Ukraine ablenken – und mit Trumps Einsatz der Nationalgarde in den unruhigsten Städten Amerikas. Während sie vom Kongress aus die Nationalgarde zu Ungehorsam gegenüber dem Weißen Haus aufriefen, wurden nur wenige Blocks vom Weißen Haus entfernt, nahe der Metrostation Farragut West, zwei Soldaten erschossen.
Die Nationalgardisten wurden aus nächster Nähe mit einem Magnum-Revolver erschossen. Das Motiv des Täters ist weiterhin unklar. Andrew Wolfe kämpft noch immer um sein Leben, Sarah Backstrom konnten die Ärzten nicht retten. Trump selbst meldete ihren Tod: „Ich muss Ihnen leider mitteilen, dass ich soeben erfahren habe, dass Sarah Backstrom aus West Virginia, eine Nationalgardistin, gestorben ist. Und das Monster, das das getan hat, ist ebenfalls in ernstem Zustand, aber wir werden nicht über ihn sprechen.
Der Täter Rahmanullah Laqanwal, der für die CIA mit Streitkräften der Partner in der Provinz Kandahar zusammenarbeitete, verließ Afghanistan eine Woche nachdem die Fotos von der Flucht vom afghanischen Flughafen um die Welt gingen. An Bord der C-17, die Kabul verließ während sich verzweifelte Menschen sich an das Fahrwerk klammerten, waren 640 Personen anstatt der 150, für die das Schwerlasttransportflugzeug ausgelegt ist. Ziel war der amerikanische Luftwaffenstützpunkt Al Udeid in Katar. Alles so, wie von Biden angeordnet.
Und nun widerruft Trump diese Anordnung, wie CNN meldet: „Der amtierende Präsident veröffentlichte in sozialen Medien eine Erklärung, in der er behauptet, dass alle von Biden während seiner Amtszeit unterzeichneten Dokumente ungültig seien. Er behauptet außerdem, Biden sei nicht in die Verwendung des Autopen eingebunden gewesen.“
Insgesamt hat Biden in vier Jahren 162 Exekutivanordnungen unterzeichnet. Trump behauptet, 92 Prozent davon seien mithilfe des Autopen unterschrieben worden. Das ist nach US-Recht im Falle einer persönlichen Autorisierung nicht verboten.
Übrigens ist es auch nicht verboten, die Dekrete eines Vorgängers aufzuheben, selbst wenn sie dessen echte Unterschrift tragen. Daher reicht für eine Revision von Bidens Erbe schon Trumps Wunsch aus. Und das gilt auch für die Ukraine-Politik.
Ja, seit Verabschiedung der entsprechenden Gesetze sind Hunderte Milliarden an Militärhilfe aus dem US-Haushalt geflossen. Der republikanische Präsident hat keine Befugnis, diese Gelder zurückzuholen, doch die meisten der anti-russischen Beschränkungen und Sanktionen wurden durch Bidens Dekrete eingeführt. Was ist das anderes als eine Ergänzung zum Friedensplan?
Ende der Übersetzung

Teile diesen Beitrag
teilen 
teilen 
teilen 
teilen 
teilen 
E-Mail 
teilen 
AUTOR: ANTI-SPIEGEL
Thomas Röper, geboren 1971, hat als Experte für Osteuropa in Finanzdienstleistungsunternehmen in Osteuropa und Russland Vorstands- und Aufsichtsratspositionen bekleidet. Heute lebt er in seiner Wahlheimat St. Petersburg. Er lebt über 15 Jahre in Russland und spricht fließend Russisch. Die Schwerpunkte seiner medienkritischen Arbeit sind das (mediale) Russlandbild in Deutschland, Kritik an der Berichterstattung westlicher Medien im Allgemeinen und die Themen (Geo-)Politik und Wirtschaft.
Zurück
Nächster Beitrag: Admiral Dragone: Die NATO prüft Präventivschläge gegen Russland"
2025-12-01,"Die USA, China und Russland lassen Europa in den wichtigen Fragen außen vor","Trumps Friedensplan und sein Umgang mit der EU zeigen, dass die USA die EU nicht mehr allzu ernst nehmen. Gleiches gilt für China, und US-Medien schreiben, die EU befürchte, dass ""die USA, China und Russland Europa"" in der Zukunft ""abhängen werden"". Und, ""dass dieser Moment gekommen ist"".","Panik in der EU
Die USA, China und Russland lassen Europa in den wichtigen Fragen außen vor
Trumps Friedensplan und sein Umgang mit der EU zeigen, dass die USA die EU nicht mehr allzu ernst nehmen. Gleiches gilt für China, und US-Medien schreiben, die EU befürchte, dass ""die USA, China und Russland Europa"" in der Zukunft ""abhängen werden"". Und, ""dass dieser Moment gekommen ist"".
von Anti-Spiegel
1. Dezember 2025 04:42 Uhr
Die Folgen der politischen und wirtschaftlichen Bedeutungslosigkeit, in die sich die EU mit ihrer bedingungslosen vasallentreue zu Politik der Biden-Regierung gebracht hat, werden immer deutlicher. Da sind Trumps Friedensplan, von dem die Europäer aus den Medien erfahren haben, oder Chinas Umgang mit Vertretern der EU und Russlands offene Erklärungen, mit der EU zu reden, mache keinen Sinn, die zeigen, dass die EU und ihre Mitgliedsstaaten international kaum mehr ernst genommen werden.
Das war Thema eines Kommentars im wöchentlichen Nachrichtenrückblick des russischen Fernsehens, den ich übersetzt habe.
Beginn der Übersetzung:
Die EU-Staaten befürchten, im ukrainischen Friedensprozess außen vor zu bleiben
Putins Äußerungen in Bischkek zu einer Friedensregelung spielen weiterhin eine wichtige Rolle in der Weltpolitik, schließlich sind allzu viele unterschiedliche Interessen miteinander verflochten. Der ungarische Ministerpräsident Viktor Orban traf am Freitag zu vierstündigen Verhandlungen in Moskau ein. Nächste Woche wird eine amerikanische Delegation erwartet. Orbans Besuch in Russland, inmitten der Diskussionen um Trumps Friedensplan und kurz vor der Ankunft der amerikanischen Delegation in Moskau, hat in Europa erneut Panik ausgelöst.
Bundeskanzler Merz stellte klar, dass Budapest Europa in dem aktuellen Konflikt, anders als Berlin, nicht repräsentiert: „Orban handelt ohne europäisches Mandat und ohne uns zu konsultieren, und das ist nichts Neues. Er hat seine eigenen Vorstellungen davon, wie der Krieg enden soll.“
Auch der polnische Ministerpräsident Tusk meldete sich zu Wort und erklärte unmissverständlich, die NATO sei „gegründet worden, um den Westen vor der sowjetischen Aggression, also vor Russland, zu schützen.“ Und er warf dem ungarischen Ministerpräsidenten vor, seine eigenen Interessen zu verfolgen.
Orban, der von Moskau direkt zu einer Antikriegskundgebung in Ungarn fuhr, entgegnete umgehend, es liege im Interesse ganz Europas, die aktuelle Lage an der Front zu erkennen und zu akzeptieren. Doch dazu seien die derzeitigen Staats- und Regierungschefs der EU nicht in der Lage: „Einzugestehen, dass dieser Krieg verloren ist und wir ihn nicht fortsetzen werden, würde ein fundamentales Erdbeben und einen Wandel in der europäischen Politik auslösen. Und sie sind noch nicht an dem Punkt angelangt, an dem sie dazu gezwungen sein werden, das anzuerkennen.“
Die Reaktionen von Politikern und westlichen Medien auf Trumps viel besprochenen Plan reichen von einem relativ zurückhaltenden „Da ist etwas dran“ bis zu einem nervösen „Alles ist verloren“. Es gibt zahlreiche Artikel, aber nur wenige konkrete Details. Und vor allem: Was denkt Moskau? Deshalb wurde Putins Pressekonferenz live übertragen und es folgten detaillierte Analysen.
Über diese Passage wurde am häufigsten zitiert. Putin sagte: „Insgesamt sind wir einverstanden, dass das die Grundlage für künftige Abkommen bilden kann, aber einige Dinge haben prinzipiellen Charakter. Die ukrainischen Truppen ziehen sich aus den besetzten Gebieten zurück, und dann hören die Kämpfe auf. Wenn sie sich nicht zurückziehen, wir werden das mit Waffengewalt erreichen.“
Das wurde in alle wichtigen Sprachen übersetzt.
In Europa verloren viele sofort den Mut, als ob die Realität vor Ort irgendeine Hoffnung auf etwas anderes böte.
Die polnische Zeitung Gazeta Wyborcza titelte „Trump hat nicht verraten“ und hofft für sich und Kiew auf das Beste. Der Daily Telegraph hingegen verkündete unter Berufung auf ungenannte Quellen, der amerikanische Präsident sei angeblich bereits bereit, zentralen russischen Forderungen zuzustimmen und Russlands Kontrolle über die Krim und den Donbass anzuerkennen, um das Abkommen zu besiegeln. Laut dem Telegraph sendet Washington damit angeblich eine Botschaft an die europäischen Verbündeten der Ukraine: „Uns ist es egal, macht, was ihr wollt.“
Putin sprach ausführlich darüber, wie eine Anerkennung der Gebiete aussehen sollte: „Natürlich wollen wir mit der Ukraine letztendlich eine Einigung erzielen, aber im Moment ist das schlichtweg unmöglich, rechtlich unmöglich. Die, die können und wollen, sollen verhandeln. Wir brauchen die internationale Anerkennung unserer Entscheidungen durch die wichtigsten internationalen Akteure, das ist alles. Und das ist wichtig, denn es ist das Eine, Entscheidungen anzuerkennen, und etwas Anderes, sagen wir, bestimmte Gebiete als unter russischer Souveränität stehend anzuerkennen. Ein Verstoß gegen die Abkommen wäre dann ein Angriff auf die Russische Föderation mit allen daraus resultierenden Vergeltungsmaßnahmen Russlands. Oder es würde als Versuch wahrgenommen werden, rechtmäßig zur Ukraine gehörendes Gebiet zurückzuerobern. Das sind unterschiedliche Dinge, daher brauchen wir natürlich die Anerkennung. Aber nicht von der Ukraine heute.“
Kiews Handlungsspielraum schrumpft täglich, wie US-Botschafter bei der NATO Matthew Whitaker anmerkte: „Russland hat derzeit sicherlich die stärkere Position. Letztendlich werden wir, sofern Europa und die USA ihren Kurs nicht ändern, Friedensgespräche auf der Grundlage der aktuellen Realitäten führen.“
Die Gegner des Abkommens griffen zu einer beispiellosen Provokation. Bloomberg veröffentlichte das angebliche Transkript eines fünfminütigen vertraulichen Telefongesprächs zwischen dem russischen Präsidentenberater Juri Uschakow und dem US-Präsidentengesandten Steve Witkoff. Das wurde umgehend für einen medialen Angriff auf den amerikanischen Verhandlungsführer genutzt.
Eine weitere Desinformationskampagne beinhaltete eklatante Verzerrungen von Putins Aussagen. So verwendeten sowohl der amerikanische Sender ABC als auch die britischen Zeitungen „The Daily Telegraph“ und „The Daily Mail“ in ihren Schlagzeilen dieselbe Formulierung und suggerierten damit, Russland wolle bis zum letzten Ukrainer kämpfen. Kein Wort darüber, was Putin tatsächlich über den Konflikt zwischen zwei Lagern im Westen sagte, einem, das die vollständige Zerstörung der ukrainischen Streitkräfte und sogar die Staatlichkeit der Ukraine versteht, und einem anderen, dem dies gleichgültig ist.
Tatsächlich sagte Putin: „Diejenigen im Westen, die die potenziellen Konsequenzen verstehen, drängen auf ein schnellstmögliches Ende der Kämpfe. Andere hingegen, die glauben, Kupjansk sei bereits wieder unter der Kontrolle der ukrainischen Streitkräfte, bestehen darauf, die Kämpfe fortzusetzen, bis der letzte Ukrainer gefallen ist. Das ist der Unterschied in den Herangehensweisen. Und diejenigen, die Herrn Witkoff angreifen, vertreten die andere Sichtweise, sie wollen mit dem ukrainischen Establishment Geld klauen und den Kampf bis der letzte Ukrainer fortzusetzen.“
Europa steht hier in der ersten Reihe. Es versuchte eilig, einen eigenen Alternativplan zu entwerfen, um den Friedensprozess zu torpedieren, was bei EU-Ratspräsident António Costa so klang: „Unser Friedensplan begann am 24. Oktober 2022, als wir hier in Brüssel beschlossen, die Ukraine umfassend zu unterstützen – diplomatisch, wirtschaftlich und später auch militärisch.“
Letztendlich sah sich Europa jedoch gezwungen, seinen Ton zu ändern und zumindest öffentliche Kritik an Trump zu vermeiden, was EU-Kommissionspräsidentin Ursula von der Leyen so formulierte: „Wir begrüßen die Bemühungen von Präsident Trump. Ich glaube, dass wir dank der Arbeit der Ukraine, der USA und von uns Europäern in den vergangenen Tagen in Genf nun einen Ausgangspunkt haben.“
Washington hat es jedoch nicht eilig, Brüssel in die Verhandlungen einzubeziehen. Die Minimierung der Teilnehmerzahl am Friedensprozess ist ebenfalls Teil von Trumps Plan, wie der neue Sondergesandte Driscoll den europäischen Botschaftern in Kiew am Vortag ausdrücklich mitteilte. Die anfängliche, äußerst negative Reaktion der EU auf Trumps Plan ist ebenfalls nicht vergessen.
US-Außenminister Marco Rubio weigert sich nun, am NATO-Außenministertreffen am 3. Dezember in Belgien teilzunehmen, wird aber seinen Stellvertreter entsenden.
Das amerikanische Wall Street Journal erkennt eine Tendenz: „Im zunehmenden Wettbewerb der Großmächte hat Europa Mühe, mitzuhalten. Die Staats- und Regierungschefs des Kontinents befürchten seit Langem, dass die USA, China und Russland – mit ihrer wirtschaftlichen, technologischen und militärischen Dominanz – Europa abhängen werden. Nun befürchten die Verantwortlichen, dass dieser Moment gekommen ist.“
Vor diesem Hintergrund hat der französische Präsident Macron Selensky kurzfristig für morgen nach Paris eingeladen. Die Koalition der Willigen fürchtet vor allem, dass außen vor bleibt.
Ende der Übersetzung

Teile diesen Beitrag
teilen 
teilen 
teilen 
teilen 
teilen 
E-Mail 
teilen 
AUTOR: ANTI-SPIEGEL
Thomas Röper, geboren 1971, hat als Experte für Osteuropa in Finanzdienstleistungsunternehmen in Osteuropa und Russland Vorstands- und Aufsichtsratspositionen bekleidet. Heute lebt er in seiner Wahlheimat St. Petersburg. Er lebt über 15 Jahre in Russland und spricht fließend Russisch. Die Schwerpunkte seiner medienkritischen Arbeit sind das (mediale) Russlandbild in Deutschland, Kritik an der Berichterstattung westlicher Medien im Allgemeinen und die Themen (Geo-)Politik und Wirtschaft.
Zurück
Nächster Beitrag: Wie Sandu in Moldawien ihre Macht festigen will",,https://anti-spiegel.ru/2025/die-usa-china-und-russland-lassen-europa-in-den-wichtigen-fragen-aussen-vor/,"Die USA, China und Russland lassen Europa in den wichtigen Fragen außen vor Trumps Friedensplan und sein Umgang mit der EU zeigen, dass die USA die EU nicht mehr allzu ernst nehmen. Gleiches gilt für China, und US-Medien schreiben, die EU befürchte, dass ""die USA, China und Russland Europa"" in der Zukunft ""abhängen werden"". Und, ""dass dieser Moment gekommen ist"". Panik in der EU
Die USA, China und Russland lassen Europa in den wichtigen Fragen außen vor
Trumps Friedensplan und sein Umgang mit der EU zeigen, dass die USA die EU nicht mehr allzu ernst nehmen. Gleiches gilt für China, und US-Medien schreiben, die EU befürchte, dass ""die USA, China und Russland Europa"" in der Zukunft ""abhängen werden"". Und, ""dass dieser Moment gekommen ist"".
von Anti-Spiegel
1. Dezember 2025 04:42 Uhr
Die Folgen der politischen und wirtschaftlichen Bedeutungslosigkeit, in die sich die EU mit ihrer bedingungslosen vasallentreue zu Politik der Biden-Regierung gebracht hat, werden immer deutlicher. Da sind Trumps Friedensplan, von dem die Europäer aus den Medien erfahren haben, oder Chinas Umgang mit Vertretern der EU und Russlands offene Erklärungen, mit der EU zu reden, mache keinen Sinn, die zeigen, dass die EU und ihre Mitgliedsstaaten international kaum mehr ernst genommen werden.
Das war Thema eines Kommentars im wöchentlichen Nachrichtenrückblick des russischen Fernsehens, den ich übersetzt habe.
Beginn der Übersetzung:
Die EU-Staaten befürchten, im ukrainischen Friedensprozess außen vor zu bleiben
Putins Äußerungen in Bischkek zu einer Friedensregelung spielen weiterhin eine wichtige Rolle in der Weltpolitik, schließlich sind allzu viele unterschiedliche Interessen miteinander verflochten. Der ungarische Ministerpräsident Viktor Orban traf am Freitag zu vierstündigen Verhandlungen in Moskau ein. Nächste Woche wird eine amerikanische Delegation erwartet. Orbans Besuch in Russland, inmitten der Diskussionen um Trumps Friedensplan und kurz vor der Ankunft der amerikanischen Delegation in Moskau, hat in Europa erneut Panik ausgelöst.
Bundeskanzler Merz stellte klar, dass Budapest Europa in dem aktuellen Konflikt, anders als Berlin, nicht repräsentiert: „Orban handelt ohne europäisches Mandat und ohne uns zu konsultieren, und das ist nichts Neues. Er hat seine eigenen Vorstellungen davon, wie der Krieg enden soll.“
Auch der polnische Ministerpräsident Tusk meldete sich zu Wort und erklärte unmissverständlich, die NATO sei „gegründet worden, um den Westen vor der sowjetischen Aggression, also vor Russland, zu schützen.“ Und er warf dem ungarischen Ministerpräsidenten vor, seine eigenen Interessen zu verfolgen.
Orban, der von Moskau direkt zu einer Antikriegskundgebung in Ungarn fuhr, entgegnete umgehend, es liege im Interesse ganz Europas, die aktuelle Lage an der Front zu erkennen und zu akzeptieren. Doch dazu seien die derzeitigen Staats- und Regierungschefs der EU nicht in der Lage: „Einzugestehen, dass dieser Krieg verloren ist und wir ihn nicht fortsetzen werden, würde ein fundamentales Erdbeben und einen Wandel in der europäischen Politik auslösen. Und sie sind noch nicht an dem Punkt angelangt, an dem sie dazu gezwungen sein werden, das anzuerkennen.“
Die Reaktionen von Politikern und westlichen Medien auf Trumps viel besprochenen Plan reichen von einem relativ zurückhaltenden „Da ist etwas dran“ bis zu einem nervösen „Alles ist verloren“. Es gibt zahlreiche Artikel, aber nur wenige konkrete Details. Und vor allem: Was denkt Moskau? Deshalb wurde Putins Pressekonferenz live übertragen und es folgten detaillierte Analysen.
Über diese Passage wurde am häufigsten zitiert. Putin sagte: „Insgesamt sind wir einverstanden, dass das die Grundlage für künftige Abkommen bilden kann, aber einige Dinge haben prinzipiellen Charakter. Die ukrainischen Truppen ziehen sich aus den besetzten Gebieten zurück, und dann hören die Kämpfe auf. Wenn sie sich nicht zurückziehen, wir werden das mit Waffengewalt erreichen.“
Das wurde in alle wichtigen Sprachen übersetzt.
In Europa verloren viele sofort den Mut, als ob die Realität vor Ort irgendeine Hoffnung auf etwas anderes böte.
Die polnische Zeitung Gazeta Wyborcza titelte „Trump hat nicht verraten“ und hofft für sich und Kiew auf das Beste. Der Daily Telegraph hingegen verkündete unter Berufung auf ungenannte Quellen, der amerikanische Präsident sei angeblich bereits bereit, zentralen russischen Forderungen zuzustimmen und Russlands Kontrolle über die Krim und den Donbass anzuerkennen, um das Abkommen zu besiegeln. Laut dem Telegraph sendet Washington damit angeblich eine Botschaft an die europäischen Verbündeten der Ukraine: „Uns ist es egal, macht, was ihr wollt.“
Putin sprach ausführlich darüber, wie eine Anerkennung der Gebiete aussehen sollte: „Natürlich wollen wir mit der Ukraine letztendlich eine Einigung erzielen, aber im Moment ist das schlichtweg unmöglich, rechtlich unmöglich. Die, die können und wollen, sollen verhandeln. Wir brauchen die internationale Anerkennung unserer Entscheidungen durch die wichtigsten internationalen Akteure, das ist alles. Und das ist wichtig, denn es ist das Eine, Entscheidungen anzuerkennen, und etwas Anderes, sagen wir, bestimmte Gebiete als unter russischer Souveränität stehend anzuerkennen. Ein Verstoß gegen die Abkommen wäre dann ein Angriff auf die Russische Föderation mit allen daraus resultierenden Vergeltungsmaßnahmen Russlands. Oder es würde als Versuch wahrgenommen werden, rechtmäßig zur Ukraine gehörendes Gebiet zurückzuerobern. Das sind unterschiedliche Dinge, daher brauchen wir natürlich die Anerkennung. Aber nicht von der Ukraine heute.“
Kiews Handlungsspielraum schrumpft täglich, wie US-Botschafter bei der NATO Matthew Whitaker anmerkte: „Russland hat derzeit sicherlich die stärkere Position. Letztendlich werden wir, sofern Europa und die USA ihren Kurs nicht ändern, Friedensgespräche auf der Grundlage der aktuellen Realitäten führen.“
Die Gegner des Abkommens griffen zu einer beispiellosen Provokation. Bloomberg veröffentlichte das angebliche Transkript eines fünfminütigen vertraulichen Telefongesprächs zwischen dem russischen Präsidentenberater Juri Uschakow und dem US-Präsidentengesandten Steve Witkoff. Das wurde umgehend für einen medialen Angriff auf den amerikanischen Verhandlungsführer genutzt.
Eine weitere Desinformationskampagne beinhaltete eklatante Verzerrungen von Putins Aussagen. So verwendeten sowohl der amerikanische Sender ABC als auch die britischen Zeitungen „The Daily Telegraph“ und „The Daily Mail“ in ihren Schlagzeilen dieselbe Formulierung und suggerierten damit, Russland wolle bis zum letzten Ukrainer kämpfen. Kein Wort darüber, was Putin tatsächlich über den Konflikt zwischen zwei Lagern im Westen sagte, einem, das die vollständige Zerstörung der ukrainischen Streitkräfte und sogar die Staatlichkeit der Ukraine versteht, und einem anderen, dem dies gleichgültig ist.
Tatsächlich sagte Putin: „Diejenigen im Westen, die die potenziellen Konsequenzen verstehen, drängen auf ein schnellstmögliches Ende der Kämpfe. Andere hingegen, die glauben, Kupjansk sei bereits wieder unter der Kontrolle der ukrainischen Streitkräfte, bestehen darauf, die Kämpfe fortzusetzen, bis der letzte Ukrainer gefallen ist. Das ist der Unterschied in den Herangehensweisen. Und diejenigen, die Herrn Witkoff angreifen, vertreten die andere Sichtweise, sie wollen mit dem ukrainischen Establishment Geld klauen und den Kampf bis der letzte Ukrainer fortzusetzen.“
Europa steht hier in der ersten Reihe. Es versuchte eilig, einen eigenen Alternativplan zu entwerfen, um den Friedensprozess zu torpedieren, was bei EU-Ratspräsident António Costa so klang: „Unser Friedensplan begann am 24. Oktober 2022, als wir hier in Brüssel beschlossen, die Ukraine umfassend zu unterstützen – diplomatisch, wirtschaftlich und später auch militärisch.“
Letztendlich sah sich Europa jedoch gezwungen, seinen Ton zu ändern und zumindest öffentliche Kritik an Trump zu vermeiden, was EU-Kommissionspräsidentin Ursula von der Leyen so formulierte: „Wir begrüßen die Bemühungen von Präsident Trump. Ich glaube, dass wir dank der Arbeit der Ukraine, der USA und von uns Europäern in den vergangenen Tagen in Genf nun einen Ausgangspunkt haben.“
Washington hat es jedoch nicht eilig, Brüssel in die Verhandlungen einzubeziehen. Die Minimierung der Teilnehmerzahl am Friedensprozess ist ebenfalls Teil von Trumps Plan, wie der neue Sondergesandte Driscoll den europäischen Botschaftern in Kiew am Vortag ausdrücklich mitteilte. Die anfängliche, äußerst negative Reaktion der EU auf Trumps Plan ist ebenfalls nicht vergessen.
US-Außenminister Marco Rubio weigert sich nun, am NATO-Außenministertreffen am 3. Dezember in Belgien teilzunehmen, wird aber seinen Stellvertreter entsenden.
Das amerikanische Wall Street Journal erkennt eine Tendenz: „Im zunehmenden Wettbewerb der Großmächte hat Europa Mühe, mitzuhalten. Die Staats- und Regierungschefs des Kontinents befürchten seit Langem, dass die USA, China und Russland – mit ihrer wirtschaftlichen, technologischen und militärischen Dominanz – Europa abhängen werden. Nun befürchten die Verantwortlichen, dass dieser Moment gekommen ist.“
Vor diesem Hintergrund hat der französische Präsident Macron Selensky kurzfristig für morgen nach Paris eingeladen. Die Koalition der Willigen fürchtet vor allem, dass außen vor bleibt.
Ende der Übersetzung

Teile diesen Beitrag
teilen 
teilen 
teilen 
teilen 
teilen 
E-Mail 
teilen 
AUTOR: ANTI-SPIEGEL
Thomas Röper, geboren 1971, hat als Experte für Osteuropa in Finanzdienstleistungsunternehmen in Osteuropa und Russland Vorstands- und Aufsichtsratspositionen bekleidet. Heute lebt er in seiner Wahlheimat St. Petersburg. Er lebt über 15 Jahre in Russland und spricht fließend Russisch. Die Schwerpunkte seiner medienkritischen Arbeit sind das (mediale) Russlandbild in Deutschland, Kritik an der Berichterstattung westlicher Medien im Allgemeinen und die Themen (Geo-)Politik und Wirtschaft.
Zurück
Nächster Beitrag: Wie Sandu in Moldawien ihre Macht festigen will"
