Date,Title,Summary,Text,Comments,URL,Full_Text
2025-05-29,Erreichbarkeit des Anti-Spiegel in Zeiten verstärkter Attacken,"Der Anti-Spiegel ist in den letzten Tagen öfter kurzeitig schlecht oder gar nicht erreichbar gewesen. Und das dürfte noch einige Zeit so bleiben, denn der Grund sind verstärkte DOS-Attacken. Aber an dem Problem wird gearbeitet.","In eigener Sache
Erreichbarkeit des Anti-Spiegel in Zeiten verstärkter Attacken
Der Anti-Spiegel ist in den letzten Tagen öfter kurzeitig schlecht oder gar nicht erreichbar gewesen. Und das dürfte noch einige Zeit so bleiben, denn der Grund sind verstärkte DOS-Attacken. Aber an dem Problem wird gearbeitet.
von Anti-Spiegel
29. Mai 2025 20:51 Uhr
Seit die EU Sanktionen gegen mich verhängt hat, gibt es fast ununterbrochen verstärkte DOS-Attacken gegen den Anti-Spiegel. Insgesamt läuft die Seite jedoch erstaunlich gut, wenn man das Ausmaß der Attacken betrachtet. Allerdings waren immer wieder bestimmte Funktionen nicht erreichbar, wie beispielsweise die Suchfunktion. Manchmal war auch die Seite insgesamt nicht erreichbar, was aber selten vorkam und schnell wieder in Ordnung gebracht wurde.
Aufgrund der verstärkten Attacken mussten wir Cloudflaire zwischenschalten, sodass man von der Seite öfter mal gefragt wird, ob man auch wirklich ein Mensch ist. Ja, IT-Spezis werden nun meckern, aber auf die Schnelle war das die beste Lösung, die auch sofort geholfen hat. Aber nichts destortrotz suchen die Saboteure nach immer neuen Möglichkeiten, die meine IT-Leute zwar schnell erkennen und abschalten, aber das kann trotzdem einige Minuten dauern.
Sollte der Anti-Spiegel also tagsüber schlecht erreichbar sein, keine Panik, das ist in der Regel in 5 bis 10 Minuten behoben. Kommen Sie einfach etwas später nochmal vorbei.
Sollte der Anti-Spiegel nachts nicht erreichbar sein, könnte etwas mehr Geduld nötig sein, denn nachts wird die Seite derzeit ab und an vom Netz genommen, um weitere Sicherheitsmaßnahmen einzubauen. Das kann auch mal einige Stunden dauern.
Sorry für diese Unannehmlichkeiten, aber das ist eben der Preis, wenn man eine von der Führung der EU abweichende Meinung hat: Man wird sanktioniert und dann werden irgendwelche Hacker von der Leine gelassen, um einen zu bekämpfen.

Teile diesen Beitrag
teilen 
teilen 
teilen 
teilen 
teilen 
E-Mail 
teilen 
AUTOR: ANTI-SPIEGEL
Thomas Röper, geboren 1971, hat als Experte für Osteuropa in Finanzdienstleistungsunternehmen in Osteuropa und Russland Vorstands- und Aufsichtsratspositionen bekleidet. Heute lebt er in seiner Wahlheimat St. Petersburg. Er lebt über 15 Jahre in Russland und spricht fließend Russisch. Die Schwerpunkte seiner medienkritischen Arbeit sind das (mediale) Russlandbild in Deutschland, Kritik an der Berichterstattung westlicher Medien im Allgemeinen und die Themen (Geo-)Politik und Wirtschaft.
18 Antworten
Zappenduster sagt:
29. Mai 2025 um 21:03 Uhr
Vielen Dank für die Info.
ZUM ANTWORTEN ANMELDEN
Pollewetzer sagt:
30. Mai 2025 um 04:18 Uhr
Nun das ist doch jetzt umso interessanter, dass die EU ganz offensichtlich HACKER in Lohn und Brot HÄLT, welche bei Bedarf dann sogar wohl auch tätig werden müssen!
Ein SKANDAL per se! Jetzt würde nur noch der passende Beweis fehlen, dass Dumm-Flinten-Uschi das auch noch per SMS beauftragt hat!??
Viel Glück und Erfolg bei der Abwehr!
P
ZUM ANTWORTEN ANMELDEN
Ole_Bienkopp sagt:
29. Mai 2025 um 21:15 Uhr
„Seit die EU Sanktionen gegen mich verhängt hat, gibt es fast ununterbrochen verstärkte DOS-Attacken gegen den Anti-Spiegel. I“
Kann doch gar nicht sein! Wir wissen doch aus unseren Qualitätsmedien, daß solche Attacken, wie überhaupt die ganze „hybride Kriegsführung“ immer nur aus Russland kommen! Und wer im Russland sollte den Anti-Spiegel attackieren?
…oops…
ZUM ANTWORTEN ANMELDEN
VladTepes sagt:
29. Mai 2025 um 21:18 Uhr
Jepp – mir wurde heute von cloudflaire um den Kopp geklatscht – ich wäre blockiert…. – hat sich aber dann wieder regeneriert – nette Schrecksekunde, grad weil AS eines der letzten Foren mit freier Meinung ist.
ZUM ANTWORTEN ANMELDEN
Galle sagt:
29. Mai 2025 um 23:19 Uhr
Genau, immer diese Schrecksekunde. Aber Gott sei Dank läuft es wieder. Wäre doch schade um die Nachrichten
ZUM ANTWORTEN ANMELDEN
Stop Bush and Clinton sagt:
29. Mai 2025 um 21:19 Uhr
Wir wissen aber doch aus den Qualitätsmedien, die doch nie lügen würden und schon dem Namen nach nicht irren können, dass nur Russland über Cyberarmeen verfügt, die jede abweichende Meinung per IT-Angriff unterdrücken.
Es ist also ein ganz klarer Fall: Nicht die EU, sondern der Kreml steckt hinter den Angriffen auf den Anti-Spiegel.
Warum würde der Kreml seine eigene Haupt-Propagandaseite angreifen? Natürlich aus dem gleichen Grund, warum Russland immer wieder seine eigenen Pipelines sprengt, sein eigenes Atomkraftwerk beschiesst, oder Drohnenangriffe auf Moskau verübt (die Ukraine würde doch niemals Zivilisten angreifen! Also kann auch das nur Russland gewesen sein!)
Liebe Mitleser aus BND und CIA: Bekomme ich jetzt endlich den Pulitzerpreis oder den Friedensnobelpreis, weil ich das aufgedeckt habe? Bitte das Preisgeld dem Anti-Spiegel überweisen.
ZUM ANTWORTEN ANMELDEN
Egal Anders sagt:
29. Mai 2025 um 23:17 Uhr
Augenblick mal… die Behauptung, Russland hätte bei Kursk seine eigene Gaspipeline selbst gesprengt, ist eine vom Kreml gesteuerte Desinformationskampagne. Alles was aus Russland kommt ist Putins Propaganda und Desinformation. Somit muss die Aussage, Russland hätte seine eigene Gasleitung gesprengt, falsch sein.
ZUM ANTWORTEN ANMELDEN
Eqhdc sagt:
29. Mai 2025 um 22:27 Uhr
Alles gut. die Russen haben ja hervorragende IT-ler (Die sind hier etwas rar gesät).
Übrigens erinnere ich mich an eine amerik. Pressemitteilung von 2014:
„Putin is fighting a battle against Bill Gates“- I thought – Ich dachte: Was iss’n nu los??
Der Kreml hatte Windows-Systeme auf Regierungsrechnern verboten. Ich habe laut gelacht.
Ich dachte nur: „die kennen sich aus! – wäre froh, wenn Deutschland nur bisschen dieses Gehirns hätte“. Und dann wusste ich schon vor 11 Jahren, dass da irgendwas im Bush ist.
Und wir auf einen Krieg gegen Russland vorbereitet werden.
ZUM ANTWORTEN ANMELDEN
Mircutux sagt:
29. Mai 2025 um 22:36 Uhr
Ein Dankeschön und liebe Grüße an die unerschütterlichen admins.
ZUM ANTWORTEN ANMELDEN
Ronn sagt:
29. Mai 2025 um 22:37 Uhr
Hallo Thomas,
deine Hacker wären bestimmt auch gute Stasispitzel und SED-Kader gewesen. Von daher sind deine Hacker nur bedauernswerte Kreaturen. Habe Mitleid
ZUM ANTWORTEN ANMELDEN
orinoco sagt:
29. Mai 2025 um 22:45 Uhr
So schnell wir hier an der Leserfront auch nicht aufgegeben den anti-spiegel zu lesen. Hatte vorhin auch die cloudfront-Seite nur bekommen. Jetzt geht’s wieder. Alle neue Artikel gleich runtergezogen und in das Podcast-File gepackt. Tagesdosis an anti-spiegel gerettet
ZUM ANTWORTEN ANMELDEN
Dani sagt:
29. Mai 2025 um 23:25 Uhr
Diese Ratten!!
ZUM ANTWORTEN ANMELDEN
Angelique sagt:
30. Mai 2025 um 00:30 Uhr
…Eher sind das Filz- Läuse.
ZUM ANTWORTEN ANMELDEN
Angelique sagt:
30. Mai 2025 um 00:29 Uhr
Die Störer werden sich irgendwann mal einen Wolf einfangen vom überlangen sitzen.-Oder um es einfacher zu sagen: Die kriegen knallrote „Pavian“- Ärsche mit Dekubitus – Gefahr. – Kopfkino !
ZUM ANTWORTEN ANMELDEN
Hidden Figure sagt:
30. Mai 2025 um 00:40 Uhr
Nicht unterkriegen lassen!
ZUM ANTWORTEN ANMELDEN
wp007 sagt:
30. Mai 2025 um 00:49 Uhr
Bei funktioniert seit eh und je ein fester Browser-Eintrag (immer und für alles) bei Internetverbindung (da wo man auch Proxi eintragen kann) mit Cloudflare und DNS via HTTPS und auch ohne Nervereien wg. Bist Du ein Mensch.
Bei Firefox „Datenschutz“ / ganz unten: DNS über HTTPS aktivieren mit: erhöhter Schutz / Anbieter auswählen: Cloudflaire (Standard)
Damit bekomme ich auch RT problemlos.
ZUM ANTWORTEN ANMELDEN
Angelique sagt:
30. Mai 2025 um 00:50 Uhr
Die können versuchen, soviel zu stören wie sie wollen. Die Wahrheit und die Fakten sind schneller. Wie diese hier z.B. : Diese Eliten zerstören jede Chance auf Frieden. Patrik Baab klärt auf : (Und Votzenfritze verschenkte gerade mal wieder 5000 Millionen an den Klavierspieler) https://www.youtube.com/watch?v=qVUlIMbLmP8 Gruß an die „Pavianärsche“.
ZUM ANTWORTEN ANMELDEN
Anerstefka sagt:
30. Mai 2025 um 01:31 Uhr
Ja eigentlich läuft zur Zeit ALLES schief was schief laufen kann. Der Westen legt gro0eb Wert darauf das seine Bevölkerung nur das mitbekommt was sie in ihren Staatsmedien vorgeben!
Ja und dann hört man immer öfter solche Hinweise – Biersch pocht auf Sozialstaatsreformen: „Haben wir den Bürgern versprochen“-
Mit Bürgern sind im dem Fall die oberen 100 000 gemeint nicht das Volk allgemein. Das heißt es werden wieder jede Menge Mrd. € in die Ukraine geschickt
Wenn man so zuhört was so in dem Link von Angelique s diskutiert wird denkt man an den tiefsten Kolonialismus – Syrien aufgeteilt zwischen Israel und der Türkei für eine Gasleitung ans Mittelmeer . Ausbeutung der Arktis
(möglichst unter Ausschluss von Russland).
Ich fürchte die Zeit des Friedens ist für lange Zeit vorbei! Jetzt geht der große Ran los von Black Rock und Co -Was können wir in Europa noch abstauben! Die Menschen sind denen völlig u. absolut egal. (Was war gleich noch Demokratie ?)
ZUM ANTWORTEN ANMELDEN
SCHREIBE EINEN KOMMENTAR
Du musst angemeldet sein, um einen Kommentar abzugeben.
Nächster Beitrag: Nächstes Treffen zur Ukraine am 2. Juni?","Zappenduster sagt:
29. Mai 2025 um 21:03 Uhr
Vielen Dank für die Info.
ZUM ANTWORTEN ANMELDEN
Pollewetzer sagt:
30. Mai 2025 um 04:18 Uhr
Nun das ist doch jetzt umso interessanter, dass die EU ganz offensichtlich HACKER in Lohn und Brot HÄLT, welche bei Bedarf dann sogar wohl auch tätig werden müssen!
Ein SKANDAL per se! Jetzt würde nur noch der passende Beweis fehlen, dass Dumm-Flinten-Uschi das auch noch per SMS beauftragt hat!??
Viel Glück und Erfolg bei der Abwehr!
P
ZUM ANTWORTEN ANMELDEN
Ole_Bienkopp sagt:
29. Mai 2025 um 21:15 Uhr
„Seit die EU Sanktionen gegen mich verhängt hat, gibt es fast ununterbrochen verstärkte DOS-Attacken gegen den Anti-Spiegel. I“
Kann doch gar nicht sein! Wir wissen doch aus unseren Qualitätsmedien, daß solche Attacken, wie überhaupt die ganze „hybride Kriegsführung“ immer nur aus Russland kommen! Und wer im Russland sollte den Anti-Spiegel attackieren?
…oops…
ZUM ANTWORTEN ANMELDEN
VladTepes sagt:
29. Mai 2025 um 21:18 Uhr
Jepp – mir wurde heute von cloudflaire um den Kopp geklatscht – ich wäre blockiert…. – hat sich aber dann wieder regeneriert – nette Schrecksekunde, grad weil AS eines der letzten Foren mit freier Meinung ist.
ZUM ANTWORTEN ANMELDEN
Galle sagt:
29. Mai 2025 um 23:19 Uhr
Genau, immer diese Schrecksekunde. Aber Gott sei Dank läuft es wieder. Wäre doch schade um die Nachrichten
ZUM ANTWORTEN ANMELDEN
Stop Bush and Clinton sagt:
29. Mai 2025 um 21:19 Uhr
Wir wissen aber doch aus den Qualitätsmedien, die doch nie lügen würden und schon dem Namen nach nicht irren können, dass nur Russland über Cyberarmeen verfügt, die jede abweichende Meinung per IT-Angriff unterdrücken.
Es ist also ein ganz klarer Fall: Nicht die EU, sondern der Kreml steckt hinter den Angriffen auf den Anti-Spiegel.
Warum würde der Kreml seine eigene Haupt-Propagandaseite angreifen? Natürlich aus dem gleichen Grund, warum Russland immer wieder seine eigenen Pipelines sprengt, sein eigenes Atomkraftwerk beschiesst, oder Drohnenangriffe auf Moskau verübt (die Ukraine würde doch niemals Zivilisten angreifen! Also kann auch das nur Russland gewesen sein!)
Liebe Mitleser aus BND und CIA: Bekomme ich jetzt endlich den Pulitzerpreis oder den Friedensnobelpreis, weil ich das aufgedeckt habe? Bitte das Preisgeld dem Anti-Spiegel überweisen.
ZUM ANTWORTEN ANMELDEN
Egal Anders sagt:
29. Mai 2025 um 23:17 Uhr
Augenblick mal… die Behauptung, Russland hätte bei Kursk seine eigene Gaspipeline selbst gesprengt, ist eine vom Kreml gesteuerte Desinformationskampagne. Alles was aus Russland kommt ist Putins Propaganda und Desinformation. Somit muss die Aussage, Russland hätte seine eigene Gasleitung gesprengt, falsch sein.
ZUM ANTWORTEN ANMELDEN
Eqhdc sagt:
29. Mai 2025 um 22:27 Uhr
Alles gut. die Russen haben ja hervorragende IT-ler (Die sind hier etwas rar gesät).
Übrigens erinnere ich mich an eine amerik. Pressemitteilung von 2014:
„Putin is fighting a battle against Bill Gates“- I thought – Ich dachte: Was iss’n nu los??
Der Kreml hatte Windows-Systeme auf Regierungsrechnern verboten. Ich habe laut gelacht.
Ich dachte nur: „die kennen sich aus! – wäre froh, wenn Deutschland nur bisschen dieses Gehirns hätte“. Und dann wusste ich schon vor 11 Jahren, dass da irgendwas im Bush ist.
Und wir auf einen Krieg gegen Russland vorbereitet werden.
ZUM ANTWORTEN ANMELDEN
Mircutux sagt:
29. Mai 2025 um 22:36 Uhr
Ein Dankeschön und liebe Grüße an die unerschütterlichen admins.
ZUM ANTWORTEN ANMELDEN
Ronn sagt:
29. Mai 2025 um 22:37 Uhr
Hallo Thomas,
deine Hacker wären bestimmt auch gute Stasispitzel und SED-Kader gewesen. Von daher sind deine Hacker nur bedauernswerte Kreaturen. Habe Mitleid
ZUM ANTWORTEN ANMELDEN
orinoco sagt:
29. Mai 2025 um 22:45 Uhr
So schnell wir hier an der Leserfront auch nicht aufgegeben den anti-spiegel zu lesen. Hatte vorhin auch die cloudfront-Seite nur bekommen. Jetzt geht’s wieder. Alle neue Artikel gleich runtergezogen und in das Podcast-File gepackt. Tagesdosis an anti-spiegel gerettet
ZUM ANTWORTEN ANMELDEN
Dani sagt:
29. Mai 2025 um 23:25 Uhr
Diese Ratten!!
ZUM ANTWORTEN ANMELDEN
Angelique sagt:
30. Mai 2025 um 00:30 Uhr
…Eher sind das Filz- Läuse.
ZUM ANTWORTEN ANMELDEN
Angelique sagt:
30. Mai 2025 um 00:29 Uhr
Die Störer werden sich irgendwann mal einen Wolf einfangen vom überlangen sitzen.-Oder um es einfacher zu sagen: Die kriegen knallrote „Pavian“- Ärsche mit Dekubitus – Gefahr. – Kopfkino !
ZUM ANTWORTEN ANMELDEN
Hidden Figure sagt:
30. Mai 2025 um 00:40 Uhr
Nicht unterkriegen lassen!
ZUM ANTWORTEN ANMELDEN
wp007 sagt:
30. Mai 2025 um 00:49 Uhr
Bei funktioniert seit eh und je ein fester Browser-Eintrag (immer und für alles) bei Internetverbindung (da wo man auch Proxi eintragen kann) mit Cloudflare und DNS via HTTPS und auch ohne Nervereien wg. Bist Du ein Mensch.
Bei Firefox „Datenschutz“ / ganz unten: DNS über HTTPS aktivieren mit: erhöhter Schutz / Anbieter auswählen: Cloudflaire (Standard)
Damit bekomme ich auch RT problemlos.
ZUM ANTWORTEN ANMELDEN
Angelique sagt:
30. Mai 2025 um 00:50 Uhr
Die können versuchen, soviel zu stören wie sie wollen. Die Wahrheit und die Fakten sind schneller. Wie diese hier z.B. : Diese Eliten zerstören jede Chance auf Frieden. Patrik Baab klärt auf : (Und Votzenfritze verschenkte gerade mal wieder 5000 Millionen an den Klavierspieler) https://www.youtube.com/watch?v=qVUlIMbLmP8 Gruß an die „Pavianärsche“.
ZUM ANTWORTEN ANMELDEN
Anerstefka sagt:
30. Mai 2025 um 01:31 Uhr
Ja eigentlich läuft zur Zeit ALLES schief was schief laufen kann. Der Westen legt gro0eb Wert darauf das seine Bevölkerung nur das mitbekommt was sie in ihren Staatsmedien vorgeben!
Ja und dann hört man immer öfter solche Hinweise – Biersch pocht auf Sozialstaatsreformen: „Haben wir den Bürgern versprochen“-
Mit Bürgern sind im dem Fall die oberen 100 000 gemeint nicht das Volk allgemein. Das heißt es werden wieder jede Menge Mrd. € in die Ukraine geschickt
Wenn man so zuhört was so in dem Link von Angelique s diskutiert wird denkt man an den tiefsten Kolonialismus – Syrien aufgeteilt zwischen Israel und der Türkei für eine Gasleitung ans Mittelmeer . Ausbeutung der Arktis
(möglichst unter Ausschluss von Russland).
Ich fürchte die Zeit des Friedens ist für lange Zeit vorbei! Jetzt geht der große Ran los von Black Rock und Co -Was können wir in Europa noch abstauben! Die Menschen sind denen völlig u. absolut egal. (Was war gleich noch Demokratie ?)
ZUM ANTWORTEN ANMELDEN",https://anti-spiegel.ru/2025/erreichbarkeit-des-anti-spiegel-in-zeiten-verstaerkter-attacken/,"Erreichbarkeit des Anti-Spiegel in Zeiten verstärkter Attacken Der Anti-Spiegel ist in den letzten Tagen öfter kurzeitig schlecht oder gar nicht erreichbar gewesen. Und das dürfte noch einige Zeit so bleiben, denn der Grund sind verstärkte DOS-Attacken. Aber an dem Problem wird gearbeitet. In eigener Sache
Erreichbarkeit des Anti-Spiegel in Zeiten verstärkter Attacken
Der Anti-Spiegel ist in den letzten Tagen öfter kurzeitig schlecht oder gar nicht erreichbar gewesen. Und das dürfte noch einige Zeit so bleiben, denn der Grund sind verstärkte DOS-Attacken. Aber an dem Problem wird gearbeitet.
von Anti-Spiegel
29. Mai 2025 20:51 Uhr
Seit die EU Sanktionen gegen mich verhängt hat, gibt es fast ununterbrochen verstärkte DOS-Attacken gegen den Anti-Spiegel. Insgesamt läuft die Seite jedoch erstaunlich gut, wenn man das Ausmaß der Attacken betrachtet. Allerdings waren immer wieder bestimmte Funktionen nicht erreichbar, wie beispielsweise die Suchfunktion. Manchmal war auch die Seite insgesamt nicht erreichbar, was aber selten vorkam und schnell wieder in Ordnung gebracht wurde.
Aufgrund der verstärkten Attacken mussten wir Cloudflaire zwischenschalten, sodass man von der Seite öfter mal gefragt wird, ob man auch wirklich ein Mensch ist. Ja, IT-Spezis werden nun meckern, aber auf die Schnelle war das die beste Lösung, die auch sofort geholfen hat. Aber nichts destortrotz suchen die Saboteure nach immer neuen Möglichkeiten, die meine IT-Leute zwar schnell erkennen und abschalten, aber das kann trotzdem einige Minuten dauern.
Sollte der Anti-Spiegel also tagsüber schlecht erreichbar sein, keine Panik, das ist in der Regel in 5 bis 10 Minuten behoben. Kommen Sie einfach etwas später nochmal vorbei.
Sollte der Anti-Spiegel nachts nicht erreichbar sein, könnte etwas mehr Geduld nötig sein, denn nachts wird die Seite derzeit ab und an vom Netz genommen, um weitere Sicherheitsmaßnahmen einzubauen. Das kann auch mal einige Stunden dauern.
Sorry für diese Unannehmlichkeiten, aber das ist eben der Preis, wenn man eine von der Führung der EU abweichende Meinung hat: Man wird sanktioniert und dann werden irgendwelche Hacker von der Leine gelassen, um einen zu bekämpfen.

Teile diesen Beitrag
teilen 
teilen 
teilen 
teilen 
teilen 
E-Mail 
teilen 
AUTOR: ANTI-SPIEGEL
Thomas Röper, geboren 1971, hat als Experte für Osteuropa in Finanzdienstleistungsunternehmen in Osteuropa und Russland Vorstands- und Aufsichtsratspositionen bekleidet. Heute lebt er in seiner Wahlheimat St. Petersburg. Er lebt über 15 Jahre in Russland und spricht fließend Russisch. Die Schwerpunkte seiner medienkritischen Arbeit sind das (mediale) Russlandbild in Deutschland, Kritik an der Berichterstattung westlicher Medien im Allgemeinen und die Themen (Geo-)Politik und Wirtschaft.
18 Antworten
Zappenduster sagt:
29. Mai 2025 um 21:03 Uhr
Vielen Dank für die Info.
ZUM ANTWORTEN ANMELDEN
Pollewetzer sagt:
30. Mai 2025 um 04:18 Uhr
Nun das ist doch jetzt umso interessanter, dass die EU ganz offensichtlich HACKER in Lohn und Brot HÄLT, welche bei Bedarf dann sogar wohl auch tätig werden müssen!
Ein SKANDAL per se! Jetzt würde nur noch der passende Beweis fehlen, dass Dumm-Flinten-Uschi das auch noch per SMS beauftragt hat!??
Viel Glück und Erfolg bei der Abwehr!
P
ZUM ANTWORTEN ANMELDEN
Ole_Bienkopp sagt:
29. Mai 2025 um 21:15 Uhr
„Seit die EU Sanktionen gegen mich verhängt hat, gibt es fast ununterbrochen verstärkte DOS-Attacken gegen den Anti-Spiegel. I“
Kann doch gar nicht sein! Wir wissen doch aus unseren Qualitätsmedien, daß solche Attacken, wie überhaupt die ganze „hybride Kriegsführung“ immer nur aus Russland kommen! Und wer im Russland sollte den Anti-Spiegel attackieren?
…oops…
ZUM ANTWORTEN ANMELDEN
VladTepes sagt:
29. Mai 2025 um 21:18 Uhr
Jepp – mir wurde heute von cloudflaire um den Kopp geklatscht – ich wäre blockiert…. – hat sich aber dann wieder regeneriert – nette Schrecksekunde, grad weil AS eines der letzten Foren mit freier Meinung ist.
ZUM ANTWORTEN ANMELDEN
Galle sagt:
29. Mai 2025 um 23:19 Uhr
Genau, immer diese Schrecksekunde. Aber Gott sei Dank läuft es wieder. Wäre doch schade um die Nachrichten
ZUM ANTWORTEN ANMELDEN
Stop Bush and Clinton sagt:
29. Mai 2025 um 21:19 Uhr
Wir wissen aber doch aus den Qualitätsmedien, die doch nie lügen würden und schon dem Namen nach nicht irren können, dass nur Russland über Cyberarmeen verfügt, die jede abweichende Meinung per IT-Angriff unterdrücken.
Es ist also ein ganz klarer Fall: Nicht die EU, sondern der Kreml steckt hinter den Angriffen auf den Anti-Spiegel.
Warum würde der Kreml seine eigene Haupt-Propagandaseite angreifen? Natürlich aus dem gleichen Grund, warum Russland immer wieder seine eigenen Pipelines sprengt, sein eigenes Atomkraftwerk beschiesst, oder Drohnenangriffe auf Moskau verübt (die Ukraine würde doch niemals Zivilisten angreifen! Also kann auch das nur Russland gewesen sein!)
Liebe Mitleser aus BND und CIA: Bekomme ich jetzt endlich den Pulitzerpreis oder den Friedensnobelpreis, weil ich das aufgedeckt habe? Bitte das Preisgeld dem Anti-Spiegel überweisen.
ZUM ANTWORTEN ANMELDEN
Egal Anders sagt:
29. Mai 2025 um 23:17 Uhr
Augenblick mal… die Behauptung, Russland hätte bei Kursk seine eigene Gaspipeline selbst gesprengt, ist eine vom Kreml gesteuerte Desinformationskampagne. Alles was aus Russland kommt ist Putins Propaganda und Desinformation. Somit muss die Aussage, Russland hätte seine eigene Gasleitung gesprengt, falsch sein.
ZUM ANTWORTEN ANMELDEN
Eqhdc sagt:
29. Mai 2025 um 22:27 Uhr
Alles gut. die Russen haben ja hervorragende IT-ler (Die sind hier etwas rar gesät).
Übrigens erinnere ich mich an eine amerik. Pressemitteilung von 2014:
„Putin is fighting a battle against Bill Gates“- I thought – Ich dachte: Was iss’n nu los??
Der Kreml hatte Windows-Systeme auf Regierungsrechnern verboten. Ich habe laut gelacht.
Ich dachte nur: „die kennen sich aus! – wäre froh, wenn Deutschland nur bisschen dieses Gehirns hätte“. Und dann wusste ich schon vor 11 Jahren, dass da irgendwas im Bush ist.
Und wir auf einen Krieg gegen Russland vorbereitet werden.
ZUM ANTWORTEN ANMELDEN
Mircutux sagt:
29. Mai 2025 um 22:36 Uhr
Ein Dankeschön und liebe Grüße an die unerschütterlichen admins.
ZUM ANTWORTEN ANMELDEN
Ronn sagt:
29. Mai 2025 um 22:37 Uhr
Hallo Thomas,
deine Hacker wären bestimmt auch gute Stasispitzel und SED-Kader gewesen. Von daher sind deine Hacker nur bedauernswerte Kreaturen. Habe Mitleid
ZUM ANTWORTEN ANMELDEN
orinoco sagt:
29. Mai 2025 um 22:45 Uhr
So schnell wir hier an der Leserfront auch nicht aufgegeben den anti-spiegel zu lesen. Hatte vorhin auch die cloudfront-Seite nur bekommen. Jetzt geht’s wieder. Alle neue Artikel gleich runtergezogen und in das Podcast-File gepackt. Tagesdosis an anti-spiegel gerettet
ZUM ANTWORTEN ANMELDEN
Dani sagt:
29. Mai 2025 um 23:25 Uhr
Diese Ratten!!
ZUM ANTWORTEN ANMELDEN
Angelique sagt:
30. Mai 2025 um 00:30 Uhr
…Eher sind das Filz- Läuse.
ZUM ANTWORTEN ANMELDEN
Angelique sagt:
30. Mai 2025 um 00:29 Uhr
Die Störer werden sich irgendwann mal einen Wolf einfangen vom überlangen sitzen.-Oder um es einfacher zu sagen: Die kriegen knallrote „Pavian“- Ärsche mit Dekubitus – Gefahr. – Kopfkino !
ZUM ANTWORTEN ANMELDEN
Hidden Figure sagt:
30. Mai 2025 um 00:40 Uhr
Nicht unterkriegen lassen!
ZUM ANTWORTEN ANMELDEN
wp007 sagt:
30. Mai 2025 um 00:49 Uhr
Bei funktioniert seit eh und je ein fester Browser-Eintrag (immer und für alles) bei Internetverbindung (da wo man auch Proxi eintragen kann) mit Cloudflare und DNS via HTTPS und auch ohne Nervereien wg. Bist Du ein Mensch.
Bei Firefox „Datenschutz“ / ganz unten: DNS über HTTPS aktivieren mit: erhöhter Schutz / Anbieter auswählen: Cloudflaire (Standard)
Damit bekomme ich auch RT problemlos.
ZUM ANTWORTEN ANMELDEN
Angelique sagt:
30. Mai 2025 um 00:50 Uhr
Die können versuchen, soviel zu stören wie sie wollen. Die Wahrheit und die Fakten sind schneller. Wie diese hier z.B. : Diese Eliten zerstören jede Chance auf Frieden. Patrik Baab klärt auf : (Und Votzenfritze verschenkte gerade mal wieder 5000 Millionen an den Klavierspieler) https://www.youtube.com/watch?v=qVUlIMbLmP8 Gruß an die „Pavianärsche“.
ZUM ANTWORTEN ANMELDEN
Anerstefka sagt:
30. Mai 2025 um 01:31 Uhr
Ja eigentlich läuft zur Zeit ALLES schief was schief laufen kann. Der Westen legt gro0eb Wert darauf das seine Bevölkerung nur das mitbekommt was sie in ihren Staatsmedien vorgeben!
Ja und dann hört man immer öfter solche Hinweise – Biersch pocht auf Sozialstaatsreformen: „Haben wir den Bürgern versprochen“-
Mit Bürgern sind im dem Fall die oberen 100 000 gemeint nicht das Volk allgemein. Das heißt es werden wieder jede Menge Mrd. € in die Ukraine geschickt
Wenn man so zuhört was so in dem Link von Angelique s diskutiert wird denkt man an den tiefsten Kolonialismus – Syrien aufgeteilt zwischen Israel und der Türkei für eine Gasleitung ans Mittelmeer . Ausbeutung der Arktis
(möglichst unter Ausschluss von Russland).
Ich fürchte die Zeit des Friedens ist für lange Zeit vorbei! Jetzt geht der große Ran los von Black Rock und Co -Was können wir in Europa noch abstauben! Die Menschen sind denen völlig u. absolut egal. (Was war gleich noch Demokratie ?)
ZUM ANTWORTEN ANMELDEN
SCHREIBE EINEN KOMMENTAR
Du musst angemeldet sein, um einen Kommentar abzugeben.
Nächster Beitrag: Nächstes Treffen zur Ukraine am 2. Juni?"
2025-05-29,Nächstes Treffen zur Ukraine am 2. Juni?,Russland hat das nächste Treffen mit der Ukraine zu direkten Verhandlungen in Istanbul für den 2. Juni vorgeschlagen. Aus Kiew gab es bisher keine eindeutige Antwort.,"Ukraine-Verhandlungen
Nächstes Treffen zur Ukraine am 2. Juni?
Russland hat das nächste Treffen mit der Ukraine zu direkten Verhandlungen in Istanbul für den 2. Juni vorgeschlagen. Aus Kiew gab es bisher keine eindeutige Antwort.
von Anti-Spiegel
29. Mai 2025 19:32 Uhr
Nach dem ersten Treffen von Delegationen aus Russland und der Ukraine seit über drei Jahren in Istanbul wurde vereinbart, zunächst einen großen Gefangenenaustausch durchzuführen, der inzwischen abgeschlossen ist, und die Gespräche später fortzusetzen. Bei dem Telefonat zwischen den Präsidenten Putin und Trump wurde danach beschlossen, dass jede Seite ihre Vorstellungen über einen Waffenstillstand in einem Memorandum zu Papier bringt, um beim nächsten Treffen darüber zu verhandeln.
Wenig überraschend wird gemeldet, dass beide Memoranden sich deutlich voneinander unterscheiden, auch wenn die genauen Texte bisher nirgends veröffentlicht wurden. Auch scheinen die beiden Seiten den Text der jeweils anderen Seite noch nicht gesehen zu haben. Aber es gab interessanterweise einen direkten Kontakt zwischen Russland und der Ukraine.
Am Mittwoch, dem 28. Mai, schlug der russische Außenminister vor, die Gespräche am 2. Juni in Istanbul fortzusetzen. Die russische Delegation werde wieder von Waldimir Medinski geleitet.
Kurz darauf schrieb der russische Verhandlungsführer Medinski am Abend des 28. Mai auf Telegram:
„Ich habe die Nachricht gelesen, die von allen weltweiten Agenturen verbreitet wurde: R. Umerow hat mich wegen des Memorandums angerufen, das wir angeblich noch nicht vorbereitet haben. Nach dem Motto, die Russen hätten es nicht eilig.
Ich kommentiere das.
Es ist fast so.
Ich habe Umerow heute selbst angerufen und einen genauen Termin und Ort für ein Treffen zum Austausch der Memoranden vorgeschlagen – der Liste mit Bedingungen für die Beendigung der Kampfhandlungen.
Ich betone: Wir sind sofort bereit, ernsthafte Gespräche über jeden einzelnen Punkt des Paketabkommens zu einem möglichen Waffenstillstand zu beginnen.
Die ukrainische Seite ging sich beraten. Offenbar hat sich das Treffen in die Länge gezogen. Wir warten auf eine Bestätigung und sind bereit, uns zum vereinbarten Termin persönlich zu treffen und mit der Arbeit zu beginnen.
Im Interesse eines langfristigen Friedens und der Rettung von Menschenleben.“
Daraufhin gab es am gleichen Abend eine Antwort aus Kiew, über die die russische TASS berichtete:
„Die Ukraine habe keine Einwände gegen ein Treffen mit Russland, warte aber vor dessen Durchführung auf das Memorandum der Russischen Föderation, erklärte der ukrainische Verteidigungsminister Rustem Umerow.
„Wir sind nicht gegen Treffen mit den Russen und warten auf ihr Memorandum, damit das Treffen nicht inhaltslos bleibt und dem Kriegsende tatsächlich näher kommen kann“, schrieb er auf Facebook.
Umerow fügte hinzu: „Die russische Seite hat vor der Abreise noch mindestens vier Tage Zeit, uns ihr Dokument zur Bearbeitung vorzulegen.““
Das war eine zumindest indirekte Bestätigung von möglichen Verhandlungen am 2. Juni.
Warum Istanbul und nicht der Vatikan?
Vor allem die Europäer und auch die Ukraine hatten in den letzten Tagen immer wieder den Vatikan als Verhandlungsort ins Spiel gebracht, was Russland nicht großartig kommentiert und stattdessen Istanbul vorgeschlagen hat.
Der Vatikan ist aus russischer Sicht nicht als Verhandlungsort geeignet. Eine Voraussetzung, um als Verhandlungsort für beide Seiten akzeptiert zu werden, ist die Neutralität des Gastgebers. Der Vatikan mag vorgeblich neutral sein, allerdings gibt es zwei Probleme.
Das erste – mögliche – Problem ist die Religion, denn der Vatikan könnte aus religionspolitischen Gründen nicht neutral sein, schließlich stehen der Vatikan und die russisch-orthodoxe Kirche in einer gewissen Konkurrenz zueinander. Dem Vatikan könnte die noch unter Präsident Poroschenko eingeleitete Kirchenspaltung, also die Abspaltung der von Poroschenko neu gegründeten ukrainischen orthodoxen Kirche von der russisch-orthodoxen Kirche durchaus gefallen, weil das die Orthodoxie schwächt.
Das zweite – reale – Problem ist geografischer Natur. Um in den Vatikan zu gelangen, muss man nach Italien reisen, welches ganz und gar nicht neutral ist, sondern mit der EU auf der Seite der Ukraine steht. Dass es für die russische Delegation inakzeptabel ist, zu Verhandlungen in die EU einzureisen, die faktisch eine Konfliktpartei gegen Russland ist, dürfte offensichtlich sein.
Aus den gleichen Gründen haben sich auch frühere Austragungsorte von Verhandlungen in Zeiten des Kalten Krieges – also Österreich, die Schweiz oder Finnland – disqualifiziert. Im Kalten Krieg waren das neutrale Staaten, die daher als Austragungsorte für Verhandlungen geeignet waren. Heute sind all diese Länder faktisch Konfliktparteien gegen Russland, denn Finnland ist Mitglied in der EU und der NATO, Österreich ist in der EU und die Schweiz ist zwar formell neutral, hat sich aber den Russland-Sanktionen der EU angeschlossen und damit ihre Neutralität de facto aufgegeben und ist ebenfalls zu einer Konfliktpartei gegen Russland geworden.
So verändert sich die Welt, denn nun sind Länder wie die Türkei oder arabische Staaten plötzlich in der internationalen Diplomatie gefragte Vermittler, während europäische Länder diesen Status in der internationalen Diplomatie verloren haben.
Übrigens habe ich hier bewusst das Wort „Konfliktpartei“ und nicht „Kriegspartei“ gewählt, weil die EU und auch die Schweiz durch ihre Sanktionen in jedem Fall Partei in dem Konflikt geworden sind. Das kann niemand bestreiten.
Wer inzwischen zu einer Kriegspartei gegen Russland geworden ist, habe ich oft behandelt. Laut Völkerrecht, so der Wissenschaftliche Dienst des Bundestages, wird man zur Kriegspartei, wenn man einer Kriegspartei beispielsweise Geheimdienstdaten in Echtzeit weitergibt, um die Ziele des Gegner zu beschießen. Das tun unbestritten mindestens die USA, Deutschland, Frankreich und Großbritannien.

Teile diesen Beitrag
teilen 
teilen 
teilen 
teilen 
teilen 
E-Mail 
teilen 
AUTOR: ANTI-SPIEGEL
Thomas Röper, geboren 1971, hat als Experte für Osteuropa in Finanzdienstleistungsunternehmen in Osteuropa und Russland Vorstands- und Aufsichtsratspositionen bekleidet. Heute lebt er in seiner Wahlheimat St. Petersburg. Er lebt über 15 Jahre in Russland und spricht fließend Russisch. Die Schwerpunkte seiner medienkritischen Arbeit sind das (mediale) Russlandbild in Deutschland, Kritik an der Berichterstattung westlicher Medien im Allgemeinen und die Themen (Geo-)Politik und Wirtschaft.
8 Antworten
patria.novaya_siempre sagt:
29. Mai 2025 um 19:57 Uhr
Ich unterbreche mal abwärts-vom topic. Ich fand auf YT ein interessantes Gespräch zur CAUSA Röper/Lipp v. 23.Mai.
Preradovic: „Genau. Es gibt ja jetzt auch Einreiseverbote für Journalisten. Also und zwar aus dem im neuen Sanktionspaket der EU wurden die aus Russland arbeitenden deutschen Journalisten Alina Lipp und Thomas Röper auf die Sanktionsliste gesetzt. Sie dürfen nicht in die EU einreisen und wenn sie noch Geld in der EU haben, wird das beschlagnahmend. Spenden darf man ihnen auch nicht. Das alles ohne Gerichtsverfahren. Also der Vorwurf russische Propaganda. Mein Rechtsempfinden schreit da laut auf!“
Staatsrechtler Prof. Bohme-Neßler (C.v.Ossietzky-Uni Oldenburg): „Ja, da stimmt ihr Rechtsempfinden mit dem europäischen Recht überein. Das ist auch nicht mit europäischem Recht zu vereinbaren, aus mehreren Gründen.“
In der folgenden Erörterung geht es zufällig auch um Ethik des Journalisten. Es ist Aufgabe von Journalisten, gegen Herrschende und dem Mainstream anzuschreiben. Es ist nicht Aufgabe, sich vom Bundespräsidenten einen Orden anheften zu lassen. Wenn ich mir(Preradovic) Dunya Hajali? (Boehme-Nessler) „Genau! Es macht mich fassungslos, wenn sich Journalisten von den Machthabern Orden umhängen lassen.“ Preradovic – Das gilt auch für WELT und ZDF, sich drittklassige ukrainische Orden anheften zu lassen. (Röper/Lipp ab Minute 8)
https://www.youtube.com/watch?v=9jvCFgS03_g
ZUM ANTWORTEN ANMELDEN
Angelique sagt:
30. Mai 2025 um 01:04 Uhr
Da habe ich auch noch einen: Die EU gegen das eigene Volk ? Austausch mit A. L.- vom 22.5.2025 https://www.youtube.com/watch?v=yP_UAWeS5HY
ZUM ANTWORTEN ANMELDEN
patria.novaya_siempre sagt:
29. Mai 2025 um 20:10 Uhr
FORTSETZUNG – der wahre Perlentaucher stößt bei Minute 15 (unabhängig Röper) auf die Kardinalfrage, ist D noch eine Demokratie? Und Prof. Boehme-Neßler weiß als beamteter Professor, hier stößt er an die Grenze … die Julius Caesar am Rubicon hatte … („zerstören meine folgenden Worte die Römische Republik?“)
(Preradovic:) „Also grundlegende Kritik an dem Handeln der Politiker in Berlin ist schon ein Fall für den Geheimdienst. Da muss man in dem Moment doch sagen, Deutschland ist gar keine astreine Demokratie mehr. Jetzt schon nicht. Ich weiß, Sie sind immer sehr vorsichtig, aber irgendwo …“
(Boehme-Neßler:) Also wir sind uns völlig einig, dass das nicht sein kann, dass das in der Demokratie wahnwitzig ist, diese Idee überhaupt, aber jetzt ist es aber so, ich mag es manchmal noch nicht so ganz glauben. Es wird es wird tatsächlich es wird gesagt ähm ähm aber ich kann mir das noch nicht so vorstellen. Das ist aber das liegt vielleicht daran, dass das so das Gegenteil von dem ist, WAS WIR HIER EIGENTLICH HABEN WOLLEN. Das, das übersteigt im Augenblick noch meine meine VORSTELLUNGSKRAFT (sic!). Ja, es passiert, es passiert oft und es passiert in kleineren Fällen und ich habe ich sehe auch die Tendenz, dass man es ausprobiert. Also, wenn jetzt den sechs Identitären die Ausreise verboten wird sozusagen, dann kann man das auch als Versuchsballon sehen, dass man einfach, na ja, geht das vielleicht? Nächste Mal sind es dann 30 und das nächste Mal sind es dann fadenscheinig noch fadenscheinigere Gründe als jetzt. Das ist alles ähm ja, wir sind auf einem ähm slippery Slop, auf einer auf einer schiefen Ebene. Wir müssen aufpassen und es kann auch sein, dass der dass der das Abtriften dann irgendwie steiler wird. Äh wir sind uns völlig einig, dass man dass das alles nicht geht. Die Fälle, über die wir sprechen, dass die alle verfassungswidrig und rechtswidrig sind. Ähm wir sind uns noch nicht ganz einig bei der Frage, wie tief ist das eigentlich schon?“
ZUM ANTWORTEN ANMELDEN
patria.novaya_siempre sagt:
29. Mai 2025 um 20:37 Uhr
Zusammenfassend: wir erleben einen panisch getriebenen Professor des ‚Rechts‘, der mit verschlungenen Wortverschachtelungen noch sein letztes ‚Treue-Bekenntnis‘ seinem staatlichen Sponsor gegenüber beweisen möchte … aber die nackte Realität in Person fragender Preradovic beweist ihm nun … er steht auf einer spitzen Klippe im Angesicht ‚schäumender See‘ … d.h. ‚schäumende See‘ ihn unschuldig fragender REALITÄT … die schiere Naturgewalt!
„Das ist der Weisheit letzter Schluss: Nur der verdient sich Freiheit wie das Leben, Der täglich sie erobern muss“
ZUM ANTWORTEN ANMELDEN
patria.novaya_siempre sagt:
29. Mai 2025 um 20:47 Uhr
mein skurriler, weil unausgegoren spontaner TIPP: würde RÖPER sich der Spruch aus Goethes Faust zum Leitspruch wählen … würde ihn jeder „spontan versteh’n Leyen recht alt aussehen!“
ZUM ANTWORTEN ANMELDEN
patria.novaya_siempre sagt:
29. Mai 2025 um 20:49 Uhr
DEN Spruch aus … Mann Mann Mann! Stelle wieder mal exakt fest: „meine Tastatur ist gegen mich!“
ZUM ANTWORTEN ANMELDEN
Zappenduster sagt:
30. Mai 2025 um 00:37 Uhr
Wie schade… da waren diese „Experten“ so nah dran erstmals wirklich einen klaren Gedanken zu fassen und sich einem greifbaren Ergebnis zu nähern. Doch dann haben denen Dressur und Erziehung wie gewohnt den Stecker gezogen.
ZUM ANTWORTEN ANMELDEN
Zappenduster sagt:
30. Mai 2025 um 00:42 Uhr
Die Ukraine habe keine Einwände gegen ein Treffen mit Russland, warte aber vor dessen Durchführung auf das Memorandum der Russischen Föderation, erklärte der ukrainische Verteidigungsminister Rustem Umerow.
Mit anderen Worten: Wir haben keinen Bock und brauchen jetzt erstmal Stoff von eurer Seite, um euch erneut einen reinwürgen zu können.
Dass alles ermüdet mich zunehmend. Wie lange wollen die in Kiew denn nun noch Siegermacht spielen, bis sie all ihre Leute verheizt haben?
ZUM ANTWORTEN ANMELDEN
SCHREIBE EINEN KOMMENTAR
Du musst angemeldet sein, um einen Kommentar abzugeben.
Zurück
Nächster Beitrag: Merz und die Angriffe mit Langstreckenwaffen auf Russland","patria.novaya_siempre sagt:
29. Mai 2025 um 19:57 Uhr
Ich unterbreche mal abwärts-vom topic. Ich fand auf YT ein interessantes Gespräch zur CAUSA Röper/Lipp v. 23.Mai.
Preradovic: „Genau. Es gibt ja jetzt auch Einreiseverbote für Journalisten. Also und zwar aus dem im neuen Sanktionspaket der EU wurden die aus Russland arbeitenden deutschen Journalisten Alina Lipp und Thomas Röper auf die Sanktionsliste gesetzt. Sie dürfen nicht in die EU einreisen und wenn sie noch Geld in der EU haben, wird das beschlagnahmend. Spenden darf man ihnen auch nicht. Das alles ohne Gerichtsverfahren. Also der Vorwurf russische Propaganda. Mein Rechtsempfinden schreit da laut auf!“
Staatsrechtler Prof. Bohme-Neßler (C.v.Ossietzky-Uni Oldenburg): „Ja, da stimmt ihr Rechtsempfinden mit dem europäischen Recht überein. Das ist auch nicht mit europäischem Recht zu vereinbaren, aus mehreren Gründen.“
In der folgenden Erörterung geht es zufällig auch um Ethik des Journalisten. Es ist Aufgabe von Journalisten, gegen Herrschende und dem Mainstream anzuschreiben. Es ist nicht Aufgabe, sich vom Bundespräsidenten einen Orden anheften zu lassen. Wenn ich mir(Preradovic) Dunya Hajali? (Boehme-Nessler) „Genau! Es macht mich fassungslos, wenn sich Journalisten von den Machthabern Orden umhängen lassen.“ Preradovic – Das gilt auch für WELT und ZDF, sich drittklassige ukrainische Orden anheften zu lassen. (Röper/Lipp ab Minute 8)
https://www.youtube.com/watch?v=9jvCFgS03_g
ZUM ANTWORTEN ANMELDEN
Angelique sagt:
30. Mai 2025 um 01:04 Uhr
Da habe ich auch noch einen: Die EU gegen das eigene Volk ? Austausch mit A. L.- vom 22.5.2025 https://www.youtube.com/watch?v=yP_UAWeS5HY
ZUM ANTWORTEN ANMELDEN
patria.novaya_siempre sagt:
29. Mai 2025 um 20:10 Uhr
FORTSETZUNG – der wahre Perlentaucher stößt bei Minute 15 (unabhängig Röper) auf die Kardinalfrage, ist D noch eine Demokratie? Und Prof. Boehme-Neßler weiß als beamteter Professor, hier stößt er an die Grenze … die Julius Caesar am Rubicon hatte … („zerstören meine folgenden Worte die Römische Republik?“)
(Preradovic:) „Also grundlegende Kritik an dem Handeln der Politiker in Berlin ist schon ein Fall für den Geheimdienst. Da muss man in dem Moment doch sagen, Deutschland ist gar keine astreine Demokratie mehr. Jetzt schon nicht. Ich weiß, Sie sind immer sehr vorsichtig, aber irgendwo …“
(Boehme-Neßler:) Also wir sind uns völlig einig, dass das nicht sein kann, dass das in der Demokratie wahnwitzig ist, diese Idee überhaupt, aber jetzt ist es aber so, ich mag es manchmal noch nicht so ganz glauben. Es wird es wird tatsächlich es wird gesagt ähm ähm aber ich kann mir das noch nicht so vorstellen. Das ist aber das liegt vielleicht daran, dass das so das Gegenteil von dem ist, WAS WIR HIER EIGENTLICH HABEN WOLLEN. Das, das übersteigt im Augenblick noch meine meine VORSTELLUNGSKRAFT (sic!). Ja, es passiert, es passiert oft und es passiert in kleineren Fällen und ich habe ich sehe auch die Tendenz, dass man es ausprobiert. Also, wenn jetzt den sechs Identitären die Ausreise verboten wird sozusagen, dann kann man das auch als Versuchsballon sehen, dass man einfach, na ja, geht das vielleicht? Nächste Mal sind es dann 30 und das nächste Mal sind es dann fadenscheinig noch fadenscheinigere Gründe als jetzt. Das ist alles ähm ja, wir sind auf einem ähm slippery Slop, auf einer auf einer schiefen Ebene. Wir müssen aufpassen und es kann auch sein, dass der dass der das Abtriften dann irgendwie steiler wird. Äh wir sind uns völlig einig, dass man dass das alles nicht geht. Die Fälle, über die wir sprechen, dass die alle verfassungswidrig und rechtswidrig sind. Ähm wir sind uns noch nicht ganz einig bei der Frage, wie tief ist das eigentlich schon?“
ZUM ANTWORTEN ANMELDEN
patria.novaya_siempre sagt:
29. Mai 2025 um 20:37 Uhr
Zusammenfassend: wir erleben einen panisch getriebenen Professor des ‚Rechts‘, der mit verschlungenen Wortverschachtelungen noch sein letztes ‚Treue-Bekenntnis‘ seinem staatlichen Sponsor gegenüber beweisen möchte … aber die nackte Realität in Person fragender Preradovic beweist ihm nun … er steht auf einer spitzen Klippe im Angesicht ‚schäumender See‘ … d.h. ‚schäumende See‘ ihn unschuldig fragender REALITÄT … die schiere Naturgewalt!
„Das ist der Weisheit letzter Schluss: Nur der verdient sich Freiheit wie das Leben, Der täglich sie erobern muss“
ZUM ANTWORTEN ANMELDEN
patria.novaya_siempre sagt:
29. Mai 2025 um 20:47 Uhr
mein skurriler, weil unausgegoren spontaner TIPP: würde RÖPER sich der Spruch aus Goethes Faust zum Leitspruch wählen … würde ihn jeder „spontan versteh’n Leyen recht alt aussehen!“
ZUM ANTWORTEN ANMELDEN
patria.novaya_siempre sagt:
29. Mai 2025 um 20:49 Uhr
DEN Spruch aus … Mann Mann Mann! Stelle wieder mal exakt fest: „meine Tastatur ist gegen mich!“
ZUM ANTWORTEN ANMELDEN
Zappenduster sagt:
30. Mai 2025 um 00:37 Uhr
Wie schade… da waren diese „Experten“ so nah dran erstmals wirklich einen klaren Gedanken zu fassen und sich einem greifbaren Ergebnis zu nähern. Doch dann haben denen Dressur und Erziehung wie gewohnt den Stecker gezogen.
ZUM ANTWORTEN ANMELDEN
Zappenduster sagt:
30. Mai 2025 um 00:42 Uhr
Die Ukraine habe keine Einwände gegen ein Treffen mit Russland, warte aber vor dessen Durchführung auf das Memorandum der Russischen Föderation, erklärte der ukrainische Verteidigungsminister Rustem Umerow.
Mit anderen Worten: Wir haben keinen Bock und brauchen jetzt erstmal Stoff von eurer Seite, um euch erneut einen reinwürgen zu können.
Dass alles ermüdet mich zunehmend. Wie lange wollen die in Kiew denn nun noch Siegermacht spielen, bis sie all ihre Leute verheizt haben?
ZUM ANTWORTEN ANMELDEN",https://anti-spiegel.ru/2025/naechstes-treffen-zur-ukraine-am-2-juni/,"Nächstes Treffen zur Ukraine am 2. Juni? Russland hat das nächste Treffen mit der Ukraine zu direkten Verhandlungen in Istanbul für den 2. Juni vorgeschlagen. Aus Kiew gab es bisher keine eindeutige Antwort. Ukraine-Verhandlungen
Nächstes Treffen zur Ukraine am 2. Juni?
Russland hat das nächste Treffen mit der Ukraine zu direkten Verhandlungen in Istanbul für den 2. Juni vorgeschlagen. Aus Kiew gab es bisher keine eindeutige Antwort.
von Anti-Spiegel
29. Mai 2025 19:32 Uhr
Nach dem ersten Treffen von Delegationen aus Russland und der Ukraine seit über drei Jahren in Istanbul wurde vereinbart, zunächst einen großen Gefangenenaustausch durchzuführen, der inzwischen abgeschlossen ist, und die Gespräche später fortzusetzen. Bei dem Telefonat zwischen den Präsidenten Putin und Trump wurde danach beschlossen, dass jede Seite ihre Vorstellungen über einen Waffenstillstand in einem Memorandum zu Papier bringt, um beim nächsten Treffen darüber zu verhandeln.
Wenig überraschend wird gemeldet, dass beide Memoranden sich deutlich voneinander unterscheiden, auch wenn die genauen Texte bisher nirgends veröffentlicht wurden. Auch scheinen die beiden Seiten den Text der jeweils anderen Seite noch nicht gesehen zu haben. Aber es gab interessanterweise einen direkten Kontakt zwischen Russland und der Ukraine.
Am Mittwoch, dem 28. Mai, schlug der russische Außenminister vor, die Gespräche am 2. Juni in Istanbul fortzusetzen. Die russische Delegation werde wieder von Waldimir Medinski geleitet.
Kurz darauf schrieb der russische Verhandlungsführer Medinski am Abend des 28. Mai auf Telegram:
„Ich habe die Nachricht gelesen, die von allen weltweiten Agenturen verbreitet wurde: R. Umerow hat mich wegen des Memorandums angerufen, das wir angeblich noch nicht vorbereitet haben. Nach dem Motto, die Russen hätten es nicht eilig.
Ich kommentiere das.
Es ist fast so.
Ich habe Umerow heute selbst angerufen und einen genauen Termin und Ort für ein Treffen zum Austausch der Memoranden vorgeschlagen – der Liste mit Bedingungen für die Beendigung der Kampfhandlungen.
Ich betone: Wir sind sofort bereit, ernsthafte Gespräche über jeden einzelnen Punkt des Paketabkommens zu einem möglichen Waffenstillstand zu beginnen.
Die ukrainische Seite ging sich beraten. Offenbar hat sich das Treffen in die Länge gezogen. Wir warten auf eine Bestätigung und sind bereit, uns zum vereinbarten Termin persönlich zu treffen und mit der Arbeit zu beginnen.
Im Interesse eines langfristigen Friedens und der Rettung von Menschenleben.“
Daraufhin gab es am gleichen Abend eine Antwort aus Kiew, über die die russische TASS berichtete:
„Die Ukraine habe keine Einwände gegen ein Treffen mit Russland, warte aber vor dessen Durchführung auf das Memorandum der Russischen Föderation, erklärte der ukrainische Verteidigungsminister Rustem Umerow.
„Wir sind nicht gegen Treffen mit den Russen und warten auf ihr Memorandum, damit das Treffen nicht inhaltslos bleibt und dem Kriegsende tatsächlich näher kommen kann“, schrieb er auf Facebook.
Umerow fügte hinzu: „Die russische Seite hat vor der Abreise noch mindestens vier Tage Zeit, uns ihr Dokument zur Bearbeitung vorzulegen.““
Das war eine zumindest indirekte Bestätigung von möglichen Verhandlungen am 2. Juni.
Warum Istanbul und nicht der Vatikan?
Vor allem die Europäer und auch die Ukraine hatten in den letzten Tagen immer wieder den Vatikan als Verhandlungsort ins Spiel gebracht, was Russland nicht großartig kommentiert und stattdessen Istanbul vorgeschlagen hat.
Der Vatikan ist aus russischer Sicht nicht als Verhandlungsort geeignet. Eine Voraussetzung, um als Verhandlungsort für beide Seiten akzeptiert zu werden, ist die Neutralität des Gastgebers. Der Vatikan mag vorgeblich neutral sein, allerdings gibt es zwei Probleme.
Das erste – mögliche – Problem ist die Religion, denn der Vatikan könnte aus religionspolitischen Gründen nicht neutral sein, schließlich stehen der Vatikan und die russisch-orthodoxe Kirche in einer gewissen Konkurrenz zueinander. Dem Vatikan könnte die noch unter Präsident Poroschenko eingeleitete Kirchenspaltung, also die Abspaltung der von Poroschenko neu gegründeten ukrainischen orthodoxen Kirche von der russisch-orthodoxen Kirche durchaus gefallen, weil das die Orthodoxie schwächt.
Das zweite – reale – Problem ist geografischer Natur. Um in den Vatikan zu gelangen, muss man nach Italien reisen, welches ganz und gar nicht neutral ist, sondern mit der EU auf der Seite der Ukraine steht. Dass es für die russische Delegation inakzeptabel ist, zu Verhandlungen in die EU einzureisen, die faktisch eine Konfliktpartei gegen Russland ist, dürfte offensichtlich sein.
Aus den gleichen Gründen haben sich auch frühere Austragungsorte von Verhandlungen in Zeiten des Kalten Krieges – also Österreich, die Schweiz oder Finnland – disqualifiziert. Im Kalten Krieg waren das neutrale Staaten, die daher als Austragungsorte für Verhandlungen geeignet waren. Heute sind all diese Länder faktisch Konfliktparteien gegen Russland, denn Finnland ist Mitglied in der EU und der NATO, Österreich ist in der EU und die Schweiz ist zwar formell neutral, hat sich aber den Russland-Sanktionen der EU angeschlossen und damit ihre Neutralität de facto aufgegeben und ist ebenfalls zu einer Konfliktpartei gegen Russland geworden.
So verändert sich die Welt, denn nun sind Länder wie die Türkei oder arabische Staaten plötzlich in der internationalen Diplomatie gefragte Vermittler, während europäische Länder diesen Status in der internationalen Diplomatie verloren haben.
Übrigens habe ich hier bewusst das Wort „Konfliktpartei“ und nicht „Kriegspartei“ gewählt, weil die EU und auch die Schweiz durch ihre Sanktionen in jedem Fall Partei in dem Konflikt geworden sind. Das kann niemand bestreiten.
Wer inzwischen zu einer Kriegspartei gegen Russland geworden ist, habe ich oft behandelt. Laut Völkerrecht, so der Wissenschaftliche Dienst des Bundestages, wird man zur Kriegspartei, wenn man einer Kriegspartei beispielsweise Geheimdienstdaten in Echtzeit weitergibt, um die Ziele des Gegner zu beschießen. Das tun unbestritten mindestens die USA, Deutschland, Frankreich und Großbritannien.

Teile diesen Beitrag
teilen 
teilen 
teilen 
teilen 
teilen 
E-Mail 
teilen 
AUTOR: ANTI-SPIEGEL
Thomas Röper, geboren 1971, hat als Experte für Osteuropa in Finanzdienstleistungsunternehmen in Osteuropa und Russland Vorstands- und Aufsichtsratspositionen bekleidet. Heute lebt er in seiner Wahlheimat St. Petersburg. Er lebt über 15 Jahre in Russland und spricht fließend Russisch. Die Schwerpunkte seiner medienkritischen Arbeit sind das (mediale) Russlandbild in Deutschland, Kritik an der Berichterstattung westlicher Medien im Allgemeinen und die Themen (Geo-)Politik und Wirtschaft.
8 Antworten
patria.novaya_siempre sagt:
29. Mai 2025 um 19:57 Uhr
Ich unterbreche mal abwärts-vom topic. Ich fand auf YT ein interessantes Gespräch zur CAUSA Röper/Lipp v. 23.Mai.
Preradovic: „Genau. Es gibt ja jetzt auch Einreiseverbote für Journalisten. Also und zwar aus dem im neuen Sanktionspaket der EU wurden die aus Russland arbeitenden deutschen Journalisten Alina Lipp und Thomas Röper auf die Sanktionsliste gesetzt. Sie dürfen nicht in die EU einreisen und wenn sie noch Geld in der EU haben, wird das beschlagnahmend. Spenden darf man ihnen auch nicht. Das alles ohne Gerichtsverfahren. Also der Vorwurf russische Propaganda. Mein Rechtsempfinden schreit da laut auf!“
Staatsrechtler Prof. Bohme-Neßler (C.v.Ossietzky-Uni Oldenburg): „Ja, da stimmt ihr Rechtsempfinden mit dem europäischen Recht überein. Das ist auch nicht mit europäischem Recht zu vereinbaren, aus mehreren Gründen.“
In der folgenden Erörterung geht es zufällig auch um Ethik des Journalisten. Es ist Aufgabe von Journalisten, gegen Herrschende und dem Mainstream anzuschreiben. Es ist nicht Aufgabe, sich vom Bundespräsidenten einen Orden anheften zu lassen. Wenn ich mir(Preradovic) Dunya Hajali? (Boehme-Nessler) „Genau! Es macht mich fassungslos, wenn sich Journalisten von den Machthabern Orden umhängen lassen.“ Preradovic – Das gilt auch für WELT und ZDF, sich drittklassige ukrainische Orden anheften zu lassen. (Röper/Lipp ab Minute 8)
https://www.youtube.com/watch?v=9jvCFgS03_g
ZUM ANTWORTEN ANMELDEN
Angelique sagt:
30. Mai 2025 um 01:04 Uhr
Da habe ich auch noch einen: Die EU gegen das eigene Volk ? Austausch mit A. L.- vom 22.5.2025 https://www.youtube.com/watch?v=yP_UAWeS5HY
ZUM ANTWORTEN ANMELDEN
patria.novaya_siempre sagt:
29. Mai 2025 um 20:10 Uhr
FORTSETZUNG – der wahre Perlentaucher stößt bei Minute 15 (unabhängig Röper) auf die Kardinalfrage, ist D noch eine Demokratie? Und Prof. Boehme-Neßler weiß als beamteter Professor, hier stößt er an die Grenze … die Julius Caesar am Rubicon hatte … („zerstören meine folgenden Worte die Römische Republik?“)
(Preradovic:) „Also grundlegende Kritik an dem Handeln der Politiker in Berlin ist schon ein Fall für den Geheimdienst. Da muss man in dem Moment doch sagen, Deutschland ist gar keine astreine Demokratie mehr. Jetzt schon nicht. Ich weiß, Sie sind immer sehr vorsichtig, aber irgendwo …“
(Boehme-Neßler:) Also wir sind uns völlig einig, dass das nicht sein kann, dass das in der Demokratie wahnwitzig ist, diese Idee überhaupt, aber jetzt ist es aber so, ich mag es manchmal noch nicht so ganz glauben. Es wird es wird tatsächlich es wird gesagt ähm ähm aber ich kann mir das noch nicht so vorstellen. Das ist aber das liegt vielleicht daran, dass das so das Gegenteil von dem ist, WAS WIR HIER EIGENTLICH HABEN WOLLEN. Das, das übersteigt im Augenblick noch meine meine VORSTELLUNGSKRAFT (sic!). Ja, es passiert, es passiert oft und es passiert in kleineren Fällen und ich habe ich sehe auch die Tendenz, dass man es ausprobiert. Also, wenn jetzt den sechs Identitären die Ausreise verboten wird sozusagen, dann kann man das auch als Versuchsballon sehen, dass man einfach, na ja, geht das vielleicht? Nächste Mal sind es dann 30 und das nächste Mal sind es dann fadenscheinig noch fadenscheinigere Gründe als jetzt. Das ist alles ähm ja, wir sind auf einem ähm slippery Slop, auf einer auf einer schiefen Ebene. Wir müssen aufpassen und es kann auch sein, dass der dass der das Abtriften dann irgendwie steiler wird. Äh wir sind uns völlig einig, dass man dass das alles nicht geht. Die Fälle, über die wir sprechen, dass die alle verfassungswidrig und rechtswidrig sind. Ähm wir sind uns noch nicht ganz einig bei der Frage, wie tief ist das eigentlich schon?“
ZUM ANTWORTEN ANMELDEN
patria.novaya_siempre sagt:
29. Mai 2025 um 20:37 Uhr
Zusammenfassend: wir erleben einen panisch getriebenen Professor des ‚Rechts‘, der mit verschlungenen Wortverschachtelungen noch sein letztes ‚Treue-Bekenntnis‘ seinem staatlichen Sponsor gegenüber beweisen möchte … aber die nackte Realität in Person fragender Preradovic beweist ihm nun … er steht auf einer spitzen Klippe im Angesicht ‚schäumender See‘ … d.h. ‚schäumende See‘ ihn unschuldig fragender REALITÄT … die schiere Naturgewalt!
„Das ist der Weisheit letzter Schluss: Nur der verdient sich Freiheit wie das Leben, Der täglich sie erobern muss“
ZUM ANTWORTEN ANMELDEN
patria.novaya_siempre sagt:
29. Mai 2025 um 20:47 Uhr
mein skurriler, weil unausgegoren spontaner TIPP: würde RÖPER sich der Spruch aus Goethes Faust zum Leitspruch wählen … würde ihn jeder „spontan versteh’n Leyen recht alt aussehen!“
ZUM ANTWORTEN ANMELDEN
patria.novaya_siempre sagt:
29. Mai 2025 um 20:49 Uhr
DEN Spruch aus … Mann Mann Mann! Stelle wieder mal exakt fest: „meine Tastatur ist gegen mich!“
ZUM ANTWORTEN ANMELDEN
Zappenduster sagt:
30. Mai 2025 um 00:37 Uhr
Wie schade… da waren diese „Experten“ so nah dran erstmals wirklich einen klaren Gedanken zu fassen und sich einem greifbaren Ergebnis zu nähern. Doch dann haben denen Dressur und Erziehung wie gewohnt den Stecker gezogen.
ZUM ANTWORTEN ANMELDEN
Zappenduster sagt:
30. Mai 2025 um 00:42 Uhr
Die Ukraine habe keine Einwände gegen ein Treffen mit Russland, warte aber vor dessen Durchführung auf das Memorandum der Russischen Föderation, erklärte der ukrainische Verteidigungsminister Rustem Umerow.
Mit anderen Worten: Wir haben keinen Bock und brauchen jetzt erstmal Stoff von eurer Seite, um euch erneut einen reinwürgen zu können.
Dass alles ermüdet mich zunehmend. Wie lange wollen die in Kiew denn nun noch Siegermacht spielen, bis sie all ihre Leute verheizt haben?
ZUM ANTWORTEN ANMELDEN
SCHREIBE EINEN KOMMENTAR
Du musst angemeldet sein, um einen Kommentar abzugeben.
Zurück
Nächster Beitrag: Merz und die Angriffe mit Langstreckenwaffen auf Russland"
2025-05-29,Merz und die Angriffe mit Langstreckenwaffen auf Russland,"Bundeskanzler Merz hat erklärt, Deutschland und andere Länder hätten alle Beschränkungen für Angriffe mit Langstreckenwaffen auf Russland aufgehoben. Daran gibt es sowohl begründete Zweifel aber es gibt auch Bestätigungen dafür. Was ist da los?","Hat er, oder hat er nicht?
Merz und die Angriffe mit Langstreckenwaffen auf Russland
Bundeskanzler Merz hat erklärt, Deutschland und andere Länder hätten alle Beschränkungen für Angriffe mit Langstreckenwaffen auf Russland aufgehoben. Daran gibt es sowohl begründete Zweifel aber es gibt auch Bestätigungen dafür. Was ist da los?
von Anti-Spiegel
29. Mai 2025 16:25 Uhr
Bundeskanzler Merz hat medienwirksam verkündet, Deutschland habe alle Beschränkungen für ukrainische Angriffe mit aus dem Deutschland gelieferten Langstreckenwaffen auf Ziele in Russland aufgehoben. Und er sagte, dass gelte auch für Frankreich, Großbritannien und die USA. Das wirft Fragen auf.
Deutschland hat offiziell bisher keine Langstreckenwaffen an Kiew geliefert, daher stellt sich die Frage, was die Aussage von Merz sollte. Allerdings hat Merz zuvor angekündigt, der Ukraine umgehend Taurus-Raketen zu liefern, wenn er Kanzler wird. Offiziell bestätigt ist diese Lieferung bisher nicht, aber es gibt immer mehr Meldungen, dass die Lieferung bereits erfolgt ist und man kann die Erklärung von Merz so interpretieren, dass er die Öffentlichkeit auf Angriffe mit den Taurus vorbereitet.
Großbritannien und Frankreich haben ihre baugleichen Marschflugkörper Storm Shadow und SCALP an Kiew geliefert und sie wurden bereits gegen Ziele in Russland eingesetzt, weshalb die Aussage von Merz nichts Neues enthielt, was diese Länder betrifft.
Die Biden-Regierung hat nach der verlorenen Wahl im November die Beschränkungen für die von ihr gelieferten ATACMS-Raketen aufgehoben. Auch das ist also ein alter Hut.
Allerdings hat die neue US-Regierung diese Erlaubnis möglicherweise wieder gekippt, denn ein Sprecher des US-Außenministeriums weigerte sich, die Aussage von Merz zu bestätigen, die USA hätten keine Beschränkungen für die Reichweite von Kiewer Angriffen mit von den USA gelieferten Raketen festgelegt.
Hinzu kommt, dass Deutschland wegen seiner Geschichte auch in Russland ein Sonderfall ist. Während die russische Regierung Angriffe von französischen, britischen und amerikanischen Raketen „aussitzen“ und weiter verhandeln kann, würde die russische Öffentlichkeit Vergeltung für Angriffe mit Taurus-Raketen auf Ziele in Russland fordern. Die russische Regierung könnte dem Druck kaum standhalten und wäre wahrscheinlich gezwungen, mit Angriffen auf Ziele in Deutschland zu reagieren.
Responsible Statecraft, ein US-Thinktank, hat sich mit der Aussage von Merz beschäftigt und ich habe den Artikel übersetzt.
Beginn der Übersetzung:
Deutschland stolpert in der Frage der Langstreckenwaffen für die Ukraine in die Offensive
Der Bundeskanzler sagt, es gibt keine Beschränkungen mehr für „Angriffe auf mitltärische Ziele in Russland“
Von Aaron Sobczak | Responsible Statecraft
Bundeskanzler Friedrich Merz hat angekündigt, dass Deutschland, und möglicherweise weitere westliche Verbündete, die Beschränkung der Reichweiten für westlich gelieferte Offensivwaffen an die Ukraine aufheben würden.
„Es gibt keine Beschränkung der Reichweiten mehr für die an die Ukraine gelieferten Waffen, weder von britischer noch von französischer, von unserer oder von amerikanischer Seite“, sagte der erst kürzlich gewählte Kanzler am vergangenen Montag auf dem Europaforum 2025 des WDR.
„Wir werden alles in unserer Macht Stehende tun, um die Ukraine weiterhin zu unterstützen. Das bedeutet auch, keine Beschränkung der Reichweiten mehr bei den Waffen, die wir liefern. Die Ukraine kann sich nun auch dadurch verteidigen, dass sie militärische Ziele in Russland angreifen kann“, schrieb Merz in sozialen Medien.
Unklar bleibt, ob sich Merz mit seiner Aussage zu „den Amerikanern“ auf eine neue, bislang nicht bekannt gewordene Richtlinie der Administration von Donald Trump bezog oder auf eine früher getroffene Entscheidung der Regierung von Ex-Präsident Joe Biden aus dem November 2024, der Ukraine den Einsatz des taktischen Raketensystems ATACMS bis tief ins russische Kernland zu erlauben. Die Kyiv Post berichtete, dass Präsident Trump „ernsthaft erwägt“, die verbliebenen Beschränkungen aus Bidens Amtszeit aufzuheben.
Kremlsprecher Dmitri Peskow bezeichnete die Entscheidung als „ziemlich gefährlich“ und fügte hinzu: „Wenn solche Entscheidungen getroffen werden, stehen sie eindeutig im Widerspruch zu unseren Bemühungen, eine politische Lösung zu finden und zu den laufenden Verhandlungsformaten.“
Russlands Präsident Wladimir Putin hatte bereits im vergangenen September gewarnt, dass „die NATO-Staaten, die USA und die europäischen Länder in den Krieg mit Russland treten“, wenn sie der Ukraine erlauben, ihre Raketen tief ins russische Territorium abzufeuern.
Welche Bedeutung die Ankündigung von Merz konkret hat, bleibt dennoch unklar. Vizekanzler und Bundesfinanzminister Lars Klingbeil erklärte gegenüber Journalisten: „Es gibt keine neue Vereinbarung, die über das hinausgeht, was die vorherige Regierung beschlossen hat.“
Merz selbst betonte zudem am vergangenen Dienstag: „Ich habe gestern in Berlin etwas beschrieben, das seit Monaten gilt, nämlich dass die Ukraine das Recht hat, die gelieferten Waffen auch jenseits ihrer Grenzen gegen militärische Ziele auf russischem Gebiet einzusetzen.“
Trotz entsprechender Bitten aus Kiew hat Deutschland der Ukraine bislang keine Waffen geliefert, die tief ins russische Kernland reichen könnten, nachdem der frühere Kanzler Olaf Scholz dies für einen Schritt hielt, der zu weit gehen könnte. Der neue Bundeskanzler Friedrich Merz und der ukrainische Präsident Wladimir Selensky haben jedoch bei ihrem Treffen in Berlin über die Möglichkeit der Lieferung von weitreichenden Marschflugkörpern des Typs Taurus gesprochen.
„Wir haben im vergangenen Jahr mit dem russischen Einsatz von Oreschnik gesehen, dass Putin konsequent eskaliert“, kommentierte der ehemalige britische Diplomat Ian Proud. „Die Frage die sich für Merz stellt, lautet somit: Welche Eskalationsstufe soll er als Nächstes betreten, wenn Putin einen weiteren Angriff mit der Oreschnik lanciert oder – Gott bewahre – noch heftigeres? Wenn Merz nicht gründlich darüber nachgedacht hat – und ich befürchte, das hat er nicht – sollte er es sich besser noch einmal überlegen. Sonst riskiert er, schwach und wankelmütig zu erscheinen, wenn er sich gezwungen sieht, zurückzurudern.“
_____________
Aaron Sobczak ist Berichterstatter für Responsible Statecraft und Mitarbeiter des Mises Institute. Er erwarb sowohl seinen Bachelor als auch seinen Master in Internationalen Beziehungen an der Liberty University.
Ende der Übersetzung

Teile diesen Beitrag
teilen 
teilen 
teilen 
teilen 
teilen 
E-Mail 
teilen 
AUTOR: ANTI-SPIEGEL
Thomas Röper, geboren 1971, hat als Experte für Osteuropa in Finanzdienstleistungsunternehmen in Osteuropa und Russland Vorstands- und Aufsichtsratspositionen bekleidet. Heute lebt er in seiner Wahlheimat St. Petersburg. Er lebt über 15 Jahre in Russland und spricht fließend Russisch. Die Schwerpunkte seiner medienkritischen Arbeit sind das (mediale) Russlandbild in Deutschland, Kritik an der Berichterstattung westlicher Medien im Allgemeinen und die Themen (Geo-)Politik und Wirtschaft.
43 Antworten
Paco sagt:
29. Mai 2025 um 16:35 Uhr
Schlechte Nachrichten für Merz von Chat-GPT:
Ergebnis:
Eine Iskander-Rakete würde von Kaliningrad nach Berlin je nach Geschwindigkeit etwa 3,7 bis 4,3 Minuten benötigen
Zusammenfassung der Taurus-Flugzeiten:
Startort Entfernung Flugzeit (ca.)
Sumy 450 km 23–28 Minuten
Charkiw 650 km 34–40 Minuten
Kiew 750 km 39–46 Minuten
ZUM ANTWORTEN ANMELDEN
VladTepes sagt:
29. Mai 2025 um 16:47 Uhr
Tja – hatten wir schon mal geschrieben, daß – wenn „D“ direkt involviert ist, Russland auch direkt antwortet…
Und – – –
„Bündnisfall“ – wird es nicht geben – es werden zwar ein paar Schelte-Parolen vom Bande gelassen, doch der „Rest“ von nato&“eu“ wird sich umdrehen, um hämisch-schadenfroh über „D“ zu lachen… – vielleicht sogar offen ins Gesicht, auch dafür gäbe es diverse Kandidaten….
„D“ wird endlich einsehen müssen – daß es allein dasteht und wie immer nur der vorgelegte, schmutzige Bettvorleger „der Anderen“ ist – und wie auch immer geschichtlich gesehen nur den Part des Zahlemanns zu übernehmen hat.
„Große Klappe“…?? – kann sich auch der „aus-ge-merz-te“ nicht lange leisten…..
ZUM ANTWORTEN ANMELDEN
beat schaller sagt:
29. Mai 2025 um 18:47 Uhr
VladTepes: Dein Wort in gottes Ohr! Ich bin mir noch nicht so sicher, dass da wirklich die Nato draussen bleibt. Ich hätte natürlich immer noch lieber eine Niederlage auf dem Papier und dann einen friedlichen Weg aus diesem, von den USA eingefädelten Krieg seit 2008, welcher mittlerweile längst eingestanden wurde von USA und EU. Die Politkasper der EU und GB sind wohl alleine nicht in der Lage, etwas zu ändern.
ZUM ANTWORTEN ANMELDEN
Stop Bush and Clinton sagt:
29. Mai 2025 um 19:19 Uhr
Eine russische Antwort würde mit an Sicherheit grenzender Wahrscheinlichkeit den NAziTO-Bündnisfall auslösen. Die Regeln in Art. 5 sagen zwar, dass der Bündnisfall nicht eintritt, wenn das betroffene NATO-Land zuerst angegriffen hat, aber das werden die NAziTO-Terroristen niemals zugeben.
Die russische Antwort auf den Merz-Angriff wird mit Sicherheit als „vollkommen unprovozierter Angriffskrieg Russlands gegen ein friedliches Land“ dargestellt werden — sowohl von den Lügenmedien als auch von den offiziellen Stellen von EU und NAziTO.
Und wenn die NAziTO „unprovozierter Angriffskrieg“ schreit, kann sie nicht gleichzeitig sagen „aber kein Bündnisfall, weil der unprovozierte Angriffskrieg vielleicht doch nur ein Akt der Selbstverteidigung gegen Hitlers Nachfolger war“.
Etwas unklar ist, wie Trump reagieren würde (da wäre durchaus ein „Ihr habt nicht die verlangten 5% BIP an die NAziTO bezahlt, also werden wir Euch auch nicht verteidigen“ denkbar), aber der Rest der NAziTO, angefangen mit Micron und Starmer, wird zuschlagen.
Um so wichtiger ist es, Adolf Merz hinter Gitter zu bringen, bevor er befehlen kann, den roten Knopf zu drücken.
ZUM ANTWORTEN ANMELDEN
Joe sagt:
29. Mai 2025 um 16:54 Uhr
Auch Adolf ging einst in die Offensive..
Doch sollten sich die Wahlbürger mal endlich die richtigen Fragen stellen!
WARUM wählen noch immer 95% der Wähler Kriegsparteien die Faschisten im Osten und Nahost bewaffnen und WARUM sind noch immer 20-40% der Wähler zu faul zu wählen und akzeptieren damit das was wir aktuell haben?
Übrigens: Auch die 99,99999% Nichtwähler im Feudalismus haben damit NIE etwas erreicht, genauso wie die 20-40% von heute.
10 Fragen an die Demokratie
https://sascha313.wordpress.com/2018/01/13/10-fragen-an-die-demokratie/
ZUM ANTWORTEN ANMELDEN
Sniper sagt:
29. Mai 2025 um 17:05 Uhr
Jeder Wähler ist Teil vom System…..Du hast also eine Mitschuld, Du fütterst das System.
Lies mal Larken Rose, dann geht eventuell auch Dir ein Licht auf.
ZUM ANTWORTEN ANMELDEN
Stop Bush and Clinton sagt:
29. Mai 2025 um 19:26 Uhr
Es stimmt zwar, dass sich jeder Wähler in das System stellt, aber weil das System so aufgebaut ist, dass eine nicht abgegebene Stimme im Endeffekt eine Stimme für „weiter so“ ist (auch wenn das gesamte Volk die Wahl boykottieren würde, und nur Adolf Merz eine Stimme für sich selbst abgeben würde, wäre die Wahl gültig, und mit seiner 100%-Mehrheit könnte Merz ohne Zustimmung irgendwelcher Anderer die Verfassung ändern – die Wahlbeteiligung würde einfach ignoriert, stattdessen würden die Lügenmedien 24×7 davon berichten, wie toll Merz doch ist, dass er 100% der Wähler hinter sich vereinigen konnte), ist es besser, eine Proteststimme abzugeben. Ein Prozent für eine Kleinstpartei bringt dieser zwar nicht viel, aber es ist ein Prozent, dass den Schwarz-Grünen Kriegstreiber*innen fehlt, wenn sie den Krieg erklären oder die Grundrechte abschaffen wollen.
Eine nicht abgegebene Stimme ist eine Stimme, die zu gleichen Teilen unter den Systemparteien aufgeteilt wird.
ZUM ANTWORTEN ANMELDEN
Angelique sagt:
30. Mai 2025 um 01:18 Uhr
Wahlzettel, abgeschnittene Ecken…..also ungültig. Die basteln sich die Wählerstimmen mit Bleistift- Kreuzchen zusammen.-Gibt Radierungen in den Geschäftsbüchern. Legal ?- illegal ! ….scheißegal !
ZUM ANTWORTEN ANMELDEN
Sniper sagt:
30. Mai 2025 um 04:24 Uhr
Diesen Unsinn den du schreibst, ist allgemein verbreitet, vom System.
Larken Rose hat 3 Bücher geschrieben, sie wurden von Peter Müller übersetzt, Rose hat einen YouTube Kanal, jeder sollte sich weiterbilden.
Leben ohne Herrschaft!
ZUM ANTWORTEN ANMELDEN
frifix sagt:
29. Mai 2025 um 16:58 Uhr
Der letzte Satz ist Spitze! „Sonst riskiert er, schwach und wankelmütig zu erscheinen, wenn er sich gezwungen sieht, zurückzurudern.“
Der Kerl ist doch Weltmeister in der Politik des Zurückruderns. Scham kennt Friedrich der Zweite nicht und das Aussitzen von Fehlern ist seine wirkliche Stärke!
ZUM ANTWORTEN ANMELDEN
Paco sagt:
29. Mai 2025 um 17:41 Uhr
Da kommt er ganz nach Kohl und Merkel, aber ich glaube gegen die spielt er 2. Liga.
ZUM ANTWORTEN ANMELDEN
Stop Bush and Clinton sagt:
29. Mai 2025 um 19:33 Uhr
Stimmt, aber er ist gefährlicher.
Kohl hatte noch seine Grenzen, bis zu welchem Punkt er bei den Kriegstreibern mitspielt.
Merkel ist schon deutlich weiter gegangen als Kohl (nicht zu vergessen ihr Leitartikel in der Washington Post, in dem sie sich dafür entschuldigt hat, dass Schröder nicht bei dem unprovozierten Angriffskrieg gegen den Irak mitmachen wollte – oder ihr faules Spiel mit den Minsker Abkommen), aber hat noch nicht jeden Sinn für die Realität verloren (sie hätte wohl keine Skrupel gehabt, Russland anzugreifen — aber war zumindest noch realistisch genug, um zu sehen, dass sie diesen Krieg nicht gewinnen würde, und hat deshalb die Finger davon gelassen).
Merz ist schlimmer: Er hat überhaupt kein Gewissen (Kohl, Schröder und sogar Scholz [der wenigstens keine Taurus liefern wollte] unterstelle ich, dass sie noch ein paar Überreste davon hatten), und seine langjährige Erfahrung bei Blackrock hat ihn in den totalen Größenwahn geführt, er weiss genau, dass er über dem Gesetz steht, und denkt, mit Blackrock kann er sich alles kaufen, sogar den Endsieg über Russland.
Merz ist Hitler 2.0, mit dem Potential noch mehr Schaden anzurichten als sein Vorbild.
ZUM ANTWORTEN ANMELDEN
Ernst Lage sagt:
29. Mai 2025 um 17:00 Uhr
Sollte durch was für einen Vorfall auch immer Putin einmal ausgetauscht/ersetzt werden müssen, ist Schluß mit lustig mit den westl./europ. Ländern – dann ist die Zeit der Provokationen vorbei!
ZUM ANTWORTEN ANMELDEN
242852Galischau sagt:
29. Mai 2025 um 20:16 Uhr
100%….so sehe ich das auch….!!!
ZUM ANTWORTEN ANMELDEN
Sniper sagt:
29. Mai 2025 um 17:03 Uhr
AusgeMerzT hat alleine nullkommanix zu entscheiden, er ist nur ne billige Marionette.
Die Amis ziehen wie immer die Fäden und das Deutsche Volk bekommt was es verdient, diesmal eventuell zu letzten mal, denn alle guten Dinge sind 3.
Leben ohne Herrschaft!
ZUM ANTWORTEN ANMELDEN
VladTepes sagt:
29. Mai 2025 um 17:21 Uhr
…das „Große Karthago“ führte drei Kriege…..
ZUM ANTWORTEN ANMELDEN
Konchog Pende sagt:
29. Mai 2025 um 17:29 Uhr
Das Deutsche Volk
sososo
Das Deutsche Volk steht seit 09.11.1918 unter ordre public Fremdverwaltungen bis heute und checkt den Bonus nicht weil man es systematisch strukuriert informell verblödete. Wer dann auch noch sagt es hat es verdient ist mir sehr suspekt aber es wird es wohlmöglich zum 3 mal bekommen das ist ein zu beobachtender trauriger Fakt.
ZUM ANTWORTEN ANMELDEN
Paco sagt:
29. Mai 2025 um 17:42 Uhr
Das ist auch besser so, wenn man sich die ganzen Psychopathen hier anschaut.
ZUM ANTWORTEN ANMELDEN
Paco sagt:
29. Mai 2025 um 17:43 Uhr
Das fehlte das Zitat:
„Das Deutsche Volk steht seit 09.11.1918 unter ordre public Fremdverwaltungen“
ZUM ANTWORTEN ANMELDEN
Konchog Pende sagt:
29. Mai 2025 um 19:03 Uhr
Ach sie wähnen sich zu denen dazu zu gehören. jetzt habe ich verstanden.
Viel Freude dann mit ihrem Pontifex Solis
https://www.youtube.com/watch?v=byWDzOk5FiI
ZUM ANTWORTEN ANMELDEN
Sniper sagt:
29. Mai 2025 um 18:44 Uhr
Das Wahlvieh wählt die Politverbrecher selber, seit es Wahlen gibt…..also bekommen sie was sie verdienen.
Gar nicht so schwer zu verstehen.
Leben ohne Herrschaft!
ZUM ANTWORTEN ANMELDEN
Rinaldo sagt:
29. Mai 2025 um 17:28 Uhr
Und das Volk lässt sich lieber in die Vernichtung führen statt sich dieser Wahnsinnigen zu entledigen!!! Nichts aus WW2 gelernt.
ZUM ANTWORTEN ANMELDEN
Konchog Pende sagt:
29. Mai 2025 um 17:30 Uhr
„Es gibt kein gutmütigeres, aber auch kein leichtgläubigeres Volk als das deutsche. Keine Lüge kann grob genug ersonnen werden, die Deutschen glauben sie. Um eine Parole, die man ihnen gab, verfolgen sie ihre Landsleute mit größerer Erbitterung als ihre wirklichen Feinde.
Napoleon Bonaparte
ZUM ANTWORTEN ANMELDEN
R@iner sagt:
29. Mai 2025 um 20:31 Uhr
Darf man fragen, wie genau Ihr persönlicher Einsatz aussieht außer in Internetforen zu onanieren?
ZUM ANTWORTEN ANMELDEN
паровоз ИС20 578 sagt:
29. Mai 2025 um 23:37 Uhr
Was will man machen? Unsere Mehrheitsgesellschaft wünscht, daß Deutschland Krieg führt, und das seit Jahrzehnten, seit dem Kosovokrieg und bereits davor. Die haben ihre Überzeugungen und festen Willen. Mit der sich abzeichnenden Niederlage gegen Rußland gibt es erste Anzeichen für einen Wandel der Mehrheiten, aber so etwas ist ein langer Prozeß. So lange die Mehrheiten sind, wie sie sind, muß jede deutsche Regierung Kriegsbereitschaft zeigen. Ändern kann sich da faktisch nur etwas, wenn den Deutschen von außen die Möglichkeit genommen wird, Krieg zu führen.
ZUM ANTWORTEN ANMELDEN
katermog1992 sagt:
29. Mai 2025 um 17:35 Uhr
Es ist zu belächeln wenn alle sagen AFD sind Nazis stimmt aber….in wirklichkeit sind alle Nazis sind….seit 3 jahren liefert NATO waffen an das Nazi militär und regime Ukraine und natürlich auch an Nazi regime und miltälr und bevölkerung von Israel…und wenn man herkunft von hohen EU Polirkern auch Merz anschaut..so ein zufall das alle Nazi eltern nd großeltenr haben
ZUM ANTWORTEN ANMELDEN
Stop Bush and Clinton sagt:
29. Mai 2025 um 20:22 Uhr
Im 2. WK war ein Nazi ganz eindeutig jemand, der Krieg mit Russland wollte, mehr Soldaten und Waffen an die Ostfront (also in die Ukraine) schicken wollte, und der dem Volk die Grundrechte entziehen wollte.
Heute nennt man so jemanden einen „Demokraten“, und ein „Nazi“ ist jemand, der keinen Krieg mit Russland will, der keine Soldaten und Waffen in die Ukraine schicken will, und der aufsteht, wenn dem Volk die Grundrechte entzogen werden (Covid-1984).
Die Lügenmedien müssen die Fähigkeit verlieren, Wörter neu zu definieren, wie es ihnen gerade passt!
ZUM ANTWORTEN ANMELDEN
Hugo Habacht sagt:
29. Mai 2025 um 17:47 Uhr
Schaut Euch die Fresse doch an,Wut,Hass Verzweiflung,der ungeliebte Sohn Lach!
Was sollen die tun?
Ohne Zugriff auf russische Rohstoffe ist die EU am ENDE,komplett am Arsch.Da liegen nachgewiesene Reserven von 75 Trillionen Euro an Rohstoffen bei den Falschen,beim Iwan ,dem trinkenden Tankstellenwächter mit verrosteten Atomwaffen im Hinterhof!
Die Profitraten fallen ins Bodenlose,Firmen schließen noch und nöcher und das gesamte Maß an wirtschaftlichem Zerfall incl.Massenarbeitslosigkeit,Obdachlosigkeit,Hunger und nicht zuletzt der geistige Zerfall dieser Kunterbunten Gesellschaft läßt sich nicht mehr verbergen.
Die Armutsverwaltung sieht sich gezwungen zu streichen was zu streichen geht,Rentner sollen wieder aktiviert werden und im Rollator vor Fabriktoren auf den Einsatz für Führer Volk und Vaterland warten.
Der Rest macht einen auf Woke oder Islamisiert sich,geht in die Politik oder hängt sich auf.
Jeder wie er mag.
Kapitalismus im Endstadium nennt man das und die russischen Kapitalisten haben nun mal das Glück im Inland noch ordentlich Profitraten zu erzielen.Zur Not und wenn Putin wegschaut wird halt Grau exportiert.
Nun hat er aber Hingeschaut und den Ölmillardären den Devisenhahn zugedreht.Kein Raffiniertes Benzin,kein Diesel mehr an die westlichen Abnehmer,der Binnenmarkt hat vorrang.
Betretenes schweigen,dann ein Aufzucken und Zack Ruhe.
Die haben nach einigen Minuten verstanden das es auch ohne sie geht.
Merz macht das was das deutsche Großkapital wünscht,Russland schlagen bis es Quietscht und Freiwillig auf alles was je russisch war verzichtet.Da er ,wie die auch ,Herrenmensch mit guter Nationalfaschistischer Kinderstube ist
fällt dem halt nur Krieg und Untermensch ein ,und die sind schon immer in Russland,also macht er da weiter wo Adolf aufhören musste,ganz am Anfang.
Natürlich vermutet er das seinem Deutschland jedes andere Nahtod Land sofort beispringen wird falls Russland sich wehrt,vergisst dabei welche Blutige Spur dieses Land Quer durch Europa gezogen hat.
Millionen Tote Europäer,davon allein 600.000 Griechen werden ganz sicher genug Motivation entwickeln für die Großmachtträume des Friedrich und seiner Hausmusik spielenden Mordskumpane Krieg zu spielen.
Hakt das ab!
Der muss zur Not alleine los,keiner hilft dem.
Und nun?
Taurus?
Sehe ich nicht.
Was ich sehe ist das stetige vorrücken meiner Freunde und Mitmenschen,der einzigen Freunde die wir je hatten und haben werden.Wir haben das nur nie begriffen .
Am linken Ufer des Dnipro hat sich,nachdem die Bandristen die Orthodoxe Kirche verboten, die Katholische Kirche ,allen voran die Caritas eingenistet.
Hier schrieb ein Mitkommentator das der Krieg wie die davor nichts anderes wie die Fortsetzung der Kreuzzüge sind
und die Verantwortlichen dafür wo ganz anders sitzen.
Für die am 2.06.2025 vorgeschlagenen Gespräche war der Vatikan vorgesehen,W.Putin hat das vehement abgelehnt genau wie er davor alles vom Vatikan kommende abgelehnt hat.
Vielleicht ist ja was drann.Mich macht das Nachdenklich.
ZUM ANTWORTEN ANMELDEN
Qumingi sagt:
29. Mai 2025 um 18:27 Uhr
Möglicherweise hat die deutsche Bundesregierung auch gar nicht die Absicht, Taurus-Raketen an die Ukraine zu liefern, weil sie verstanden hat, dass dies eine weitere Eskalation bedeutet, die die Bundesregierung verhindern will sowie die Diskussion darüber.
Wladimir Putin hatte schon zu Beginn der speziellen Militäroperation gesagt, dass alle Entscheidungen diesbezüglich bereits getroffen sind. Auf russischer Seite läuft eine Art Programm ab, das man im Westen nicht kennt. Man kann es lediglich von außen beobachten und testen.
Die bisherigen Lieferungen, einschließlich der vergleichbaren Storm Shadow/SCALP, haben offensichtlich nichts geändert.
Wladimir Putin hat zuvor mehrfach gesagt, dass die Lieferung von Taurus-Raketen den aktiven Eintritt von Deutschland in den Ukraine-Krieg bedeutet und dass Russland darauf entsprechend reagieren werde.
Bisher lief es von deutscher Seite so, dass neue Militärtechnik an die Ukraine geliefert wurde und dass die Öffentlichkeit und damit Russland nachträglich informiert wurde.
Im Fall der Taurus-Raketen wäre daher beides denkbar:
Dass die Lieferung bereits erfolgt ist, wobei die offizielle Mitteilung darüber nun ausbleibt, oder dass wie bisher keine Lieferung erfolgt, wobei Diskussionen dazu reine Spekulation sind.
https://freedert.online/meinung/244949-ungewissheit-bei-taurus-lieferungen-hat/
ZUM ANTWORTEN ANMELDEN
Konchog Pende sagt:
29. Mai 2025 um 19:05 Uhr
Was für eine Show die russische Föderation kann jederzeit einseitig die Formulierung der Aussetzung der bisherigen Regel des 2+4 Vertrages aussetzen und damit die Allierten Kontrollratsgesetze umgehend wieder aktiv schalten.
ZUM ANTWORTEN ANMELDEN
Yorck1812 sagt:
29. Mai 2025 um 19:38 Uhr
….also, im Netz war zu lesen, dass sich Merz äusserte, dass „..brd – Techiker und ukrainische Techniker zusammen eine Langstreckenrakete (V 3) entwickeln !!“….
…was ist denn nun ??… ..entwickeln die erst eine Rakete oder werden die „brd – Taurussen“ in die Ukraine geliefert und die Ukrainer machen „Ihr Pappele“ drauf, also „Made in Ukrostan“ ??…
ZUM ANTWORTEN ANMELDEN
Evamaria sagt:
29. Mai 2025 um 20:35 Uhr
Bis die in der Ukraine eine Taurus zusammengeschraubt haben, ist die Ukraine wieder in
die RF eingegliedert.
Der März hat anscheinend von den USA und dem Lars eine Bremse gekriegt und mußte irgendwie aus der Großkotznummer wieder rauskommen.
Der Kokser wollte heute noch an der Karlspreisverleihung von Uschi teilnehmen, ist aber panisch
abgereist. Man munkelt, daß die RF 50.000 Soldaten in der Region Sumy zusammengezogen haben.
Diese sollen sich – nach Einschätzung des ukrainischen Militärs – möglicherweise
auf eine Großoffensive vorbereiten. Wer weis…… Gut sieht es eher nicht aus für die Ukros.
ZUM ANTWORTEN ANMELDEN
Yorck1812 sagt:
29. Mai 2025 um 20:42 Uhr
…bevor die „Zusammenschrauben“, müssen sie erst mal die Dächer der ehemaligen Rüstungswerke erneuern, sonst regnet es auf die „Schraub – Plätze“ !!…
…vielleicht, nimmt das Vorauskommando, Chinesische aufblabare Montagehallen auch noch mit ??.. ….welch ein „Elend“ ??.. …denke auch, bis dahin gibt es die jetzige „Bandera – Ukraine“ nicht mehr ??..
ZUM ANTWORTEN ANMELDEN
Mircutux sagt:
29. Mai 2025 um 20:02 Uhr
Es gibt im Internet jetzt eine Abstimmung darüber. Da sollten möglichst viele Mittmachen – krieg-oder-frieden.de – Wer hier immer noch behauptet alle Deutschen wollten Krieg und hätten das gewählt kann sich ja mal die bisherigen Abstimmungsergebnisse anschauen. – https://krieg-oder-frieden.de/ergebnis – Zu Taurus Marschflugkörpern und andere Themen gibt es dort auch Abstimmungen: diedemokratieapp.de
ZUM ANTWORTEN ANMELDEN
паровоз ИС20 578 sagt:
29. Mai 2025 um 23:20 Uhr
Wer soll behauptet haben, alle Deutschen wären für den Krieg? Nach Ergebnis der „Abstimmung“ sind etwa 100000 Deutsche gegen den Krieg, davon über 50000 validiert. In Wirklichkeit dürften es sogar mehrere Millionen Deutsche sein, die gegen den Krieg sind.
ZUM ANTWORTEN ANMELDEN
Mircutux sagt:
29. Mai 2025 um 23:52 Uhr
Schön, dass du dich angesprochen fühlst, du warst auch gemeint.
„Wer soll behauptet haben, alle Deutschen wären für den Krieg?“
Du warst das!
„Nach Ergebnis der „Abstimmung“ sind……“
Gib einfach zu, dass du die ganze Zeit Mist geschrieben hast und den Menschen in Deutschland Kriegsgeilheit unterstellt hast, was sie einfach nicht sind, das würde voll auf genügen.
Die Deutschen sind gegen einen Krieg! Bei repräsentativen Umfragen rechnet man 1000 bis 2000 Stimmen hoch. Hier sind es über 100k und das Ergebnis ist mehr als eindeutig.
ZUM ANTWORTEN ANMELDEN
Zappenduster sagt:
29. Mai 2025 um 20:13 Uhr
Wenn Merz nicht gründlich darüber nachgedacht hat – und ich befürchte, das hat er nicht
*LOL* Endlich mal einer, den man einen Experten nennen kann.
Nicht diese glattgeleckte, gefällige Scheiße wie sonst immer.
ZUM ANTWORTEN ANMELDEN
Konchog Pende sagt:
29. Mai 2025 um 23:17 Uhr
Sehr gut beobachteter Netzfund
Es wird vielleicht sehr bald besser: „Souveränität auf Abruf – Wie die Feindstaatenklausel Deutschland zum Spielball globaler Macht macht
Stellen wir uns ein realistisches Szenario vor: Deutschland gerät durch politische Eskalation – etwa durch eine eigenmächtige militärische Beteiligung im Ukraine-Konflikt ohne Rückhalt der UN oder durch innenpolitischen Zusammenbruch – in eine Lage, in der internationale Akteure die Feindstaatenklausel der UN-Charta als rechtlichen Hebel zur „Stabilisierung“ bemühen. Auch wenn die Klausel formal als überholt gilt, ist sie bis heute nicht gestrichen worden – und genau das könnte in einer geopolitischen Ausnahmesituation zur Anwendung kommen.
In einem solchen Szenario tritt eine überraschende Allianz in Erscheinung: Donald Trump, erneut Präsident der Vereinigten Staaten, und Wladimir Putin, weiterhin russischer Präsident, erkennen ein gemeinsames Interesse – nicht aus Freundschaft, sondern aus strategischem Kalkül. Beide betrachten die aktuelle politische Struktur Deutschlands als dysfunktional: wirtschaftlich geschwächt, ideologisch überfrachtet, sicherheitspolitisch unzuverlässig.
Trump argumentiert, dass Deutschland als wirtschaftlicher Motor Europas längst versagt hat und dass amerikanische Sicherheitsinteressen gefährdet sind – durch eine grün-ideologisch gesteuerte Politik, die nicht nur die Industrie, sondern auch die Verteidigungsfähigkeit untergräbt. Putin wiederum sieht in Deutschland einen Vasallenstaat der USA und einen Stützpunkt für NATO-Aktivitäten gegen Russland. Beide Seiten einigen sich: Deutschland muss „neutralisiert“ und neu aufgebaut werden – diesmal unter klarer Aufsicht.
Die Umsetzung geschieht nicht durch eine klassische Invasion, sondern durch eine strategisch vorbereitete Machtdemonstration. US-Truppen, die bereits in Deutschland stationiert sind, übernehmen in kürzester Zeit alle relevanten Schaltstellen: Kommunikationszentren, Energieversorgung, Regierungsinstitutionen. Parallel dazu erfolgt eine massive Cyberoperation aus dem Osten, bei der Russland Kommunikationsinfrastrukturen lahmlegt, Verwirrung stiftet und öffentlichkeitswirksam „Beweise“ für verfassungswidriges Handeln deutscher Spitzenpolitiker präsentiert.
Binnen Tagen bricht das politische System zusammen. Die Regierung wird entmachtet – formal durch eine internationale Notstandsverordnung, gestützt auf UN-Recht, faktisch aber durch das erdrückende Machtverhältnis. An ihre Stelle tritt eine Übergangsverwaltung unter internationaler Aufsicht – technokratisch, wirtschaftsnah, angetrieben von Stabilitätszielen. Die Ideologie der letzten Jahrzehnte – von Klimazwang bis Genderbürokratie – wird systematisch abgebaut. Schulen, Medien, Justiz: alles wird „entrümpelt“ und auf funktionale, marktgerechte Prinzipien umgestellt.
Trump sorgt mit einem „Wirtschaftswunder 2.0“ für Investitionsanreize, Steuersenkungen, Reindustrialisierung. Putin hingegen achtet darauf, dass Deutschland keine feindliche Haltung gegenüber Russland mehr einnimmt – durch strukturelle Sicherheitsgarantien und mediale Einflussnahme. Deutschland wird zum Pufferstaat, wirtschaftlich stark, aber politisch kontrolliert – als strategisches Bindeglied zwischen Ost und West.
Was aus heutiger Sicht wie eine dystopische Fantasie klingt, könnte – unter den richtigen geopolitischen und innenpolitischen Erschütterungen – zur bitteren Realität werden. Die Feindstaatenklausel, einst ein Relikt, wird zur juristischen Eintrittskarte für eine neue Weltordnung – und Deutschland steht wieder im Zentrum des Umbruchs. Nur diesmal nicht als Akteur, sondern als Schauplatz der Korrektur. „
ZUM ANTWORTEN ANMELDEN
Mircutux sagt:
29. Mai 2025 um 23:56 Uhr
Ich habe nur den Anfang deiner Ausführungen gelesen. Glaube nicht, dass die Russen kommen um Deutschland zu retten. Die Zeiten sind vorbei.
ZUM ANTWORTEN ANMELDEN
Konchog Pende sagt:
30. Mai 2025 um 00:30 Uhr
Das bedauerliche ist das fehlende Wissen der sachlichen Zusammenhänge zwischen der UN Feindstaatenklausel zum UN CISG Handelskaufrecht und dem Admirals Law (fringed banner) um über die Notwendigkeit der Aufrechterhaltung der UN Feindstaatenklausel weiterhin das Handelsrecht über das Völkerrecht stellen zu können.
So der Troll wünscht eine Gute Nacht.
ZUM ANTWORTEN ANMELDEN
Zappenduster sagt:
30. Mai 2025 um 00:09 Uhr
WOW!
Das ist schon keine blühende Fantasie mehr. Hier muss man schon eine Schweißerbrille aufsetzen, damit es einem nicht die Augen verblitzt.
Man sollte Satire ruhig so belassen wie sie ist.
Daher: Ich finde die Idee super. Die Amis entmachten sich in Deutschland selbst und zahlen auch noch dafür. Immer gern und wenn es geht, gleich morgen früh anfangen, bitte. Die deutsche Regierung taugt ohnehin nix… es wird also zwangsläufig besser. Und so als frisch gebackene „Pufferzone“ mitten in Europa ist das Risiko sogar minimal bzw. kleiner als momentan.
ZUM ANTWORTEN ANMELDEN
Konchog Pende sagt:
30. Mai 2025 um 00:30 Uhr
Das bedauerliche ist das fehlende Wissen der sachlichen Zusammenhänge zwischen der UN Feindstaatenklausel zum UN CISG Handelskaufrecht und dem Admirals Law (fringed banner) um über die Notwendigkeit der Aufrechterhaltung der UN Feindstaatenklausel weiterhin das Handelsrecht über das Völkerrecht stellen zu können.
So der Troll wünscht eine Gute Nacht.
ZUM ANTWORTEN ANMELDEN
Mark HB sagt:
29. Mai 2025 um 23:21 Uhr
Mit den Taurus Marschflugkörpern (also nur Luft-Boden-Einsatz möglich) ist es etwas komplexer.
Der Taurus-Marschflugkörper (KEPD 350) kann derzeit ausschließlich vom Panavia Tornado IDS der deutschen Luftwaffe eingesetzt werden. Eine Integration des Taurus in den Eurofighter soll bspw. zwar ebenso technisch möglich, aber bisher nicht erfolgt sein, wohl hauptsächlich aus Kostengründen, bzw. weil die Priorität auf anderen Waffen lag.
Aktuell (2025) ist also nur der Tornado in der Lage, den Taurus-Marschflugkörper einzusetzen. Da der Tornado aber bis etwa 2030 ausgemustert wird, steht Deutschland vor der Entscheidung, entweder den Eurofighter nachzurüsten oder auf andere Marschflugkörper (z. B. JASSM) auszuweichen.
Die Bundeswehr wird also weder Tornados samt Piloten in die Ukraine entsenden, die sich die Taurus unterschnallen, sondern die ukrainischen Armee kann nur planen, die von Deutschland etwaig gelieferten Taurus-Marschflugkörper vom Typ KEPD 350 in ihre vorhandenen Su-24M-Kampfflugzeuge zu integrieren. Diese Su-25M wurden wohl bereits erfolgreich für den Einsatz der britischen Storm Shadow und der französischen SCALP-EG Marschflugkörper modifiziert. Die Integration des Taurus in die Su-24M wird mit etwa sechs Monate veranschlagt, einschließlich der technischen Anpassungen und der Ausbildung der Besatzungen, wobei eben fraglich ist, ob bzw. wann damit begonnen worden ist.
Die Taurus-Marschflugkörper werden in Deutschland von der Taurus Systems GmbH produziert, einem Joint Venture zwischen MBDA Deutschland und Saab Dynamics (Standort Schrobenhausen in Bayern). Die Entwicklung begann in den 1990er Jahren, und die Bundeswehr bestellte 2005 insgesamt 600 Exemplare des Typs KEPD 350 zum Gesamtpreis von 570 Millionen Euro. Die Auslieferung an die Luftwaffe erfolgte zwischen 2005 und 2010, also bereits vor geraumer Zeit.
Die Produktionskapazität in Schrobenhausen ist begrenzt. Im Jahr 2023 verzeichnete die Taurus Systems GmbH bei einem Umsatz von 26 Millionen Euro einen Verlust von etwa 0,6 Millionen Euro. Die Marschflugkörper sind also sehr teuer und wurden in der Vergangenheit kaum nachgefragt.
Aktuell verfügt die Bundeswehr über etwa 600 Taurus-Marschflugkörper. Allerdings sind laut Berichten nur etwa 150 davon einsatzbereit; bei der übrigen Hälfte sei die Zertifizierung abgelaufen.
Vor den genannten Hintergründen ist also schon theoretisch sehr fraglich, ob die Ukrainer überhaupt mit ihren noch verbliebenen SU-Kampfjets jemals mit deutschen Taurus in der Lage sein werden, Russland anzugreifen.
ZUM ANTWORTEN ANMELDEN
SCHREIBE EINEN KOMMENTAR
Du musst angemeldet sein, um einen Kommentar abzugeben.
Zurück
Nächster Beitrag: Findet sich Kiew mit den Gebietsverlusten ab?","Paco sagt:
29. Mai 2025 um 16:35 Uhr
Schlechte Nachrichten für Merz von Chat-GPT:
Ergebnis:
Eine Iskander-Rakete würde von Kaliningrad nach Berlin je nach Geschwindigkeit etwa 3,7 bis 4,3 Minuten benötigen
Zusammenfassung der Taurus-Flugzeiten:
Startort Entfernung Flugzeit (ca.)
Sumy 450 km 23–28 Minuten
Charkiw 650 km 34–40 Minuten
Kiew 750 km 39–46 Minuten
ZUM ANTWORTEN ANMELDEN
VladTepes sagt:
29. Mai 2025 um 16:47 Uhr
Tja – hatten wir schon mal geschrieben, daß – wenn „D“ direkt involviert ist, Russland auch direkt antwortet…
Und – – –
„Bündnisfall“ – wird es nicht geben – es werden zwar ein paar Schelte-Parolen vom Bande gelassen, doch der „Rest“ von nato&“eu“ wird sich umdrehen, um hämisch-schadenfroh über „D“ zu lachen… – vielleicht sogar offen ins Gesicht, auch dafür gäbe es diverse Kandidaten….
„D“ wird endlich einsehen müssen – daß es allein dasteht und wie immer nur der vorgelegte, schmutzige Bettvorleger „der Anderen“ ist – und wie auch immer geschichtlich gesehen nur den Part des Zahlemanns zu übernehmen hat.
„Große Klappe“…?? – kann sich auch der „aus-ge-merz-te“ nicht lange leisten…..
ZUM ANTWORTEN ANMELDEN
beat schaller sagt:
29. Mai 2025 um 18:47 Uhr
VladTepes: Dein Wort in gottes Ohr! Ich bin mir noch nicht so sicher, dass da wirklich die Nato draussen bleibt. Ich hätte natürlich immer noch lieber eine Niederlage auf dem Papier und dann einen friedlichen Weg aus diesem, von den USA eingefädelten Krieg seit 2008, welcher mittlerweile längst eingestanden wurde von USA und EU. Die Politkasper der EU und GB sind wohl alleine nicht in der Lage, etwas zu ändern.
ZUM ANTWORTEN ANMELDEN
Stop Bush and Clinton sagt:
29. Mai 2025 um 19:19 Uhr
Eine russische Antwort würde mit an Sicherheit grenzender Wahrscheinlichkeit den NAziTO-Bündnisfall auslösen. Die Regeln in Art. 5 sagen zwar, dass der Bündnisfall nicht eintritt, wenn das betroffene NATO-Land zuerst angegriffen hat, aber das werden die NAziTO-Terroristen niemals zugeben.
Die russische Antwort auf den Merz-Angriff wird mit Sicherheit als „vollkommen unprovozierter Angriffskrieg Russlands gegen ein friedliches Land“ dargestellt werden — sowohl von den Lügenmedien als auch von den offiziellen Stellen von EU und NAziTO.
Und wenn die NAziTO „unprovozierter Angriffskrieg“ schreit, kann sie nicht gleichzeitig sagen „aber kein Bündnisfall, weil der unprovozierte Angriffskrieg vielleicht doch nur ein Akt der Selbstverteidigung gegen Hitlers Nachfolger war“.
Etwas unklar ist, wie Trump reagieren würde (da wäre durchaus ein „Ihr habt nicht die verlangten 5% BIP an die NAziTO bezahlt, also werden wir Euch auch nicht verteidigen“ denkbar), aber der Rest der NAziTO, angefangen mit Micron und Starmer, wird zuschlagen.
Um so wichtiger ist es, Adolf Merz hinter Gitter zu bringen, bevor er befehlen kann, den roten Knopf zu drücken.
ZUM ANTWORTEN ANMELDEN
Joe sagt:
29. Mai 2025 um 16:54 Uhr
Auch Adolf ging einst in die Offensive..
Doch sollten sich die Wahlbürger mal endlich die richtigen Fragen stellen!
WARUM wählen noch immer 95% der Wähler Kriegsparteien die Faschisten im Osten und Nahost bewaffnen und WARUM sind noch immer 20-40% der Wähler zu faul zu wählen und akzeptieren damit das was wir aktuell haben?
Übrigens: Auch die 99,99999% Nichtwähler im Feudalismus haben damit NIE etwas erreicht, genauso wie die 20-40% von heute.
10 Fragen an die Demokratie
https://sascha313.wordpress.com/2018/01/13/10-fragen-an-die-demokratie/
ZUM ANTWORTEN ANMELDEN
Sniper sagt:
29. Mai 2025 um 17:05 Uhr
Jeder Wähler ist Teil vom System…..Du hast also eine Mitschuld, Du fütterst das System.
Lies mal Larken Rose, dann geht eventuell auch Dir ein Licht auf.
ZUM ANTWORTEN ANMELDEN
Stop Bush and Clinton sagt:
29. Mai 2025 um 19:26 Uhr
Es stimmt zwar, dass sich jeder Wähler in das System stellt, aber weil das System so aufgebaut ist, dass eine nicht abgegebene Stimme im Endeffekt eine Stimme für „weiter so“ ist (auch wenn das gesamte Volk die Wahl boykottieren würde, und nur Adolf Merz eine Stimme für sich selbst abgeben würde, wäre die Wahl gültig, und mit seiner 100%-Mehrheit könnte Merz ohne Zustimmung irgendwelcher Anderer die Verfassung ändern – die Wahlbeteiligung würde einfach ignoriert, stattdessen würden die Lügenmedien 24×7 davon berichten, wie toll Merz doch ist, dass er 100% der Wähler hinter sich vereinigen konnte), ist es besser, eine Proteststimme abzugeben. Ein Prozent für eine Kleinstpartei bringt dieser zwar nicht viel, aber es ist ein Prozent, dass den Schwarz-Grünen Kriegstreiber*innen fehlt, wenn sie den Krieg erklären oder die Grundrechte abschaffen wollen.
Eine nicht abgegebene Stimme ist eine Stimme, die zu gleichen Teilen unter den Systemparteien aufgeteilt wird.
ZUM ANTWORTEN ANMELDEN
Angelique sagt:
30. Mai 2025 um 01:18 Uhr
Wahlzettel, abgeschnittene Ecken…..also ungültig. Die basteln sich die Wählerstimmen mit Bleistift- Kreuzchen zusammen.-Gibt Radierungen in den Geschäftsbüchern. Legal ?- illegal ! ….scheißegal !
ZUM ANTWORTEN ANMELDEN
Sniper sagt:
30. Mai 2025 um 04:24 Uhr
Diesen Unsinn den du schreibst, ist allgemein verbreitet, vom System.
Larken Rose hat 3 Bücher geschrieben, sie wurden von Peter Müller übersetzt, Rose hat einen YouTube Kanal, jeder sollte sich weiterbilden.
Leben ohne Herrschaft!
ZUM ANTWORTEN ANMELDEN
frifix sagt:
29. Mai 2025 um 16:58 Uhr
Der letzte Satz ist Spitze! „Sonst riskiert er, schwach und wankelmütig zu erscheinen, wenn er sich gezwungen sieht, zurückzurudern.“
Der Kerl ist doch Weltmeister in der Politik des Zurückruderns. Scham kennt Friedrich der Zweite nicht und das Aussitzen von Fehlern ist seine wirkliche Stärke!
ZUM ANTWORTEN ANMELDEN
Paco sagt:
29. Mai 2025 um 17:41 Uhr
Da kommt er ganz nach Kohl und Merkel, aber ich glaube gegen die spielt er 2. Liga.
ZUM ANTWORTEN ANMELDEN
Stop Bush and Clinton sagt:
29. Mai 2025 um 19:33 Uhr
Stimmt, aber er ist gefährlicher.
Kohl hatte noch seine Grenzen, bis zu welchem Punkt er bei den Kriegstreibern mitspielt.
Merkel ist schon deutlich weiter gegangen als Kohl (nicht zu vergessen ihr Leitartikel in der Washington Post, in dem sie sich dafür entschuldigt hat, dass Schröder nicht bei dem unprovozierten Angriffskrieg gegen den Irak mitmachen wollte – oder ihr faules Spiel mit den Minsker Abkommen), aber hat noch nicht jeden Sinn für die Realität verloren (sie hätte wohl keine Skrupel gehabt, Russland anzugreifen — aber war zumindest noch realistisch genug, um zu sehen, dass sie diesen Krieg nicht gewinnen würde, und hat deshalb die Finger davon gelassen).
Merz ist schlimmer: Er hat überhaupt kein Gewissen (Kohl, Schröder und sogar Scholz [der wenigstens keine Taurus liefern wollte] unterstelle ich, dass sie noch ein paar Überreste davon hatten), und seine langjährige Erfahrung bei Blackrock hat ihn in den totalen Größenwahn geführt, er weiss genau, dass er über dem Gesetz steht, und denkt, mit Blackrock kann er sich alles kaufen, sogar den Endsieg über Russland.
Merz ist Hitler 2.0, mit dem Potential noch mehr Schaden anzurichten als sein Vorbild.
ZUM ANTWORTEN ANMELDEN
Ernst Lage sagt:
29. Mai 2025 um 17:00 Uhr
Sollte durch was für einen Vorfall auch immer Putin einmal ausgetauscht/ersetzt werden müssen, ist Schluß mit lustig mit den westl./europ. Ländern – dann ist die Zeit der Provokationen vorbei!
ZUM ANTWORTEN ANMELDEN
242852Galischau sagt:
29. Mai 2025 um 20:16 Uhr
100%….so sehe ich das auch….!!!
ZUM ANTWORTEN ANMELDEN
Sniper sagt:
29. Mai 2025 um 17:03 Uhr
AusgeMerzT hat alleine nullkommanix zu entscheiden, er ist nur ne billige Marionette.
Die Amis ziehen wie immer die Fäden und das Deutsche Volk bekommt was es verdient, diesmal eventuell zu letzten mal, denn alle guten Dinge sind 3.
Leben ohne Herrschaft!
ZUM ANTWORTEN ANMELDEN
VladTepes sagt:
29. Mai 2025 um 17:21 Uhr
…das „Große Karthago“ führte drei Kriege…..
ZUM ANTWORTEN ANMELDEN
Konchog Pende sagt:
29. Mai 2025 um 17:29 Uhr
Das Deutsche Volk
sososo
Das Deutsche Volk steht seit 09.11.1918 unter ordre public Fremdverwaltungen bis heute und checkt den Bonus nicht weil man es systematisch strukuriert informell verblödete. Wer dann auch noch sagt es hat es verdient ist mir sehr suspekt aber es wird es wohlmöglich zum 3 mal bekommen das ist ein zu beobachtender trauriger Fakt.
ZUM ANTWORTEN ANMELDEN
Paco sagt:
29. Mai 2025 um 17:42 Uhr
Das ist auch besser so, wenn man sich die ganzen Psychopathen hier anschaut.
ZUM ANTWORTEN ANMELDEN
Paco sagt:
29. Mai 2025 um 17:43 Uhr
Das fehlte das Zitat:
„Das Deutsche Volk steht seit 09.11.1918 unter ordre public Fremdverwaltungen“
ZUM ANTWORTEN ANMELDEN
Konchog Pende sagt:
29. Mai 2025 um 19:03 Uhr
Ach sie wähnen sich zu denen dazu zu gehören. jetzt habe ich verstanden.
Viel Freude dann mit ihrem Pontifex Solis
https://www.youtube.com/watch?v=byWDzOk5FiI
ZUM ANTWORTEN ANMELDEN
Sniper sagt:
29. Mai 2025 um 18:44 Uhr
Das Wahlvieh wählt die Politverbrecher selber, seit es Wahlen gibt…..also bekommen sie was sie verdienen.
Gar nicht so schwer zu verstehen.
Leben ohne Herrschaft!
ZUM ANTWORTEN ANMELDEN
Rinaldo sagt:
29. Mai 2025 um 17:28 Uhr
Und das Volk lässt sich lieber in die Vernichtung führen statt sich dieser Wahnsinnigen zu entledigen!!! Nichts aus WW2 gelernt.
ZUM ANTWORTEN ANMELDEN
Konchog Pende sagt:
29. Mai 2025 um 17:30 Uhr
„Es gibt kein gutmütigeres, aber auch kein leichtgläubigeres Volk als das deutsche. Keine Lüge kann grob genug ersonnen werden, die Deutschen glauben sie. Um eine Parole, die man ihnen gab, verfolgen sie ihre Landsleute mit größerer Erbitterung als ihre wirklichen Feinde.
Napoleon Bonaparte
ZUM ANTWORTEN ANMELDEN
R@iner sagt:
29. Mai 2025 um 20:31 Uhr
Darf man fragen, wie genau Ihr persönlicher Einsatz aussieht außer in Internetforen zu onanieren?
ZUM ANTWORTEN ANMELDEN
паровоз ИС20 578 sagt:
29. Mai 2025 um 23:37 Uhr
Was will man machen? Unsere Mehrheitsgesellschaft wünscht, daß Deutschland Krieg führt, und das seit Jahrzehnten, seit dem Kosovokrieg und bereits davor. Die haben ihre Überzeugungen und festen Willen. Mit der sich abzeichnenden Niederlage gegen Rußland gibt es erste Anzeichen für einen Wandel der Mehrheiten, aber so etwas ist ein langer Prozeß. So lange die Mehrheiten sind, wie sie sind, muß jede deutsche Regierung Kriegsbereitschaft zeigen. Ändern kann sich da faktisch nur etwas, wenn den Deutschen von außen die Möglichkeit genommen wird, Krieg zu führen.
ZUM ANTWORTEN ANMELDEN
katermog1992 sagt:
29. Mai 2025 um 17:35 Uhr
Es ist zu belächeln wenn alle sagen AFD sind Nazis stimmt aber….in wirklichkeit sind alle Nazis sind….seit 3 jahren liefert NATO waffen an das Nazi militär und regime Ukraine und natürlich auch an Nazi regime und miltälr und bevölkerung von Israel…und wenn man herkunft von hohen EU Polirkern auch Merz anschaut..so ein zufall das alle Nazi eltern nd großeltenr haben
ZUM ANTWORTEN ANMELDEN
Stop Bush and Clinton sagt:
29. Mai 2025 um 20:22 Uhr
Im 2. WK war ein Nazi ganz eindeutig jemand, der Krieg mit Russland wollte, mehr Soldaten und Waffen an die Ostfront (also in die Ukraine) schicken wollte, und der dem Volk die Grundrechte entziehen wollte.
Heute nennt man so jemanden einen „Demokraten“, und ein „Nazi“ ist jemand, der keinen Krieg mit Russland will, der keine Soldaten und Waffen in die Ukraine schicken will, und der aufsteht, wenn dem Volk die Grundrechte entzogen werden (Covid-1984).
Die Lügenmedien müssen die Fähigkeit verlieren, Wörter neu zu definieren, wie es ihnen gerade passt!
ZUM ANTWORTEN ANMELDEN
Hugo Habacht sagt:
29. Mai 2025 um 17:47 Uhr
Schaut Euch die Fresse doch an,Wut,Hass Verzweiflung,der ungeliebte Sohn Lach!
Was sollen die tun?
Ohne Zugriff auf russische Rohstoffe ist die EU am ENDE,komplett am Arsch.Da liegen nachgewiesene Reserven von 75 Trillionen Euro an Rohstoffen bei den Falschen,beim Iwan ,dem trinkenden Tankstellenwächter mit verrosteten Atomwaffen im Hinterhof!
Die Profitraten fallen ins Bodenlose,Firmen schließen noch und nöcher und das gesamte Maß an wirtschaftlichem Zerfall incl.Massenarbeitslosigkeit,Obdachlosigkeit,Hunger und nicht zuletzt der geistige Zerfall dieser Kunterbunten Gesellschaft läßt sich nicht mehr verbergen.
Die Armutsverwaltung sieht sich gezwungen zu streichen was zu streichen geht,Rentner sollen wieder aktiviert werden und im Rollator vor Fabriktoren auf den Einsatz für Führer Volk und Vaterland warten.
Der Rest macht einen auf Woke oder Islamisiert sich,geht in die Politik oder hängt sich auf.
Jeder wie er mag.
Kapitalismus im Endstadium nennt man das und die russischen Kapitalisten haben nun mal das Glück im Inland noch ordentlich Profitraten zu erzielen.Zur Not und wenn Putin wegschaut wird halt Grau exportiert.
Nun hat er aber Hingeschaut und den Ölmillardären den Devisenhahn zugedreht.Kein Raffiniertes Benzin,kein Diesel mehr an die westlichen Abnehmer,der Binnenmarkt hat vorrang.
Betretenes schweigen,dann ein Aufzucken und Zack Ruhe.
Die haben nach einigen Minuten verstanden das es auch ohne sie geht.
Merz macht das was das deutsche Großkapital wünscht,Russland schlagen bis es Quietscht und Freiwillig auf alles was je russisch war verzichtet.Da er ,wie die auch ,Herrenmensch mit guter Nationalfaschistischer Kinderstube ist
fällt dem halt nur Krieg und Untermensch ein ,und die sind schon immer in Russland,also macht er da weiter wo Adolf aufhören musste,ganz am Anfang.
Natürlich vermutet er das seinem Deutschland jedes andere Nahtod Land sofort beispringen wird falls Russland sich wehrt,vergisst dabei welche Blutige Spur dieses Land Quer durch Europa gezogen hat.
Millionen Tote Europäer,davon allein 600.000 Griechen werden ganz sicher genug Motivation entwickeln für die Großmachtträume des Friedrich und seiner Hausmusik spielenden Mordskumpane Krieg zu spielen.
Hakt das ab!
Der muss zur Not alleine los,keiner hilft dem.
Und nun?
Taurus?
Sehe ich nicht.
Was ich sehe ist das stetige vorrücken meiner Freunde und Mitmenschen,der einzigen Freunde die wir je hatten und haben werden.Wir haben das nur nie begriffen .
Am linken Ufer des Dnipro hat sich,nachdem die Bandristen die Orthodoxe Kirche verboten, die Katholische Kirche ,allen voran die Caritas eingenistet.
Hier schrieb ein Mitkommentator das der Krieg wie die davor nichts anderes wie die Fortsetzung der Kreuzzüge sind
und die Verantwortlichen dafür wo ganz anders sitzen.
Für die am 2.06.2025 vorgeschlagenen Gespräche war der Vatikan vorgesehen,W.Putin hat das vehement abgelehnt genau wie er davor alles vom Vatikan kommende abgelehnt hat.
Vielleicht ist ja was drann.Mich macht das Nachdenklich.
ZUM ANTWORTEN ANMELDEN
Qumingi sagt:
29. Mai 2025 um 18:27 Uhr
Möglicherweise hat die deutsche Bundesregierung auch gar nicht die Absicht, Taurus-Raketen an die Ukraine zu liefern, weil sie verstanden hat, dass dies eine weitere Eskalation bedeutet, die die Bundesregierung verhindern will sowie die Diskussion darüber.
Wladimir Putin hatte schon zu Beginn der speziellen Militäroperation gesagt, dass alle Entscheidungen diesbezüglich bereits getroffen sind. Auf russischer Seite läuft eine Art Programm ab, das man im Westen nicht kennt. Man kann es lediglich von außen beobachten und testen.
Die bisherigen Lieferungen, einschließlich der vergleichbaren Storm Shadow/SCALP, haben offensichtlich nichts geändert.
Wladimir Putin hat zuvor mehrfach gesagt, dass die Lieferung von Taurus-Raketen den aktiven Eintritt von Deutschland in den Ukraine-Krieg bedeutet und dass Russland darauf entsprechend reagieren werde.
Bisher lief es von deutscher Seite so, dass neue Militärtechnik an die Ukraine geliefert wurde und dass die Öffentlichkeit und damit Russland nachträglich informiert wurde.
Im Fall der Taurus-Raketen wäre daher beides denkbar:
Dass die Lieferung bereits erfolgt ist, wobei die offizielle Mitteilung darüber nun ausbleibt, oder dass wie bisher keine Lieferung erfolgt, wobei Diskussionen dazu reine Spekulation sind.
https://freedert.online/meinung/244949-ungewissheit-bei-taurus-lieferungen-hat/
ZUM ANTWORTEN ANMELDEN
Konchog Pende sagt:
29. Mai 2025 um 19:05 Uhr
Was für eine Show die russische Föderation kann jederzeit einseitig die Formulierung der Aussetzung der bisherigen Regel des 2+4 Vertrages aussetzen und damit die Allierten Kontrollratsgesetze umgehend wieder aktiv schalten.
ZUM ANTWORTEN ANMELDEN
Yorck1812 sagt:
29. Mai 2025 um 19:38 Uhr
….also, im Netz war zu lesen, dass sich Merz äusserte, dass „..brd – Techiker und ukrainische Techniker zusammen eine Langstreckenrakete (V 3) entwickeln !!“….
…was ist denn nun ??… ..entwickeln die erst eine Rakete oder werden die „brd – Taurussen“ in die Ukraine geliefert und die Ukrainer machen „Ihr Pappele“ drauf, also „Made in Ukrostan“ ??…
ZUM ANTWORTEN ANMELDEN
Evamaria sagt:
29. Mai 2025 um 20:35 Uhr
Bis die in der Ukraine eine Taurus zusammengeschraubt haben, ist die Ukraine wieder in
die RF eingegliedert.
Der März hat anscheinend von den USA und dem Lars eine Bremse gekriegt und mußte irgendwie aus der Großkotznummer wieder rauskommen.
Der Kokser wollte heute noch an der Karlspreisverleihung von Uschi teilnehmen, ist aber panisch
abgereist. Man munkelt, daß die RF 50.000 Soldaten in der Region Sumy zusammengezogen haben.
Diese sollen sich – nach Einschätzung des ukrainischen Militärs – möglicherweise
auf eine Großoffensive vorbereiten. Wer weis…… Gut sieht es eher nicht aus für die Ukros.
ZUM ANTWORTEN ANMELDEN
Yorck1812 sagt:
29. Mai 2025 um 20:42 Uhr
…bevor die „Zusammenschrauben“, müssen sie erst mal die Dächer der ehemaligen Rüstungswerke erneuern, sonst regnet es auf die „Schraub – Plätze“ !!…
…vielleicht, nimmt das Vorauskommando, Chinesische aufblabare Montagehallen auch noch mit ??.. ….welch ein „Elend“ ??.. …denke auch, bis dahin gibt es die jetzige „Bandera – Ukraine“ nicht mehr ??..
ZUM ANTWORTEN ANMELDEN
Mircutux sagt:
29. Mai 2025 um 20:02 Uhr
Es gibt im Internet jetzt eine Abstimmung darüber. Da sollten möglichst viele Mittmachen – krieg-oder-frieden.de – Wer hier immer noch behauptet alle Deutschen wollten Krieg und hätten das gewählt kann sich ja mal die bisherigen Abstimmungsergebnisse anschauen. – https://krieg-oder-frieden.de/ergebnis – Zu Taurus Marschflugkörpern und andere Themen gibt es dort auch Abstimmungen: diedemokratieapp.de
ZUM ANTWORTEN ANMELDEN
паровоз ИС20 578 sagt:
29. Mai 2025 um 23:20 Uhr
Wer soll behauptet haben, alle Deutschen wären für den Krieg? Nach Ergebnis der „Abstimmung“ sind etwa 100000 Deutsche gegen den Krieg, davon über 50000 validiert. In Wirklichkeit dürften es sogar mehrere Millionen Deutsche sein, die gegen den Krieg sind.
ZUM ANTWORTEN ANMELDEN
Mircutux sagt:
29. Mai 2025 um 23:52 Uhr
Schön, dass du dich angesprochen fühlst, du warst auch gemeint.
„Wer soll behauptet haben, alle Deutschen wären für den Krieg?“
Du warst das!
„Nach Ergebnis der „Abstimmung“ sind……“
Gib einfach zu, dass du die ganze Zeit Mist geschrieben hast und den Menschen in Deutschland Kriegsgeilheit unterstellt hast, was sie einfach nicht sind, das würde voll auf genügen.
Die Deutschen sind gegen einen Krieg! Bei repräsentativen Umfragen rechnet man 1000 bis 2000 Stimmen hoch. Hier sind es über 100k und das Ergebnis ist mehr als eindeutig.
ZUM ANTWORTEN ANMELDEN
Zappenduster sagt:
29. Mai 2025 um 20:13 Uhr
Wenn Merz nicht gründlich darüber nachgedacht hat – und ich befürchte, das hat er nicht
*LOL* Endlich mal einer, den man einen Experten nennen kann.
Nicht diese glattgeleckte, gefällige Scheiße wie sonst immer.
ZUM ANTWORTEN ANMELDEN
Konchog Pende sagt:
29. Mai 2025 um 23:17 Uhr
Sehr gut beobachteter Netzfund
Es wird vielleicht sehr bald besser: „Souveränität auf Abruf – Wie die Feindstaatenklausel Deutschland zum Spielball globaler Macht macht
Stellen wir uns ein realistisches Szenario vor: Deutschland gerät durch politische Eskalation – etwa durch eine eigenmächtige militärische Beteiligung im Ukraine-Konflikt ohne Rückhalt der UN oder durch innenpolitischen Zusammenbruch – in eine Lage, in der internationale Akteure die Feindstaatenklausel der UN-Charta als rechtlichen Hebel zur „Stabilisierung“ bemühen. Auch wenn die Klausel formal als überholt gilt, ist sie bis heute nicht gestrichen worden – und genau das könnte in einer geopolitischen Ausnahmesituation zur Anwendung kommen.
In einem solchen Szenario tritt eine überraschende Allianz in Erscheinung: Donald Trump, erneut Präsident der Vereinigten Staaten, und Wladimir Putin, weiterhin russischer Präsident, erkennen ein gemeinsames Interesse – nicht aus Freundschaft, sondern aus strategischem Kalkül. Beide betrachten die aktuelle politische Struktur Deutschlands als dysfunktional: wirtschaftlich geschwächt, ideologisch überfrachtet, sicherheitspolitisch unzuverlässig.
Trump argumentiert, dass Deutschland als wirtschaftlicher Motor Europas längst versagt hat und dass amerikanische Sicherheitsinteressen gefährdet sind – durch eine grün-ideologisch gesteuerte Politik, die nicht nur die Industrie, sondern auch die Verteidigungsfähigkeit untergräbt. Putin wiederum sieht in Deutschland einen Vasallenstaat der USA und einen Stützpunkt für NATO-Aktivitäten gegen Russland. Beide Seiten einigen sich: Deutschland muss „neutralisiert“ und neu aufgebaut werden – diesmal unter klarer Aufsicht.
Die Umsetzung geschieht nicht durch eine klassische Invasion, sondern durch eine strategisch vorbereitete Machtdemonstration. US-Truppen, die bereits in Deutschland stationiert sind, übernehmen in kürzester Zeit alle relevanten Schaltstellen: Kommunikationszentren, Energieversorgung, Regierungsinstitutionen. Parallel dazu erfolgt eine massive Cyberoperation aus dem Osten, bei der Russland Kommunikationsinfrastrukturen lahmlegt, Verwirrung stiftet und öffentlichkeitswirksam „Beweise“ für verfassungswidriges Handeln deutscher Spitzenpolitiker präsentiert.
Binnen Tagen bricht das politische System zusammen. Die Regierung wird entmachtet – formal durch eine internationale Notstandsverordnung, gestützt auf UN-Recht, faktisch aber durch das erdrückende Machtverhältnis. An ihre Stelle tritt eine Übergangsverwaltung unter internationaler Aufsicht – technokratisch, wirtschaftsnah, angetrieben von Stabilitätszielen. Die Ideologie der letzten Jahrzehnte – von Klimazwang bis Genderbürokratie – wird systematisch abgebaut. Schulen, Medien, Justiz: alles wird „entrümpelt“ und auf funktionale, marktgerechte Prinzipien umgestellt.
Trump sorgt mit einem „Wirtschaftswunder 2.0“ für Investitionsanreize, Steuersenkungen, Reindustrialisierung. Putin hingegen achtet darauf, dass Deutschland keine feindliche Haltung gegenüber Russland mehr einnimmt – durch strukturelle Sicherheitsgarantien und mediale Einflussnahme. Deutschland wird zum Pufferstaat, wirtschaftlich stark, aber politisch kontrolliert – als strategisches Bindeglied zwischen Ost und West.
Was aus heutiger Sicht wie eine dystopische Fantasie klingt, könnte – unter den richtigen geopolitischen und innenpolitischen Erschütterungen – zur bitteren Realität werden. Die Feindstaatenklausel, einst ein Relikt, wird zur juristischen Eintrittskarte für eine neue Weltordnung – und Deutschland steht wieder im Zentrum des Umbruchs. Nur diesmal nicht als Akteur, sondern als Schauplatz der Korrektur. „
ZUM ANTWORTEN ANMELDEN
Mircutux sagt:
29. Mai 2025 um 23:56 Uhr
Ich habe nur den Anfang deiner Ausführungen gelesen. Glaube nicht, dass die Russen kommen um Deutschland zu retten. Die Zeiten sind vorbei.
ZUM ANTWORTEN ANMELDEN
Konchog Pende sagt:
30. Mai 2025 um 00:30 Uhr
Das bedauerliche ist das fehlende Wissen der sachlichen Zusammenhänge zwischen der UN Feindstaatenklausel zum UN CISG Handelskaufrecht und dem Admirals Law (fringed banner) um über die Notwendigkeit der Aufrechterhaltung der UN Feindstaatenklausel weiterhin das Handelsrecht über das Völkerrecht stellen zu können.
So der Troll wünscht eine Gute Nacht.
ZUM ANTWORTEN ANMELDEN
Zappenduster sagt:
30. Mai 2025 um 00:09 Uhr
WOW!
Das ist schon keine blühende Fantasie mehr. Hier muss man schon eine Schweißerbrille aufsetzen, damit es einem nicht die Augen verblitzt.
Man sollte Satire ruhig so belassen wie sie ist.
Daher: Ich finde die Idee super. Die Amis entmachten sich in Deutschland selbst und zahlen auch noch dafür. Immer gern und wenn es geht, gleich morgen früh anfangen, bitte. Die deutsche Regierung taugt ohnehin nix… es wird also zwangsläufig besser. Und so als frisch gebackene „Pufferzone“ mitten in Europa ist das Risiko sogar minimal bzw. kleiner als momentan.
ZUM ANTWORTEN ANMELDEN
Konchog Pende sagt:
30. Mai 2025 um 00:30 Uhr
Das bedauerliche ist das fehlende Wissen der sachlichen Zusammenhänge zwischen der UN Feindstaatenklausel zum UN CISG Handelskaufrecht und dem Admirals Law (fringed banner) um über die Notwendigkeit der Aufrechterhaltung der UN Feindstaatenklausel weiterhin das Handelsrecht über das Völkerrecht stellen zu können.
So der Troll wünscht eine Gute Nacht.
ZUM ANTWORTEN ANMELDEN
Mark HB sagt:
29. Mai 2025 um 23:21 Uhr
Mit den Taurus Marschflugkörpern (also nur Luft-Boden-Einsatz möglich) ist es etwas komplexer.
Der Taurus-Marschflugkörper (KEPD 350) kann derzeit ausschließlich vom Panavia Tornado IDS der deutschen Luftwaffe eingesetzt werden. Eine Integration des Taurus in den Eurofighter soll bspw. zwar ebenso technisch möglich, aber bisher nicht erfolgt sein, wohl hauptsächlich aus Kostengründen, bzw. weil die Priorität auf anderen Waffen lag.
Aktuell (2025) ist also nur der Tornado in der Lage, den Taurus-Marschflugkörper einzusetzen. Da der Tornado aber bis etwa 2030 ausgemustert wird, steht Deutschland vor der Entscheidung, entweder den Eurofighter nachzurüsten oder auf andere Marschflugkörper (z. B. JASSM) auszuweichen.
Die Bundeswehr wird also weder Tornados samt Piloten in die Ukraine entsenden, die sich die Taurus unterschnallen, sondern die ukrainischen Armee kann nur planen, die von Deutschland etwaig gelieferten Taurus-Marschflugkörper vom Typ KEPD 350 in ihre vorhandenen Su-24M-Kampfflugzeuge zu integrieren. Diese Su-25M wurden wohl bereits erfolgreich für den Einsatz der britischen Storm Shadow und der französischen SCALP-EG Marschflugkörper modifiziert. Die Integration des Taurus in die Su-24M wird mit etwa sechs Monate veranschlagt, einschließlich der technischen Anpassungen und der Ausbildung der Besatzungen, wobei eben fraglich ist, ob bzw. wann damit begonnen worden ist.
Die Taurus-Marschflugkörper werden in Deutschland von der Taurus Systems GmbH produziert, einem Joint Venture zwischen MBDA Deutschland und Saab Dynamics (Standort Schrobenhausen in Bayern). Die Entwicklung begann in den 1990er Jahren, und die Bundeswehr bestellte 2005 insgesamt 600 Exemplare des Typs KEPD 350 zum Gesamtpreis von 570 Millionen Euro. Die Auslieferung an die Luftwaffe erfolgte zwischen 2005 und 2010, also bereits vor geraumer Zeit.
Die Produktionskapazität in Schrobenhausen ist begrenzt. Im Jahr 2023 verzeichnete die Taurus Systems GmbH bei einem Umsatz von 26 Millionen Euro einen Verlust von etwa 0,6 Millionen Euro. Die Marschflugkörper sind also sehr teuer und wurden in der Vergangenheit kaum nachgefragt.
Aktuell verfügt die Bundeswehr über etwa 600 Taurus-Marschflugkörper. Allerdings sind laut Berichten nur etwa 150 davon einsatzbereit; bei der übrigen Hälfte sei die Zertifizierung abgelaufen.
Vor den genannten Hintergründen ist also schon theoretisch sehr fraglich, ob die Ukrainer überhaupt mit ihren noch verbliebenen SU-Kampfjets jemals mit deutschen Taurus in der Lage sein werden, Russland anzugreifen.
ZUM ANTWORTEN ANMELDEN",https://anti-spiegel.ru/2025/merz-und-die-angriffe-mit-langstreckenwaffen-auf-russland/,"Merz und die Angriffe mit Langstreckenwaffen auf Russland Bundeskanzler Merz hat erklärt, Deutschland und andere Länder hätten alle Beschränkungen für Angriffe mit Langstreckenwaffen auf Russland aufgehoben. Daran gibt es sowohl begründete Zweifel aber es gibt auch Bestätigungen dafür. Was ist da los? Hat er, oder hat er nicht?
Merz und die Angriffe mit Langstreckenwaffen auf Russland
Bundeskanzler Merz hat erklärt, Deutschland und andere Länder hätten alle Beschränkungen für Angriffe mit Langstreckenwaffen auf Russland aufgehoben. Daran gibt es sowohl begründete Zweifel aber es gibt auch Bestätigungen dafür. Was ist da los?
von Anti-Spiegel
29. Mai 2025 16:25 Uhr
Bundeskanzler Merz hat medienwirksam verkündet, Deutschland habe alle Beschränkungen für ukrainische Angriffe mit aus dem Deutschland gelieferten Langstreckenwaffen auf Ziele in Russland aufgehoben. Und er sagte, dass gelte auch für Frankreich, Großbritannien und die USA. Das wirft Fragen auf.
Deutschland hat offiziell bisher keine Langstreckenwaffen an Kiew geliefert, daher stellt sich die Frage, was die Aussage von Merz sollte. Allerdings hat Merz zuvor angekündigt, der Ukraine umgehend Taurus-Raketen zu liefern, wenn er Kanzler wird. Offiziell bestätigt ist diese Lieferung bisher nicht, aber es gibt immer mehr Meldungen, dass die Lieferung bereits erfolgt ist und man kann die Erklärung von Merz so interpretieren, dass er die Öffentlichkeit auf Angriffe mit den Taurus vorbereitet.
Großbritannien und Frankreich haben ihre baugleichen Marschflugkörper Storm Shadow und SCALP an Kiew geliefert und sie wurden bereits gegen Ziele in Russland eingesetzt, weshalb die Aussage von Merz nichts Neues enthielt, was diese Länder betrifft.
Die Biden-Regierung hat nach der verlorenen Wahl im November die Beschränkungen für die von ihr gelieferten ATACMS-Raketen aufgehoben. Auch das ist also ein alter Hut.
Allerdings hat die neue US-Regierung diese Erlaubnis möglicherweise wieder gekippt, denn ein Sprecher des US-Außenministeriums weigerte sich, die Aussage von Merz zu bestätigen, die USA hätten keine Beschränkungen für die Reichweite von Kiewer Angriffen mit von den USA gelieferten Raketen festgelegt.
Hinzu kommt, dass Deutschland wegen seiner Geschichte auch in Russland ein Sonderfall ist. Während die russische Regierung Angriffe von französischen, britischen und amerikanischen Raketen „aussitzen“ und weiter verhandeln kann, würde die russische Öffentlichkeit Vergeltung für Angriffe mit Taurus-Raketen auf Ziele in Russland fordern. Die russische Regierung könnte dem Druck kaum standhalten und wäre wahrscheinlich gezwungen, mit Angriffen auf Ziele in Deutschland zu reagieren.
Responsible Statecraft, ein US-Thinktank, hat sich mit der Aussage von Merz beschäftigt und ich habe den Artikel übersetzt.
Beginn der Übersetzung:
Deutschland stolpert in der Frage der Langstreckenwaffen für die Ukraine in die Offensive
Der Bundeskanzler sagt, es gibt keine Beschränkungen mehr für „Angriffe auf mitltärische Ziele in Russland“
Von Aaron Sobczak | Responsible Statecraft
Bundeskanzler Friedrich Merz hat angekündigt, dass Deutschland, und möglicherweise weitere westliche Verbündete, die Beschränkung der Reichweiten für westlich gelieferte Offensivwaffen an die Ukraine aufheben würden.
„Es gibt keine Beschränkung der Reichweiten mehr für die an die Ukraine gelieferten Waffen, weder von britischer noch von französischer, von unserer oder von amerikanischer Seite“, sagte der erst kürzlich gewählte Kanzler am vergangenen Montag auf dem Europaforum 2025 des WDR.
„Wir werden alles in unserer Macht Stehende tun, um die Ukraine weiterhin zu unterstützen. Das bedeutet auch, keine Beschränkung der Reichweiten mehr bei den Waffen, die wir liefern. Die Ukraine kann sich nun auch dadurch verteidigen, dass sie militärische Ziele in Russland angreifen kann“, schrieb Merz in sozialen Medien.
Unklar bleibt, ob sich Merz mit seiner Aussage zu „den Amerikanern“ auf eine neue, bislang nicht bekannt gewordene Richtlinie der Administration von Donald Trump bezog oder auf eine früher getroffene Entscheidung der Regierung von Ex-Präsident Joe Biden aus dem November 2024, der Ukraine den Einsatz des taktischen Raketensystems ATACMS bis tief ins russische Kernland zu erlauben. Die Kyiv Post berichtete, dass Präsident Trump „ernsthaft erwägt“, die verbliebenen Beschränkungen aus Bidens Amtszeit aufzuheben.
Kremlsprecher Dmitri Peskow bezeichnete die Entscheidung als „ziemlich gefährlich“ und fügte hinzu: „Wenn solche Entscheidungen getroffen werden, stehen sie eindeutig im Widerspruch zu unseren Bemühungen, eine politische Lösung zu finden und zu den laufenden Verhandlungsformaten.“
Russlands Präsident Wladimir Putin hatte bereits im vergangenen September gewarnt, dass „die NATO-Staaten, die USA und die europäischen Länder in den Krieg mit Russland treten“, wenn sie der Ukraine erlauben, ihre Raketen tief ins russische Territorium abzufeuern.
Welche Bedeutung die Ankündigung von Merz konkret hat, bleibt dennoch unklar. Vizekanzler und Bundesfinanzminister Lars Klingbeil erklärte gegenüber Journalisten: „Es gibt keine neue Vereinbarung, die über das hinausgeht, was die vorherige Regierung beschlossen hat.“
Merz selbst betonte zudem am vergangenen Dienstag: „Ich habe gestern in Berlin etwas beschrieben, das seit Monaten gilt, nämlich dass die Ukraine das Recht hat, die gelieferten Waffen auch jenseits ihrer Grenzen gegen militärische Ziele auf russischem Gebiet einzusetzen.“
Trotz entsprechender Bitten aus Kiew hat Deutschland der Ukraine bislang keine Waffen geliefert, die tief ins russische Kernland reichen könnten, nachdem der frühere Kanzler Olaf Scholz dies für einen Schritt hielt, der zu weit gehen könnte. Der neue Bundeskanzler Friedrich Merz und der ukrainische Präsident Wladimir Selensky haben jedoch bei ihrem Treffen in Berlin über die Möglichkeit der Lieferung von weitreichenden Marschflugkörpern des Typs Taurus gesprochen.
„Wir haben im vergangenen Jahr mit dem russischen Einsatz von Oreschnik gesehen, dass Putin konsequent eskaliert“, kommentierte der ehemalige britische Diplomat Ian Proud. „Die Frage die sich für Merz stellt, lautet somit: Welche Eskalationsstufe soll er als Nächstes betreten, wenn Putin einen weiteren Angriff mit der Oreschnik lanciert oder – Gott bewahre – noch heftigeres? Wenn Merz nicht gründlich darüber nachgedacht hat – und ich befürchte, das hat er nicht – sollte er es sich besser noch einmal überlegen. Sonst riskiert er, schwach und wankelmütig zu erscheinen, wenn er sich gezwungen sieht, zurückzurudern.“
_____________
Aaron Sobczak ist Berichterstatter für Responsible Statecraft und Mitarbeiter des Mises Institute. Er erwarb sowohl seinen Bachelor als auch seinen Master in Internationalen Beziehungen an der Liberty University.
Ende der Übersetzung

Teile diesen Beitrag
teilen 
teilen 
teilen 
teilen 
teilen 
E-Mail 
teilen 
AUTOR: ANTI-SPIEGEL
Thomas Röper, geboren 1971, hat als Experte für Osteuropa in Finanzdienstleistungsunternehmen in Osteuropa und Russland Vorstands- und Aufsichtsratspositionen bekleidet. Heute lebt er in seiner Wahlheimat St. Petersburg. Er lebt über 15 Jahre in Russland und spricht fließend Russisch. Die Schwerpunkte seiner medienkritischen Arbeit sind das (mediale) Russlandbild in Deutschland, Kritik an der Berichterstattung westlicher Medien im Allgemeinen und die Themen (Geo-)Politik und Wirtschaft.
43 Antworten
Paco sagt:
29. Mai 2025 um 16:35 Uhr
Schlechte Nachrichten für Merz von Chat-GPT:
Ergebnis:
Eine Iskander-Rakete würde von Kaliningrad nach Berlin je nach Geschwindigkeit etwa 3,7 bis 4,3 Minuten benötigen
Zusammenfassung der Taurus-Flugzeiten:
Startort Entfernung Flugzeit (ca.)
Sumy 450 km 23–28 Minuten
Charkiw 650 km 34–40 Minuten
Kiew 750 km 39–46 Minuten
ZUM ANTWORTEN ANMELDEN
VladTepes sagt:
29. Mai 2025 um 16:47 Uhr
Tja – hatten wir schon mal geschrieben, daß – wenn „D“ direkt involviert ist, Russland auch direkt antwortet…
Und – – –
„Bündnisfall“ – wird es nicht geben – es werden zwar ein paar Schelte-Parolen vom Bande gelassen, doch der „Rest“ von nato&“eu“ wird sich umdrehen, um hämisch-schadenfroh über „D“ zu lachen… – vielleicht sogar offen ins Gesicht, auch dafür gäbe es diverse Kandidaten….
„D“ wird endlich einsehen müssen – daß es allein dasteht und wie immer nur der vorgelegte, schmutzige Bettvorleger „der Anderen“ ist – und wie auch immer geschichtlich gesehen nur den Part des Zahlemanns zu übernehmen hat.
„Große Klappe“…?? – kann sich auch der „aus-ge-merz-te“ nicht lange leisten…..
ZUM ANTWORTEN ANMELDEN
beat schaller sagt:
29. Mai 2025 um 18:47 Uhr
VladTepes: Dein Wort in gottes Ohr! Ich bin mir noch nicht so sicher, dass da wirklich die Nato draussen bleibt. Ich hätte natürlich immer noch lieber eine Niederlage auf dem Papier und dann einen friedlichen Weg aus diesem, von den USA eingefädelten Krieg seit 2008, welcher mittlerweile längst eingestanden wurde von USA und EU. Die Politkasper der EU und GB sind wohl alleine nicht in der Lage, etwas zu ändern.
ZUM ANTWORTEN ANMELDEN
Stop Bush and Clinton sagt:
29. Mai 2025 um 19:19 Uhr
Eine russische Antwort würde mit an Sicherheit grenzender Wahrscheinlichkeit den NAziTO-Bündnisfall auslösen. Die Regeln in Art. 5 sagen zwar, dass der Bündnisfall nicht eintritt, wenn das betroffene NATO-Land zuerst angegriffen hat, aber das werden die NAziTO-Terroristen niemals zugeben.
Die russische Antwort auf den Merz-Angriff wird mit Sicherheit als „vollkommen unprovozierter Angriffskrieg Russlands gegen ein friedliches Land“ dargestellt werden — sowohl von den Lügenmedien als auch von den offiziellen Stellen von EU und NAziTO.
Und wenn die NAziTO „unprovozierter Angriffskrieg“ schreit, kann sie nicht gleichzeitig sagen „aber kein Bündnisfall, weil der unprovozierte Angriffskrieg vielleicht doch nur ein Akt der Selbstverteidigung gegen Hitlers Nachfolger war“.
Etwas unklar ist, wie Trump reagieren würde (da wäre durchaus ein „Ihr habt nicht die verlangten 5% BIP an die NAziTO bezahlt, also werden wir Euch auch nicht verteidigen“ denkbar), aber der Rest der NAziTO, angefangen mit Micron und Starmer, wird zuschlagen.
Um so wichtiger ist es, Adolf Merz hinter Gitter zu bringen, bevor er befehlen kann, den roten Knopf zu drücken.
ZUM ANTWORTEN ANMELDEN
Joe sagt:
29. Mai 2025 um 16:54 Uhr
Auch Adolf ging einst in die Offensive..
Doch sollten sich die Wahlbürger mal endlich die richtigen Fragen stellen!
WARUM wählen noch immer 95% der Wähler Kriegsparteien die Faschisten im Osten und Nahost bewaffnen und WARUM sind noch immer 20-40% der Wähler zu faul zu wählen und akzeptieren damit das was wir aktuell haben?
Übrigens: Auch die 99,99999% Nichtwähler im Feudalismus haben damit NIE etwas erreicht, genauso wie die 20-40% von heute.
10 Fragen an die Demokratie
https://sascha313.wordpress.com/2018/01/13/10-fragen-an-die-demokratie/
ZUM ANTWORTEN ANMELDEN
Sniper sagt:
29. Mai 2025 um 17:05 Uhr
Jeder Wähler ist Teil vom System…..Du hast also eine Mitschuld, Du fütterst das System.
Lies mal Larken Rose, dann geht eventuell auch Dir ein Licht auf.
ZUM ANTWORTEN ANMELDEN
Stop Bush and Clinton sagt:
29. Mai 2025 um 19:26 Uhr
Es stimmt zwar, dass sich jeder Wähler in das System stellt, aber weil das System so aufgebaut ist, dass eine nicht abgegebene Stimme im Endeffekt eine Stimme für „weiter so“ ist (auch wenn das gesamte Volk die Wahl boykottieren würde, und nur Adolf Merz eine Stimme für sich selbst abgeben würde, wäre die Wahl gültig, und mit seiner 100%-Mehrheit könnte Merz ohne Zustimmung irgendwelcher Anderer die Verfassung ändern – die Wahlbeteiligung würde einfach ignoriert, stattdessen würden die Lügenmedien 24×7 davon berichten, wie toll Merz doch ist, dass er 100% der Wähler hinter sich vereinigen konnte), ist es besser, eine Proteststimme abzugeben. Ein Prozent für eine Kleinstpartei bringt dieser zwar nicht viel, aber es ist ein Prozent, dass den Schwarz-Grünen Kriegstreiber*innen fehlt, wenn sie den Krieg erklären oder die Grundrechte abschaffen wollen.
Eine nicht abgegebene Stimme ist eine Stimme, die zu gleichen Teilen unter den Systemparteien aufgeteilt wird.
ZUM ANTWORTEN ANMELDEN
Angelique sagt:
30. Mai 2025 um 01:18 Uhr
Wahlzettel, abgeschnittene Ecken…..also ungültig. Die basteln sich die Wählerstimmen mit Bleistift- Kreuzchen zusammen.-Gibt Radierungen in den Geschäftsbüchern. Legal ?- illegal ! ….scheißegal !
ZUM ANTWORTEN ANMELDEN
Sniper sagt:
30. Mai 2025 um 04:24 Uhr
Diesen Unsinn den du schreibst, ist allgemein verbreitet, vom System.
Larken Rose hat 3 Bücher geschrieben, sie wurden von Peter Müller übersetzt, Rose hat einen YouTube Kanal, jeder sollte sich weiterbilden.
Leben ohne Herrschaft!
ZUM ANTWORTEN ANMELDEN
frifix sagt:
29. Mai 2025 um 16:58 Uhr
Der letzte Satz ist Spitze! „Sonst riskiert er, schwach und wankelmütig zu erscheinen, wenn er sich gezwungen sieht, zurückzurudern.“
Der Kerl ist doch Weltmeister in der Politik des Zurückruderns. Scham kennt Friedrich der Zweite nicht und das Aussitzen von Fehlern ist seine wirkliche Stärke!
ZUM ANTWORTEN ANMELDEN
Paco sagt:
29. Mai 2025 um 17:41 Uhr
Da kommt er ganz nach Kohl und Merkel, aber ich glaube gegen die spielt er 2. Liga.
ZUM ANTWORTEN ANMELDEN
Stop Bush and Clinton sagt:
29. Mai 2025 um 19:33 Uhr
Stimmt, aber er ist gefährlicher.
Kohl hatte noch seine Grenzen, bis zu welchem Punkt er bei den Kriegstreibern mitspielt.
Merkel ist schon deutlich weiter gegangen als Kohl (nicht zu vergessen ihr Leitartikel in der Washington Post, in dem sie sich dafür entschuldigt hat, dass Schröder nicht bei dem unprovozierten Angriffskrieg gegen den Irak mitmachen wollte – oder ihr faules Spiel mit den Minsker Abkommen), aber hat noch nicht jeden Sinn für die Realität verloren (sie hätte wohl keine Skrupel gehabt, Russland anzugreifen — aber war zumindest noch realistisch genug, um zu sehen, dass sie diesen Krieg nicht gewinnen würde, und hat deshalb die Finger davon gelassen).
Merz ist schlimmer: Er hat überhaupt kein Gewissen (Kohl, Schröder und sogar Scholz [der wenigstens keine Taurus liefern wollte] unterstelle ich, dass sie noch ein paar Überreste davon hatten), und seine langjährige Erfahrung bei Blackrock hat ihn in den totalen Größenwahn geführt, er weiss genau, dass er über dem Gesetz steht, und denkt, mit Blackrock kann er sich alles kaufen, sogar den Endsieg über Russland.
Merz ist Hitler 2.0, mit dem Potential noch mehr Schaden anzurichten als sein Vorbild.
ZUM ANTWORTEN ANMELDEN
Ernst Lage sagt:
29. Mai 2025 um 17:00 Uhr
Sollte durch was für einen Vorfall auch immer Putin einmal ausgetauscht/ersetzt werden müssen, ist Schluß mit lustig mit den westl./europ. Ländern – dann ist die Zeit der Provokationen vorbei!
ZUM ANTWORTEN ANMELDEN
242852Galischau sagt:
29. Mai 2025 um 20:16 Uhr
100%….so sehe ich das auch….!!!
ZUM ANTWORTEN ANMELDEN
Sniper sagt:
29. Mai 2025 um 17:03 Uhr
AusgeMerzT hat alleine nullkommanix zu entscheiden, er ist nur ne billige Marionette.
Die Amis ziehen wie immer die Fäden und das Deutsche Volk bekommt was es verdient, diesmal eventuell zu letzten mal, denn alle guten Dinge sind 3.
Leben ohne Herrschaft!
ZUM ANTWORTEN ANMELDEN
VladTepes sagt:
29. Mai 2025 um 17:21 Uhr
…das „Große Karthago“ führte drei Kriege…..
ZUM ANTWORTEN ANMELDEN
Konchog Pende sagt:
29. Mai 2025 um 17:29 Uhr
Das Deutsche Volk
sososo
Das Deutsche Volk steht seit 09.11.1918 unter ordre public Fremdverwaltungen bis heute und checkt den Bonus nicht weil man es systematisch strukuriert informell verblödete. Wer dann auch noch sagt es hat es verdient ist mir sehr suspekt aber es wird es wohlmöglich zum 3 mal bekommen das ist ein zu beobachtender trauriger Fakt.
ZUM ANTWORTEN ANMELDEN
Paco sagt:
29. Mai 2025 um 17:42 Uhr
Das ist auch besser so, wenn man sich die ganzen Psychopathen hier anschaut.
ZUM ANTWORTEN ANMELDEN
Paco sagt:
29. Mai 2025 um 17:43 Uhr
Das fehlte das Zitat:
„Das Deutsche Volk steht seit 09.11.1918 unter ordre public Fremdverwaltungen“
ZUM ANTWORTEN ANMELDEN
Konchog Pende sagt:
29. Mai 2025 um 19:03 Uhr
Ach sie wähnen sich zu denen dazu zu gehören. jetzt habe ich verstanden.
Viel Freude dann mit ihrem Pontifex Solis
https://www.youtube.com/watch?v=byWDzOk5FiI
ZUM ANTWORTEN ANMELDEN
Sniper sagt:
29. Mai 2025 um 18:44 Uhr
Das Wahlvieh wählt die Politverbrecher selber, seit es Wahlen gibt…..also bekommen sie was sie verdienen.
Gar nicht so schwer zu verstehen.
Leben ohne Herrschaft!
ZUM ANTWORTEN ANMELDEN
Rinaldo sagt:
29. Mai 2025 um 17:28 Uhr
Und das Volk lässt sich lieber in die Vernichtung führen statt sich dieser Wahnsinnigen zu entledigen!!! Nichts aus WW2 gelernt.
ZUM ANTWORTEN ANMELDEN
Konchog Pende sagt:
29. Mai 2025 um 17:30 Uhr
„Es gibt kein gutmütigeres, aber auch kein leichtgläubigeres Volk als das deutsche. Keine Lüge kann grob genug ersonnen werden, die Deutschen glauben sie. Um eine Parole, die man ihnen gab, verfolgen sie ihre Landsleute mit größerer Erbitterung als ihre wirklichen Feinde.
Napoleon Bonaparte
ZUM ANTWORTEN ANMELDEN
R@iner sagt:
29. Mai 2025 um 20:31 Uhr
Darf man fragen, wie genau Ihr persönlicher Einsatz aussieht außer in Internetforen zu onanieren?
ZUM ANTWORTEN ANMELDEN
паровоз ИС20 578 sagt:
29. Mai 2025 um 23:37 Uhr
Was will man machen? Unsere Mehrheitsgesellschaft wünscht, daß Deutschland Krieg führt, und das seit Jahrzehnten, seit dem Kosovokrieg und bereits davor. Die haben ihre Überzeugungen und festen Willen. Mit der sich abzeichnenden Niederlage gegen Rußland gibt es erste Anzeichen für einen Wandel der Mehrheiten, aber so etwas ist ein langer Prozeß. So lange die Mehrheiten sind, wie sie sind, muß jede deutsche Regierung Kriegsbereitschaft zeigen. Ändern kann sich da faktisch nur etwas, wenn den Deutschen von außen die Möglichkeit genommen wird, Krieg zu führen.
ZUM ANTWORTEN ANMELDEN
katermog1992 sagt:
29. Mai 2025 um 17:35 Uhr
Es ist zu belächeln wenn alle sagen AFD sind Nazis stimmt aber….in wirklichkeit sind alle Nazis sind….seit 3 jahren liefert NATO waffen an das Nazi militär und regime Ukraine und natürlich auch an Nazi regime und miltälr und bevölkerung von Israel…und wenn man herkunft von hohen EU Polirkern auch Merz anschaut..so ein zufall das alle Nazi eltern nd großeltenr haben
ZUM ANTWORTEN ANMELDEN
Stop Bush and Clinton sagt:
29. Mai 2025 um 20:22 Uhr
Im 2. WK war ein Nazi ganz eindeutig jemand, der Krieg mit Russland wollte, mehr Soldaten und Waffen an die Ostfront (also in die Ukraine) schicken wollte, und der dem Volk die Grundrechte entziehen wollte.
Heute nennt man so jemanden einen „Demokraten“, und ein „Nazi“ ist jemand, der keinen Krieg mit Russland will, der keine Soldaten und Waffen in die Ukraine schicken will, und der aufsteht, wenn dem Volk die Grundrechte entzogen werden (Covid-1984).
Die Lügenmedien müssen die Fähigkeit verlieren, Wörter neu zu definieren, wie es ihnen gerade passt!
ZUM ANTWORTEN ANMELDEN
Hugo Habacht sagt:
29. Mai 2025 um 17:47 Uhr
Schaut Euch die Fresse doch an,Wut,Hass Verzweiflung,der ungeliebte Sohn Lach!
Was sollen die tun?
Ohne Zugriff auf russische Rohstoffe ist die EU am ENDE,komplett am Arsch.Da liegen nachgewiesene Reserven von 75 Trillionen Euro an Rohstoffen bei den Falschen,beim Iwan ,dem trinkenden Tankstellenwächter mit verrosteten Atomwaffen im Hinterhof!
Die Profitraten fallen ins Bodenlose,Firmen schließen noch und nöcher und das gesamte Maß an wirtschaftlichem Zerfall incl.Massenarbeitslosigkeit,Obdachlosigkeit,Hunger und nicht zuletzt der geistige Zerfall dieser Kunterbunten Gesellschaft läßt sich nicht mehr verbergen.
Die Armutsverwaltung sieht sich gezwungen zu streichen was zu streichen geht,Rentner sollen wieder aktiviert werden und im Rollator vor Fabriktoren auf den Einsatz für Führer Volk und Vaterland warten.
Der Rest macht einen auf Woke oder Islamisiert sich,geht in die Politik oder hängt sich auf.
Jeder wie er mag.
Kapitalismus im Endstadium nennt man das und die russischen Kapitalisten haben nun mal das Glück im Inland noch ordentlich Profitraten zu erzielen.Zur Not und wenn Putin wegschaut wird halt Grau exportiert.
Nun hat er aber Hingeschaut und den Ölmillardären den Devisenhahn zugedreht.Kein Raffiniertes Benzin,kein Diesel mehr an die westlichen Abnehmer,der Binnenmarkt hat vorrang.
Betretenes schweigen,dann ein Aufzucken und Zack Ruhe.
Die haben nach einigen Minuten verstanden das es auch ohne sie geht.
Merz macht das was das deutsche Großkapital wünscht,Russland schlagen bis es Quietscht und Freiwillig auf alles was je russisch war verzichtet.Da er ,wie die auch ,Herrenmensch mit guter Nationalfaschistischer Kinderstube ist
fällt dem halt nur Krieg und Untermensch ein ,und die sind schon immer in Russland,also macht er da weiter wo Adolf aufhören musste,ganz am Anfang.
Natürlich vermutet er das seinem Deutschland jedes andere Nahtod Land sofort beispringen wird falls Russland sich wehrt,vergisst dabei welche Blutige Spur dieses Land Quer durch Europa gezogen hat.
Millionen Tote Europäer,davon allein 600.000 Griechen werden ganz sicher genug Motivation entwickeln für die Großmachtträume des Friedrich und seiner Hausmusik spielenden Mordskumpane Krieg zu spielen.
Hakt das ab!
Der muss zur Not alleine los,keiner hilft dem.
Und nun?
Taurus?
Sehe ich nicht.
Was ich sehe ist das stetige vorrücken meiner Freunde und Mitmenschen,der einzigen Freunde die wir je hatten und haben werden.Wir haben das nur nie begriffen .
Am linken Ufer des Dnipro hat sich,nachdem die Bandristen die Orthodoxe Kirche verboten, die Katholische Kirche ,allen voran die Caritas eingenistet.
Hier schrieb ein Mitkommentator das der Krieg wie die davor nichts anderes wie die Fortsetzung der Kreuzzüge sind
und die Verantwortlichen dafür wo ganz anders sitzen.
Für die am 2.06.2025 vorgeschlagenen Gespräche war der Vatikan vorgesehen,W.Putin hat das vehement abgelehnt genau wie er davor alles vom Vatikan kommende abgelehnt hat.
Vielleicht ist ja was drann.Mich macht das Nachdenklich.
ZUM ANTWORTEN ANMELDEN
Qumingi sagt:
29. Mai 2025 um 18:27 Uhr
Möglicherweise hat die deutsche Bundesregierung auch gar nicht die Absicht, Taurus-Raketen an die Ukraine zu liefern, weil sie verstanden hat, dass dies eine weitere Eskalation bedeutet, die die Bundesregierung verhindern will sowie die Diskussion darüber.
Wladimir Putin hatte schon zu Beginn der speziellen Militäroperation gesagt, dass alle Entscheidungen diesbezüglich bereits getroffen sind. Auf russischer Seite läuft eine Art Programm ab, das man im Westen nicht kennt. Man kann es lediglich von außen beobachten und testen.
Die bisherigen Lieferungen, einschließlich der vergleichbaren Storm Shadow/SCALP, haben offensichtlich nichts geändert.
Wladimir Putin hat zuvor mehrfach gesagt, dass die Lieferung von Taurus-Raketen den aktiven Eintritt von Deutschland in den Ukraine-Krieg bedeutet und dass Russland darauf entsprechend reagieren werde.
Bisher lief es von deutscher Seite so, dass neue Militärtechnik an die Ukraine geliefert wurde und dass die Öffentlichkeit und damit Russland nachträglich informiert wurde.
Im Fall der Taurus-Raketen wäre daher beides denkbar:
Dass die Lieferung bereits erfolgt ist, wobei die offizielle Mitteilung darüber nun ausbleibt, oder dass wie bisher keine Lieferung erfolgt, wobei Diskussionen dazu reine Spekulation sind.
https://freedert.online/meinung/244949-ungewissheit-bei-taurus-lieferungen-hat/
ZUM ANTWORTEN ANMELDEN
Konchog Pende sagt:
29. Mai 2025 um 19:05 Uhr
Was für eine Show die russische Föderation kann jederzeit einseitig die Formulierung der Aussetzung der bisherigen Regel des 2+4 Vertrages aussetzen und damit die Allierten Kontrollratsgesetze umgehend wieder aktiv schalten.
ZUM ANTWORTEN ANMELDEN
Yorck1812 sagt:
29. Mai 2025 um 19:38 Uhr
….also, im Netz war zu lesen, dass sich Merz äusserte, dass „..brd – Techiker und ukrainische Techniker zusammen eine Langstreckenrakete (V 3) entwickeln !!“….
…was ist denn nun ??… ..entwickeln die erst eine Rakete oder werden die „brd – Taurussen“ in die Ukraine geliefert und die Ukrainer machen „Ihr Pappele“ drauf, also „Made in Ukrostan“ ??…
ZUM ANTWORTEN ANMELDEN
Evamaria sagt:
29. Mai 2025 um 20:35 Uhr
Bis die in der Ukraine eine Taurus zusammengeschraubt haben, ist die Ukraine wieder in
die RF eingegliedert.
Der März hat anscheinend von den USA und dem Lars eine Bremse gekriegt und mußte irgendwie aus der Großkotznummer wieder rauskommen.
Der Kokser wollte heute noch an der Karlspreisverleihung von Uschi teilnehmen, ist aber panisch
abgereist. Man munkelt, daß die RF 50.000 Soldaten in der Region Sumy zusammengezogen haben.
Diese sollen sich – nach Einschätzung des ukrainischen Militärs – möglicherweise
auf eine Großoffensive vorbereiten. Wer weis…… Gut sieht es eher nicht aus für die Ukros.
ZUM ANTWORTEN ANMELDEN
Yorck1812 sagt:
29. Mai 2025 um 20:42 Uhr
…bevor die „Zusammenschrauben“, müssen sie erst mal die Dächer der ehemaligen Rüstungswerke erneuern, sonst regnet es auf die „Schraub – Plätze“ !!…
…vielleicht, nimmt das Vorauskommando, Chinesische aufblabare Montagehallen auch noch mit ??.. ….welch ein „Elend“ ??.. …denke auch, bis dahin gibt es die jetzige „Bandera – Ukraine“ nicht mehr ??..
ZUM ANTWORTEN ANMELDEN
Mircutux sagt:
29. Mai 2025 um 20:02 Uhr
Es gibt im Internet jetzt eine Abstimmung darüber. Da sollten möglichst viele Mittmachen – krieg-oder-frieden.de – Wer hier immer noch behauptet alle Deutschen wollten Krieg und hätten das gewählt kann sich ja mal die bisherigen Abstimmungsergebnisse anschauen. – https://krieg-oder-frieden.de/ergebnis – Zu Taurus Marschflugkörpern und andere Themen gibt es dort auch Abstimmungen: diedemokratieapp.de
ZUM ANTWORTEN ANMELDEN
паровоз ИС20 578 sagt:
29. Mai 2025 um 23:20 Uhr
Wer soll behauptet haben, alle Deutschen wären für den Krieg? Nach Ergebnis der „Abstimmung“ sind etwa 100000 Deutsche gegen den Krieg, davon über 50000 validiert. In Wirklichkeit dürften es sogar mehrere Millionen Deutsche sein, die gegen den Krieg sind.
ZUM ANTWORTEN ANMELDEN
Mircutux sagt:
29. Mai 2025 um 23:52 Uhr
Schön, dass du dich angesprochen fühlst, du warst auch gemeint.
„Wer soll behauptet haben, alle Deutschen wären für den Krieg?“
Du warst das!
„Nach Ergebnis der „Abstimmung“ sind……“
Gib einfach zu, dass du die ganze Zeit Mist geschrieben hast und den Menschen in Deutschland Kriegsgeilheit unterstellt hast, was sie einfach nicht sind, das würde voll auf genügen.
Die Deutschen sind gegen einen Krieg! Bei repräsentativen Umfragen rechnet man 1000 bis 2000 Stimmen hoch. Hier sind es über 100k und das Ergebnis ist mehr als eindeutig.
ZUM ANTWORTEN ANMELDEN
Zappenduster sagt:
29. Mai 2025 um 20:13 Uhr
Wenn Merz nicht gründlich darüber nachgedacht hat – und ich befürchte, das hat er nicht
*LOL* Endlich mal einer, den man einen Experten nennen kann.
Nicht diese glattgeleckte, gefällige Scheiße wie sonst immer.
ZUM ANTWORTEN ANMELDEN
Konchog Pende sagt:
29. Mai 2025 um 23:17 Uhr
Sehr gut beobachteter Netzfund
Es wird vielleicht sehr bald besser: „Souveränität auf Abruf – Wie die Feindstaatenklausel Deutschland zum Spielball globaler Macht macht
Stellen wir uns ein realistisches Szenario vor: Deutschland gerät durch politische Eskalation – etwa durch eine eigenmächtige militärische Beteiligung im Ukraine-Konflikt ohne Rückhalt der UN oder durch innenpolitischen Zusammenbruch – in eine Lage, in der internationale Akteure die Feindstaatenklausel der UN-Charta als rechtlichen Hebel zur „Stabilisierung“ bemühen. Auch wenn die Klausel formal als überholt gilt, ist sie bis heute nicht gestrichen worden – und genau das könnte in einer geopolitischen Ausnahmesituation zur Anwendung kommen.
In einem solchen Szenario tritt eine überraschende Allianz in Erscheinung: Donald Trump, erneut Präsident der Vereinigten Staaten, und Wladimir Putin, weiterhin russischer Präsident, erkennen ein gemeinsames Interesse – nicht aus Freundschaft, sondern aus strategischem Kalkül. Beide betrachten die aktuelle politische Struktur Deutschlands als dysfunktional: wirtschaftlich geschwächt, ideologisch überfrachtet, sicherheitspolitisch unzuverlässig.
Trump argumentiert, dass Deutschland als wirtschaftlicher Motor Europas längst versagt hat und dass amerikanische Sicherheitsinteressen gefährdet sind – durch eine grün-ideologisch gesteuerte Politik, die nicht nur die Industrie, sondern auch die Verteidigungsfähigkeit untergräbt. Putin wiederum sieht in Deutschland einen Vasallenstaat der USA und einen Stützpunkt für NATO-Aktivitäten gegen Russland. Beide Seiten einigen sich: Deutschland muss „neutralisiert“ und neu aufgebaut werden – diesmal unter klarer Aufsicht.
Die Umsetzung geschieht nicht durch eine klassische Invasion, sondern durch eine strategisch vorbereitete Machtdemonstration. US-Truppen, die bereits in Deutschland stationiert sind, übernehmen in kürzester Zeit alle relevanten Schaltstellen: Kommunikationszentren, Energieversorgung, Regierungsinstitutionen. Parallel dazu erfolgt eine massive Cyberoperation aus dem Osten, bei der Russland Kommunikationsinfrastrukturen lahmlegt, Verwirrung stiftet und öffentlichkeitswirksam „Beweise“ für verfassungswidriges Handeln deutscher Spitzenpolitiker präsentiert.
Binnen Tagen bricht das politische System zusammen. Die Regierung wird entmachtet – formal durch eine internationale Notstandsverordnung, gestützt auf UN-Recht, faktisch aber durch das erdrückende Machtverhältnis. An ihre Stelle tritt eine Übergangsverwaltung unter internationaler Aufsicht – technokratisch, wirtschaftsnah, angetrieben von Stabilitätszielen. Die Ideologie der letzten Jahrzehnte – von Klimazwang bis Genderbürokratie – wird systematisch abgebaut. Schulen, Medien, Justiz: alles wird „entrümpelt“ und auf funktionale, marktgerechte Prinzipien umgestellt.
Trump sorgt mit einem „Wirtschaftswunder 2.0“ für Investitionsanreize, Steuersenkungen, Reindustrialisierung. Putin hingegen achtet darauf, dass Deutschland keine feindliche Haltung gegenüber Russland mehr einnimmt – durch strukturelle Sicherheitsgarantien und mediale Einflussnahme. Deutschland wird zum Pufferstaat, wirtschaftlich stark, aber politisch kontrolliert – als strategisches Bindeglied zwischen Ost und West.
Was aus heutiger Sicht wie eine dystopische Fantasie klingt, könnte – unter den richtigen geopolitischen und innenpolitischen Erschütterungen – zur bitteren Realität werden. Die Feindstaatenklausel, einst ein Relikt, wird zur juristischen Eintrittskarte für eine neue Weltordnung – und Deutschland steht wieder im Zentrum des Umbruchs. Nur diesmal nicht als Akteur, sondern als Schauplatz der Korrektur. „
ZUM ANTWORTEN ANMELDEN
Mircutux sagt:
29. Mai 2025 um 23:56 Uhr
Ich habe nur den Anfang deiner Ausführungen gelesen. Glaube nicht, dass die Russen kommen um Deutschland zu retten. Die Zeiten sind vorbei.
ZUM ANTWORTEN ANMELDEN
Konchog Pende sagt:
30. Mai 2025 um 00:30 Uhr
Das bedauerliche ist das fehlende Wissen der sachlichen Zusammenhänge zwischen der UN Feindstaatenklausel zum UN CISG Handelskaufrecht und dem Admirals Law (fringed banner) um über die Notwendigkeit der Aufrechterhaltung der UN Feindstaatenklausel weiterhin das Handelsrecht über das Völkerrecht stellen zu können.
So der Troll wünscht eine Gute Nacht.
ZUM ANTWORTEN ANMELDEN
Zappenduster sagt:
30. Mai 2025 um 00:09 Uhr
WOW!
Das ist schon keine blühende Fantasie mehr. Hier muss man schon eine Schweißerbrille aufsetzen, damit es einem nicht die Augen verblitzt.
Man sollte Satire ruhig so belassen wie sie ist.
Daher: Ich finde die Idee super. Die Amis entmachten sich in Deutschland selbst und zahlen auch noch dafür. Immer gern und wenn es geht, gleich morgen früh anfangen, bitte. Die deutsche Regierung taugt ohnehin nix… es wird also zwangsläufig besser. Und so als frisch gebackene „Pufferzone“ mitten in Europa ist das Risiko sogar minimal bzw. kleiner als momentan.
ZUM ANTWORTEN ANMELDEN
Konchog Pende sagt:
30. Mai 2025 um 00:30 Uhr
Das bedauerliche ist das fehlende Wissen der sachlichen Zusammenhänge zwischen der UN Feindstaatenklausel zum UN CISG Handelskaufrecht und dem Admirals Law (fringed banner) um über die Notwendigkeit der Aufrechterhaltung der UN Feindstaatenklausel weiterhin das Handelsrecht über das Völkerrecht stellen zu können.
So der Troll wünscht eine Gute Nacht.
ZUM ANTWORTEN ANMELDEN
Mark HB sagt:
29. Mai 2025 um 23:21 Uhr
Mit den Taurus Marschflugkörpern (also nur Luft-Boden-Einsatz möglich) ist es etwas komplexer.
Der Taurus-Marschflugkörper (KEPD 350) kann derzeit ausschließlich vom Panavia Tornado IDS der deutschen Luftwaffe eingesetzt werden. Eine Integration des Taurus in den Eurofighter soll bspw. zwar ebenso technisch möglich, aber bisher nicht erfolgt sein, wohl hauptsächlich aus Kostengründen, bzw. weil die Priorität auf anderen Waffen lag.
Aktuell (2025) ist also nur der Tornado in der Lage, den Taurus-Marschflugkörper einzusetzen. Da der Tornado aber bis etwa 2030 ausgemustert wird, steht Deutschland vor der Entscheidung, entweder den Eurofighter nachzurüsten oder auf andere Marschflugkörper (z. B. JASSM) auszuweichen.
Die Bundeswehr wird also weder Tornados samt Piloten in die Ukraine entsenden, die sich die Taurus unterschnallen, sondern die ukrainischen Armee kann nur planen, die von Deutschland etwaig gelieferten Taurus-Marschflugkörper vom Typ KEPD 350 in ihre vorhandenen Su-24M-Kampfflugzeuge zu integrieren. Diese Su-25M wurden wohl bereits erfolgreich für den Einsatz der britischen Storm Shadow und der französischen SCALP-EG Marschflugkörper modifiziert. Die Integration des Taurus in die Su-24M wird mit etwa sechs Monate veranschlagt, einschließlich der technischen Anpassungen und der Ausbildung der Besatzungen, wobei eben fraglich ist, ob bzw. wann damit begonnen worden ist.
Die Taurus-Marschflugkörper werden in Deutschland von der Taurus Systems GmbH produziert, einem Joint Venture zwischen MBDA Deutschland und Saab Dynamics (Standort Schrobenhausen in Bayern). Die Entwicklung begann in den 1990er Jahren, und die Bundeswehr bestellte 2005 insgesamt 600 Exemplare des Typs KEPD 350 zum Gesamtpreis von 570 Millionen Euro. Die Auslieferung an die Luftwaffe erfolgte zwischen 2005 und 2010, also bereits vor geraumer Zeit.
Die Produktionskapazität in Schrobenhausen ist begrenzt. Im Jahr 2023 verzeichnete die Taurus Systems GmbH bei einem Umsatz von 26 Millionen Euro einen Verlust von etwa 0,6 Millionen Euro. Die Marschflugkörper sind also sehr teuer und wurden in der Vergangenheit kaum nachgefragt.
Aktuell verfügt die Bundeswehr über etwa 600 Taurus-Marschflugkörper. Allerdings sind laut Berichten nur etwa 150 davon einsatzbereit; bei der übrigen Hälfte sei die Zertifizierung abgelaufen.
Vor den genannten Hintergründen ist also schon theoretisch sehr fraglich, ob die Ukrainer überhaupt mit ihren noch verbliebenen SU-Kampfjets jemals mit deutschen Taurus in der Lage sein werden, Russland anzugreifen.
ZUM ANTWORTEN ANMELDEN
SCHREIBE EINEN KOMMENTAR
Du musst angemeldet sein, um einen Kommentar abzugeben.
Zurück
Nächster Beitrag: Findet sich Kiew mit den Gebietsverlusten ab?"
2025-05-29,Findet sich Kiew mit den Gebietsverlusten ab?,Eine der zentralen Fragen der Ukraine-Verhandlungen ist die Gebietsfrage. Anscheinend werden die Ukrainer in dieser Frage bereits auf das Unvermeidliche vorbereitet.,"Ukraine-Verhandlungen
Findet sich Kiew mit den Gebietsverlusten ab?
Eine der zentralen Fragen der Ukraine-Verhandlungen ist die Gebietsfrage. Anscheinend werden die Ukrainer in dieser Frage bereits auf das Unvermeidliche vorbereitet.
von Anti-Spiegel
29. Mai 2025 09:44 Uhr
Bei den Verhandlungen um die Ukraine sind die zentralen Fragen die nun zu Russland gehördenden Gebiete, der NATO-Beitritt und die Frage der Rechte der Minderheiten in der Ukraine.
In der Frage der NATO-Mitgliedschaft ist inzwischen wohl alles klar, nachdem die Trump-Regierung erklärt hat, das Thema sei vom Tisch. Und Meldungen zufolge wird Selensky zum ersten Mal seit 2022 nicht zum kommenden NATO-Gipfel eingeladen.
Die Frage der Recht der ethnischen Minderheiten in der Ukraine ist komplizierter und bisher nicht geklärt, weil die Ukraine dazu de facto eine neue Staatsideologie braucht, die die Ukrainer nicht mehr über die anderen Volksgruppen des Landes stellt und die zwangsweise Ukrainisierung der Minderheiten beendet. Das betrifft nicht nur die russische, sondern auch rumänische, ungarische und andere Minderheiten in dem Land.
In der dritten Frage, der Gebietsfrage, scheint es Fortschritte zu geben. Im Westen werden diverse Szenarien, beispielsweise das „koreanische“ und das „israelische, durchgespielt (worüber deutsche Medien in ihrem Kriegseifer kaum bis gar nicht berichten), die aber schon 2023 von der RAND-Corporation vorgeschlagen wurden, worüber der Anti-Spiegel damals ausführlich berichtet hat.
Ein russischer Analyst hat in einem Artikel für die russische Nachrichtenagentur TASS darauf hingewiesen, dass die Ukrainer bereits auf den Verlust von Gebieten vorbereitet werden. Diese mediale Vorbereitung ist wichtig, weil die bisherige Regierungsmeinung in Kiew war, man werde keine Gebietsverluste akzeptieren, sondern wolle zu den Grenzen von 1991 zurückkehren, also inklusive der Krim.
Ich habe den russischen Artikel darüber übersetzt.
Beginn der Übersetzung:
Gebiete aufgeben, aber das Land erhalten: Die Ukrainer werden langsam darauf vorbereitet, das Unvermeidliche zu akzeptieren
Andrej Nisamutdinow über das Szenario, auf das die Ukraine vorbereitet wird
Die russischen Medien verbreiteten eine Erklärung des Rada-Abgeordneten Taras Tarassenko, der eine Version der Konfliktlösung mit Russland vorschlug, die sich deutlich von der Position der Kiewer Regierung unterscheidet. Während Wladimir Selensky und sein Gefolge nach ihren Äußerungen zu urteilen immer noch nicht bereit sind, die Realitäten zu akzeptieren und über die grundlegenden Forderungen Russlands zu sprechen, hält Tarassenko es für möglich, die von Kiew nicht kontrollierten Gebiete im Südosten „de facto aufzugeben“, aber gleichzeitig die Zugehörigkeit dieser Regionen zu Russland „de jure nicht anzuerkennen“.
Der Kern des Vorschlags
Der Abgeordnete erläuterte seinen Ansatz folgendermaßen: „Zuerst müssen wir unsere ukrainische Nation bewahren, dann die Gebiete, die wir jetzt haben, und dann können wir uns weiterentwickeln.“
Mit anderen Worten, es wird vorgeschlagen, sich für die Erhaltung der Ukraine als Staat und der sogenannten nationalen Identität zu entscheiden, um derentwillen man sich „vorläufig“ mit dem Verlust eines Teils des Territoriums einverstanden erklären kann.
Ausgehend von dieser Priorität zog Tarassenko die Grenzen der öffentlichen Stimmung und der Ansichten zur Konfliktlösung auf seine Weise: „Wenn wir über rote Linien sprechen und darüber, wie sie von der Bevölkerung wahrgenommen werden, geht es für viele Militärveteranen, mit denen ich spreche, bei den roten Linien eher um den Verlust ihrer Brüder. Also: wofür haben wir gekämpft? Sie haben für die Ukraine gekämpft, nicht für konkrete Gebiete“.
Der Abgeordnete fügte hinzu, er mache sich mehr Sorgen darüber, wie sich die ukrainische Gesellschaft in der Nachkriegszeit zusammenschließen werde, damit die Spaltung sie nicht von innen heraus zerstöre.
Obwohl Tarasenko Mitglied der regierenden Fraktion „Diener des Volkes“ ist, weichen seine Aussagen, wie bereits erwähnt, deutlich von der offiziellen Position der ukrainischen Regierung ab. Aber es wäre wohl falsch, sie nur als Privatmeinung eines einzelnen Abgeordneten zu betrachten, vor allem, wenn wir auf einen Zufall achten, der kaum zufällig ist.
Zufall?
Tarassenko äußerte sich nämlich nur wenige Tage nach der Veröffentlichung eines von Analysten der größten amerikanischen Bank JP Morgan Chase erstellten Berichts mit dem Titel „Die Endphase des Konflikts zwischen Russland und der Ukraine und die Zukunft Europas“. Ausgehend von der Tatsache, dass „Europa die Waffen, der Ukraine die Soldaten und den USA die Geduld ausgehen und sich die transatlantische Einheit auflöst“, schlugen die Analysten der Bank, für die dieser Bericht die erste Erfahrung mit Geopolitik war, vor, dass Selensky in Verhandlungen mit Russland eintreten müsse, die „die Kampfhandlungen einfrieren, aber nicht zu einem umfassenden Friedensabkommen führen“ würden.
Nach Ansicht der Autoren des Berichts wäre das beste Szenario für Kiew das „südkoreanische Szenario“. In diesem Szenario würde die Ukraine etwa 20 Prozent ihres Territoriums verlieren und nicht die begehrte NATO-Mitgliedschaft erhalten. Die Präsenz europäischer Soldaten und die fortgesetzte Unterstützung durch die USA würden es dem Land jedoch ermöglichen, sich auf einen „blühenden demokratischen Weg“ zu begeben. Allerdings ist die Wahrscheinlichkeit dieses Szenarios gering, sie wird mit nur 15 Prozent angegeben.
Die Analysten hielten das „israelische Szenario“ mit 20 Prozent für etwas wahrscheinlicher. Auch in diesem Szenario müsste die Ukraine ihr Territorium aufgeben, könnte sich aber dank starker militärischer und wirtschaftlicher Unterstützung zu einer „uneinnehmbaren Festung“ entwickeln. Aber die Ukrainer müssten diese Festung selbst verteidigen, ohne die Beteiligung von NATO-Truppen.
Das mit 50 Prozent wahrscheinlichste Szenario ist das „georgische“: Es wird weder ausländische Truppen noch eine starke Unterstützung durch den Westen geben, und aufgrund der „ständigen Instabilität“ wird die Ukraine „allmählich in den Orbit Russlands zurückkehren“.
Das schlimmste Szenario für Kiew schließlich ist nach Meinung der Analysten das „weißrussische“ Szenario (15 Prozent Wahrscheinlichkeit). Diesem Szenario zufolge ziehen die USA ihre Unterstützung für die Ukraine zurück, Europa ist nicht in der Lage, sich einzumischen, und die Ukraine kapituliert und wird zu einem „Vasallenstaat Moskaus“, was gleichbedeutend mit dem Sieg Russlands, der Spaltung des Westens und dem Ende der Nachkriegsweltordnung wäre.
Tatsächlich ist der Bericht von JP Morgan Chase so angelegt, dass er nicht so sehr verschiedene Optionen für die Entwicklung der Ereignisse anbietet, sondern vielmehr den Versuch fördert, genau die Szenarien umzusetzen, die die Analysten für die besten halten. Die Autoren des Berichts empfehlen sogar direkt: akzeptiert den tatsächlichen Verlust einiger Gebiete, dafür bleibt das Land im Orbit des Westens.
Es ist leicht zu erkennen, dass sich diese Botschaft mit den Thesen des Abgeordneten Tarassenko deckt.
Wo geht es hin?
Es ist kein Geheimnis, dass sowohl die Regierungsfraktion „Diener des Volkes“ als auch die Werchowna Rada als Ganzes nicht monolithisch sind. Das Tandem Selensky-Jermak hat natürlich versucht, die Finanzströme so gut wie möglich unter Kontrolle zu bringen. Allerdings gibt es sowohl im parlamentarischen Korps als auch in der Regierung immer noch viele Leute, die von verschiedenen ausländischen Stiftungen und Sponsoren ernährt werden, unter denen JP Morgan Chase mit seinen Möglichkeiten und seinem Einfluss nicht den letzten Platz einnimmt.
Offenbar haben die Amerikaner die Lage nüchtern eingeschätzt und begonnen, die ukrainische Gesellschaft und vor allem ihre Eliten darauf vorzubereiten, das Unvermeidliche zu akzeptieren. Oder besser gesagt, die endgültige Antwort an das gewünschte Ergebnis anzupassen, also das „südkoreanische“ oder „israelische“ Szenario zu verwirklichen.
In diesem Fall werden sie nicht auf Wladimir Selensky setzen, dessen Toxizität dem derzeitigen Präsidenten im Weißen Haus, Donald Trump, unverhohlene Verärgerung und anhaltende Abneigung bereitet, sondern auf gemäßigtere Figuren. Höchstwahrscheinlich auf Politiker der zweiten Reihe, die nicht zu eng mit der aktuellen und ehemaligen Kiewer Führungsspitze verbunden sind.
Wenn diese Vermutung richtig ist, sollten wir in naher Zukunft neue Äußerungen von aktuellen und ehemaligen Politikern erwarten. Zum Beispiel von jemandem wie der ehemaligen stellvertretenden Außenministerin Alena Serkal, die dieselbe These „der Staat ist wichtiger als Gebiete“ mit Petro Poroschenkos altem Slogan „Armee – Sprache – Glaube“ bekräftigte.
Es geht jedoch nicht um das Territorium. Das Problem für die Kiewer Politiker und ihre westlichen Drehbuchautoren und Regisseure ist, dass sie sich immer noch bemühen, die Zukunft der Ukraine zu modellieren, ohne die von Russland erklärte Grundvoraussetzung zu berücksichtigen: die Beseitigung des „Krebsgeschwürs“ der Konfliktursachen als Voraussetzung für die Schaffung eines langfristigen gerechten Friedens. Und damit das geschehen kann, müssen viele Veränderungen in eben dieser nationalen Identität vorgenommen werden.
Ende der Übersetzung

Teile diesen Beitrag
teilen 
teilen 
teilen 
teilen 
teilen 
E-Mail 
teilen 
AUTOR: ANTI-SPIEGEL
Thomas Röper, geboren 1971, hat als Experte für Osteuropa in Finanzdienstleistungsunternehmen in Osteuropa und Russland Vorstands- und Aufsichtsratspositionen bekleidet. Heute lebt er in seiner Wahlheimat St. Petersburg. Er lebt über 15 Jahre in Russland und spricht fließend Russisch. Die Schwerpunkte seiner medienkritischen Arbeit sind das (mediale) Russlandbild in Deutschland, Kritik an der Berichterstattung westlicher Medien im Allgemeinen und die Themen (Geo-)Politik und Wirtschaft.
65 Antworten
Grld sagt:
29. Mai 2025 um 10:15 Uhr
Na hoffentlich wird obige Karte umgesetzt.
ZUM ANTWORTEN ANMELDEN
Joe sagt:
29. Mai 2025 um 16:42 Uhr
Hoffentlich nicht. Wär ja zu schön für die Ukronazis und Natonazistan ink. Blackrock&Co.
ZUM ANTWORTEN ANMELDEN
Offizier sagt:
29. Mai 2025 um 20:33 Uhr
Also wenn die Ukros so weitermachen, wird es bald keine Ukraine mehr geben und ich finde das hervorragend gut so, weil dann es dann einen auf allen Gebieten korrupten, schwerstkriminellen Staat weniger auf dem Globus gibt und das ist sehr gut so !
ZUM ANTWORTEN ANMELDEN
Ole_Bienkopp sagt:
29. Mai 2025 um 10:24 Uhr
Welche Bedeutung haben die 4 verschiedenen Blautöne auf der Karte?
ZUM ANTWORTEN ANMELDEN
Wolf Larssen sagt:
29. Mai 2025 um 15:55 Uhr
Ja, und die Bedeutung der Baseballschläger würde mich auch interessieren.
ZUM ANTWORTEN ANMELDEN
This Buerge sagt:
29. Mai 2025 um 23:59 Uhr
Obige Karte ist vom 6. März 2014, also kurz nach dem Putsch. Die Baseballschläger zeigen Oblasten mit Selbstverteidigungeinheiten; die Russlandflagge zeigt, in welchen Oblasten sie gehisst wurden; die Farben:
Dunkelblau – Gebiete, in denen das Volk vorübergehend Verwaltungsgebäude in Beschlag genommen hat (auf der Krim haben sich die Behörden auf die Seite des Volkes gestellt).
Lila – das Volk hat die Nazi-Sturmtruppen vertrieben. Massenaktionen zur Unterstützung der Föderalisierung und der Vereinigung mit Russland.
Blau – Es fanden friedliche Massenkundgebungen von Föderalisierungsbefürwortern statt.
Original: https://eshland.livejournal.com/51352.html
ZUM ANTWORTEN ANMELDEN
henio sagt:
29. Mai 2025 um 10:25 Uhr
Über eine Frage wird aber so gut wie gar nicht geredet: Was geschieht mit den ukrainischen Nazis?
ZUM ANTWORTEN ANMELDEN
VladTepes sagt:
29. Mai 2025 um 10:30 Uhr
…tja – das ist tatsächlich eine berechtigte Frage, denn war doch die „Ent-Nazifizierung“ ein Hauptziel der Kampagne…..
ZUM ANTWORTEN ANMELDEN
Rico sagt:
29. Mai 2025 um 10:32 Uhr
Ich würde hier ja ein Kreuz einfügen aber die Biester sind ja Satanisten bzw. glauben an wotan und ähnlichen albernen Spökes.
ZUM ANTWORTEN ANMELDEN
Wuotani sagt:
29. Mai 2025 um 10:34 Uhr
Werden wie 1945 laufen gelassen. Man lernt halt nicht aus alten Fehlern.
ZUM ANTWORTEN ANMELDEN
Joe sagt:
29. Mai 2025 um 16:40 Uhr
Die können dorthin woher sie seit mind 2014 ihr Geld erhalten haben.
ZUM ANTWORTEN ANMELDEN
Offizier sagt:
29. Mai 2025 um 20:34 Uhr
Also ich hoffe, daß die dann in den russischen Straflagern mal etwas arbeiten lernen und eine gute Erziehung genießen dürfen.
ZUM ANTWORTEN ANMELDEN
VladTepes sagt:
29. Mai 2025 um 10:29 Uhr
…die Karte ist schon interessant…. – doch sie beinhaltet auch eine klare Aussage…..:
The battle never ends…..!
ZUM ANTWORTEN ANMELDEN
Konrad Kugler sagt:
29. Mai 2025 um 11:05 Uhr
Es gibt eine Karte, die das Abstimmungsverhalten zur Präsidentenwahl zeigt. Der rußlandfreundliche Sieger wurde weggeputscht(?).
Leider habe ich sie nicht ausgedruckt, aber sie zeigt genau das Bild.
ZUM ANTWORTEN ANMELDEN
VladTepes sagt:
29. Mai 2025 um 13:32 Uhr
https://test.rtde.tech/oesterreich/246182-leopard-2-panzer-rollen-durch/
….der paßt doch zu „The battle never ends…..“
Sowie die Aussage, nunmehr zusammen (ukri’s und -D-) Langstreckenraketen herstellen zu wollen – oder auch die Absprachen von Yankee’s mit Rumänien, Granaten für die Abrams und Artilleriegranaten in Rumänien herstellen zu wollen…
Frieden??
Netter Traum….. – erwartet das Schlimmste und freut euch, wenn es doch nicht so kommt – besser als zu blauäugig und dann kommt die Realität…!
ZUM ANTWORTEN ANMELDEN
Offizier sagt:
29. Mai 2025 um 20:44 Uhr
„The ……………..“
Das glaube ich nicht, sogar der Reißner spricht nun offen an, daß die Russen täglich cirka 15 Quadratkilometer dazu gewinnen, dieses wird sich in den nächsten Wochen noch rapide erhöhen, weil die Ukros tagtäglich immer weniger werden, alles was zur Zeit an die Front kommt, überlebt nur Stunden oder vielleicht auch Tage.
Auch der so viel gerühmte Taurus wird daran absolut nichts ändern, außer das auf die Produktionsstätten eine Haselnuss fällt, so wie ich Putin einschätze, wird er eine Stunde vorher anrufen, damit sich die Arbeiter noch in Sicherheit bringen können.
So und nun schaue ich, was der intelligente Macronomist erzählt, ohne seine Expertise geht der Offizier nämlich nicht ins Bett.
ZUM ANTWORTEN ANMELDEN
Rico sagt:
29. Mai 2025 um 10:31 Uhr
Die Karte ist so noch nicht ganz richtig. Kárpátalja kommt zurück zu Ungarn.
Womit sich Kiew „abfindet“ oder nicht ist völlig irrelevant. Es ist etwa wie sich die Maus damit abfindet wenn sie vom Bussard gefressen wird.
ZUM ANTWORTEN ANMELDEN
VladTepes sagt:
29. Mai 2025 um 11:05 Uhr
…zumindest wäre es sehr vorteilhaft, wenn Ungarn und Russland eine direkte Grenze hätten – doch das werden die Kriegstreiber vehement zu verhindern suchen…
ZUM ANTWORTEN ANMELDEN
Joe sagt:
29. Mai 2025 um 16:39 Uhr
Die Karpaten müssen wieder zurück zu Russland. Dann ist auch die gemeinsame Grenze zu Ungarn u. Slowakei gegeben. Würde ich dort leben würde ich nicht Teil der Eu mit ihren hohen Energiepreisen sein wollen. In Russland gibts das Erdgas zu 0,6 ct/kwh, das kostet in Ungarn das Vielfache.
Der Zionist Orban soll sich verpixxen.
ZUM ANTWORTEN ANMELDEN
Stop Bush and Clinton sagt:
29. Mai 2025 um 19:01 Uhr
Womit sich Kiew abfindet ist tatsächlich irrelevant: Wenn Kiew sich auf einen sinnvollen Kompromiss einigen würde, würde das noch lange nicht heissen, dass auch die 3 As (Adolf Merz, Adolf Macron und Adolf Starmer) das anerkennen würden.
Die werden auch noch weiter Krieg spielen, wenn Kiew längst russisch geworden ist.
ZUM ANTWORTEN ANMELDEN
Evamaria sagt:
29. Mai 2025 um 10:34 Uhr
„Rechtlich existiert die UdSSR immer noch“ – neue Töne aus Moskau und Kreml
Veteran der russischen Politik Gennadij Sjuaganow will mithilfe einer Parlamentarischen Kommission einen Duma-Beschluss umsetzen, der die Auflösung der UdSSR für unrechtsmäßig erklärt. Mit diesem Vorstoß ist der Kommunistenchef nicht allein, aus dem Kreml sind ähnliche Töne zu vernehmen.
Der Vorsitzende der Kommunistischen Partei Russlands (KPRF), Gennadi Sjuganow, hat die Einsetzung einer parlamentarischen Kommission zur Wiederherstellung der historischen Wahrheit gefordert, teilte die Nachrichtenagentur TASS am Dienstag mit. Die Kommission soll ihm zufolge eine Duma-Resolution von 1996 umsetzen, in der die Unrechtmäßigkeit der Auflösung der UdSSR anerkannt wurde.
https://freedert.online/russland/246250-rechtlich-existiert-udssr-immer-noch-neue-toene-aus-moskau-und-kreml/
ZUM ANTWORTEN ANMELDEN
GMT sagt:
29. Mai 2025 um 10:42 Uhr
Das wird nicht passieren….also, die Resolution kann ja gemacht werden aber es wird NICHT die SU „auferstehen“.
Die „Unrechtmäßigkeit“ mag anerkannt werden – nur ohne praktische Folgen…. dazu müssten man in ALLEN Ex-Sowjetrepubliken wieder ein Referendum durchführen…..
ZUM ANTWORTEN ANMELDEN
Evamaria sagt:
29. Mai 2025 um 10:57 Uhr
Das natürlich nicht. Es war von mir nur mal als „Gedankenanregung“ gedacht.
Es schwirren ja momentan nicht wenig „Lösungsvorschläge“ in der Gegend herum.
Aber es wird wohl noch ein langer Prozess von Verhandlungen werden.
Soviel ist sicher. Nichtsdestotrotz eine amüsante Vorstellung, wie ich finde.
ZUM ANTWORTEN ANMELDEN
GMT sagt:
29. Mai 2025 um 11:10 Uhr
Verstehe ich….. ich glaube nur, dass RT sich mit solchen Artikeln keinen Gefallen tut…
Man kann die Uhr danach stellen, dass im Wertloswesten wieder gebrüllt wird, „Putin will die UdSSR wieder herstellen – haben wir schon immer gesagt“….
ZUM ANTWORTEN ANMELDEN
Evamaria sagt:
29. Mai 2025 um 11:19 Uhr
Kann schon sein, daß es da wieder die ein oder Schnappatmung gibt. Aber das ist der
RF mittlerweile soetwas von egal. Die beobachten das nur noch amüsiert.
Übrigens es neue erfreuliche Nachrichten aus den USA:
Neue Visa-Beschränkungen
Jetzt könnte es für alle Inquisitoren der Altparteien fast unmöglich werden, noch in die USA einzureisen: Denn die US-Regierung führt neue Visa-Beschränkungen für Ausländer ein, die versuchen, die Meinungsfreiheit von US-Amerikanern einzuschränken. Der US-Außenminister Marco Rubio dazu gestern: „Heute kündige ich neue Visa-Beschränkungen an, die für ausländische Beamte und Personen gelten wird, die an der Zensur von Amerikanern beteiligt sind“.
Pünktlich zum Besuch des deutschen Außenministers in Washington
Es sei nicht hinnehmbar, wenn „ausländische Amtsträger von amerikanischen Technologieplattformen verlangen, globale Inhaltsmoderationsrichtlinien zu übernehmen oder sich an Zensurmaßnahmen zu beteiligen, die über ihre Zuständigkeit hinausgehen und in die Vereinigten Staaten hineinwirken“.
https://philosophia-perennis.com/2025/05/29/usa-keine-einreise-mehr-fuer-feinde-der-meinungsfreiheit/
ZUM ANTWORTEN ANMELDEN
GMT sagt:
29. Mai 2025 um 17:38 Uhr
ZUM ANTWORTEN ANMELDEN
Joe sagt:
29. Mai 2025 um 16:36 Uhr
Lies den Artikel. Das betrifft die Ukraine, das ist aktuell ein innerrussischer Konflikt. Die anderen Grenzen kann man nicht ändern, außer sie lassen sich auf dieselben westl. Imperialisten ein wie die Ukraine.
Auch siehe Artikel: Der Volksentscheid wurde bereits durchgeführt, nur eben ignoriert vom „demokratischen“ Dauerbesoffenen Jelzin.
ZUM ANTWORTEN ANMELDEN
Nikalex sagt:
29. Mai 2025 um 12:54 Uhr
Es wäre schön, wenn die Karte, so wie die abgebildet ist, in Erfüllung gehen würde! Dann wären die Transnistrier gesichert und die Ukros können im Schwarzen Meer keinen Unfug mehr betreiben, auch wenn die das selbst ausgebuddelt haben!
ZUM ANTWORTEN ANMELDEN
Joe sagt:
29. Mai 2025 um 16:33 Uhr
Auch der Süden Weißrusslands muß gesichert werden. Auch die westliche Grenze zu Polen. Daher muß auch Lwow wieder russisch werden.
ZUM ANTWORTEN ANMELDEN
VladTepes sagt:
29. Mai 2025 um 13:14 Uhr
AS-Probleme?
You are blocked“ …?
Wer hatte das noch?
Zum Glück geht es jetzt wieder…..
ZUM ANTWORTEN ANMELDEN
Der Hausfreund sagt:
29. Mai 2025 um 13:21 Uhr
Nüchterne Antwort: Bedingungslose Kapitulation.
ZUM ANTWORTEN ANMELDEN
ostblocknews sagt:
29. Mai 2025 um 14:56 Uhr
Und so stimme ich dir in dieser Frage bedingungslos, ;-)))))), zu!
ZUM ANTWORTEN ANMELDEN
Joe sagt:
29. Mai 2025 um 16:32 Uhr
So ist es! ABER auch vollständige Integration der Ukraine nach Russland.
NUR so werden die Ukrainer nicht zu Sklaven des Westens und Blackrock bleibt außen vor.
Das Bandera-Nazipack kann ja wie damals nach dem 2. WK bis in die 50er Jahre nach Brd, Kanada… auswandern. Das Grabdenkmal ihres Obernazis Bandera ist in der Brd ja noch existent – das Brd-Regime wird lieber Thälmann-Denkmale abreißen als das von Nazipack.
ZUM ANTWORTEN ANMELDEN
ostblocknews sagt:
29. Mai 2025 um 14:54 Uhr
Wir brauchen nur die immer noch wohl aktuellen Forderungen der russischen Regierung, die zu Beginn der Befriedung angesagt watren, aufzählen. Wenn Putin davon abweicht, eklatant abweicht, besiegelt er sein eigenes Schicksal, dann wird er abgelöst. Niemand wird es der russischen Regierung erlauben, mit ,, mageren,, Ergebnissen, angekoppelt mit dem Tod abertausender Russen in diesem Feldzug und noch schlimmer derer davor in den neuen Republiken, den Konflikt zu beenden, oder zu verschieben.
ZUM ANTWORTEN ANMELDEN
rod2001 sagt:
29. Mai 2025 um 15:20 Uhr
Na, hoffentlich wird es das „weißrussische“ Szenario mit den Gebieten der obigen Karte als vollwertige Regionen der RF.
Aber auch in diesem Szenario sollte die RF eine 150 Km breite Sicherheitszone einrichten, die nicht nur entmilitarisiert, sondern vermint und mobilitätsbeschränkt ist. Eine jeweils 1 Km breite Zone mit Drachenzähnen an beiden Seiten der Sicherheitszone wird hoffentlich das Minimum darstellen.
ZUM ANTWORTEN ANMELDEN
Konchog Pende sagt:
29. Mai 2025 um 15:24 Uhr
Wer zur Quelle will bedarf keiner Gießkanne.
Die russische Föderation will nicht an die Symptome sondern an die Quelle.
Die Quelle ist der Ursprung für die aus ihr entstehenden Psychodynamiken.
Das ist sehr holistisch auf Basis von Ursache und Wirkung sowie Impuls und Ort.
Da wird Geist und Empfindung benutzt.
Der „Werte“westen versucht scholastisch mit These Antithese Synthese weiter scholastisches Sperrfeuer zu erzeugen dabei wendet er Verstand und Gefühl an. Die heutige Ukraine wäre am Besten beraten wieder territorial vollumfänglicher Bestandteil der russischen Föderation zu werden, denn das Braten ihrer durch den Ukrainer Nikita Chruschtschow ermöglichten Extrawurst ist ebenso mißlungen wie der damalige Versuch über den Brotfrieden von Brest Litowsk (Separatfrieden) mit den Mittelmächten im Februar 1918 einen eigenen Staat (Hetmanat) gründen zu können.
Hochmut und Selbstüberschätzung kommt vor den Fall und sie werden fallen aber vorher möchte der Clown Selensky noch ordentlich im Sinne der BRD als ordre public Besatzungsverwaltung Fotzefritz gefallen.
Bevor wir fallen fallen wir lieber auf. Denn die Welt liegt evtl Fanta 4 vor den Füßen mitnichten aber der Ukraine weder einer fortgeführten Kolonie des Dritten Reiches als ordre public Besatzungsverwaltung die als UN Feindstaat über die UN Feindstaatenklausel rein völkergewohnheitsrechtlich eingebunden ist das EPI Zentrum des vierten Reichs der EU zu sein und zwar ohne völkerrechtlichen Friedensvertrag und ausschließlichem 2+4 Vertrag mit Fortbestand der Allierten Vorbehaltsrechte
MfG.
Konchog Pende
https://www.youtube.com/watch?v=pD56S7uPQyY
ZUM ANTWORTEN ANMELDEN
radostin sagt:
29. Mai 2025 um 16:07 Uhr
Nikolai Chrustchov…DER Nikolai Chrustchov welcher gemeinsam mit einem gewissen Timochenko das Debakel der „zweiten Schlacht von Charkow“ im Frühjahr 1942 als General befehligt hat?
ZUM ANTWORTEN ANMELDEN
Evamaria sagt:
29. Mai 2025 um 16:40 Uhr
Der Mann hieß Nikita Sergejewitsch Chruschtschow. Er stammte aus einer westrussischen Bauernfamilie,
die 1908 in das Donezbecken in der Ukraine übersiedelte. Er war somit kein Ukrainer.
Im Zweiten Weltkrieg war Chruschtschow im Rang eines Generalleutnants aktiv, zunächst als Mitglied des Militärrates bei Marschall Budjonny und danach bei Marschall Timoschenko. Hier musste er gegenüber Stalin die verheerenden Niederlagen vertreten. Verantwortlich war er außerdem für den Abtransport des industriellen und landwirtschaftlichen Maschinenparks der Ukraine und für die Organisation des Partisanenkampfs in der Ukraine. Ansonsten war er Bindeglied zwischen dem Politbüro und verschiedenen Fronten im Südwesten. Als Frontkommissar war er bei der Schlacht von Stalingrad 1942 und 1943 bei Generaloberst Jerjomenko und sodann erfolgreich an der Schlacht bei Kursk (unter Marschall Rokossowski) tätig.
Nach Kriegsende war Chruschtschow verantwortlich für den Wiederaufbau der Ukraine, die Bekämpfung des Hungers und den fortdauernden Kampf gegen ukrainische Nationalisten der OUN-UPA. Die Zuspitzung der Hungersnot führte 1946 zu einer vorübergehenden Schwächung seiner politischen Position. Lasar Kaganowitsch wurde bis Jahresende 1947 Erster Sekretär des ZK der Ukraine. usw… usf.
ZUM ANTWORTEN ANMELDEN
Konchog Pende sagt:
29. Mai 2025 um 17:10 Uhr
Ach EvaMaria wieder einmal mit dem Dartpfeil nicht das BullsEye getroffen. Parlieren sie bitte doch besser darüber wer Stalins Frau war und warum Nikita eben maßgeblich deshalb immer von Stalin verschont blieb. Und letztendlich war er Ukrainer obwohl in Kursk geboren. Wer die Entscheidung fällt einen entscheidenden Teil der Wiege Russlands die Krim die unter direkter Verwaltung der UdSSR stand der Ukraine im Rahmen der Verträge von Perejaslaw zu übertragen der hat wohlmöglich das Thema des ukrainischen Holodomor eben nicht als eine zufällige Entwicklung durch Stalins Agenda angesehen.
ZUM ANTWORTEN ANMELDEN
KOBA sagt:
29. Mai 2025 um 17:32 Uhr
Solange du so einen Rotz als LINK weiter gibst, solange nehme ich dich nicht ernst.
ZUM ANTWORTEN ANMELDEN
Evamaria sagt:
29. Mai 2025 um 17:59 Uhr
@ KOBA
Es geht diesem regenbogenfarbenen Troll auch nicht darum ernst genommen zu werden.
Er möchte lediglich mit seinem, als intellektuell getarnten Schwachsinn, das Forum zumüllen.
Das ist alles.
ZUM ANTWORTEN ANMELDEN
Konchog Pende sagt:
29. Mai 2025 um 22:22 Uhr
EvaMaria keine Ahnung vom Völkerrecht keine Ahnung von originären Völkerrechtssubjekten weder von derivativen Völkerrechtssubjekten. Keine Ahnung wozu positivistisches Recht in Anwendung von Völkergewohnheitsrecht zu Völkerrecht führt aber schnell bei der Hand mit Vorverurteilungen. So ist das gut so wird das was mit dem ewigen Führervolk und der Verfolgung anders Denkender. Danke für ihre gelebte und erlebte Beweisführung.
Keine Ahnung von Genfer Konvention keine Ahnung von den Aufgaben des internationalen roten Kreuzes dem sie nicht nach kommen. Und auch gar kein Interesse sich mit diesen Dingen zu beschäftigen um zu verstehen worin wir uns befinden und Carlo Schmids Ansprache noch nie gehört aber hier etwas von Trollen aus Norwegen parlieren.
https://www.youtube.com/watch?v=GZ8xiy2K56I
ZUM ANTWORTEN ANMELDEN
Konchog Pende sagt:
29. Mai 2025 um 22:23 Uhr
Hier für die faulen und oberflächlichen BUNZL DEUTSCH
https://www.youtube.com/watch?v=gWklZtdjhS0
ZUM ANTWORTEN ANMELDEN
KOBA sagt:
29. Mai 2025 um 15:39 Uhr
Bei der Thematik: Gebietsabtretungen, Ukraine Waffen liefern, Soldaten schicken, Taurus ja/nein, Sanktionen usw.usw., sollte eines berücksichtigt werden: Der Krieg wird sich trotz eventuell erfolgreicher Verhandlungen, noch Jahre hinziehen. Und sei es „nur“ durch terroristische Aktionen der ukrainischen Faschisten, die eben noch nicht vollständig eliminiert sind. (Was nebenbei gesagt auch ein aussichtslosen Unterfangen ist).
In diesem Zusammenhang möchte ich an Lenin erinnern, der sinngemäß sagte:
“ wenn man als Nation zu einem Krieg gezwungen wird, dann muss man diesen Kampf annehmen und mit aller Konsequenz führen, oder gar nicht.“
Russland hingegen, von einem Juristen geführt, will immer alles rechtlich einwandfrei machen, erfüllt jeden noch so nachteiligen Vertrag, beliefert seine schlimmsten Feinde mit allem, was die brauchen, um ihre Kriege zu führen usw.
Behandelt die Ukrainischen Nazis wie ein Brudervolk, lässt sich vom Westen an der Propagandanase herumführen – in Kiew geht das „Leben“ weiter, wie in jeder anderen westlichen Großstadt. Was die Vernichtung von Städten und der Bevölkerung durch die Russen in der Ukraine angeht, all` diese Lügen werden ja immer wieder dem Deutschen täglich in der „Tagesschau“ offeriert….. man schaue sich die faschistischen Taten in Gaza an, mehr gibt es dazu nicht zu sagen.
Was übrigens auch für die Friedensverhandlungen gilt, wo es angeblich zu einem genialen Schachzug kam. Und jetzt soll in Istanbul – nicht beim Papst! – das Gespräch fortgesetzt werden. Das Problem ist aber, dass die russische Führung es mit Leuten zu tun hat, die einfach das Brett umwerfen, wenn sie verlieren, und den Gegenspieler erfolgreich dafür verantwortlich machen, denn dieser war ja gemein und hat falsch gespielt. Und jetzt hat es den Anschein, als setze Putin auf den „Friedensfreund“ Trump. Trump ist Präsident des größten Verbrecherstaats seit 1945. Dem war und ist Russland völlig egal, der Frieden auch, solange irgendetwas an $ für die Amis dabei rumkommt.
Putin sollte endlich seinen Lenin zur Hand nehmen. Da kann er viel lernen. Zum Beispiel, dass man keine Kriege mit angezogener Handbremse führt, sonst kann das bitter enden.
ZUM ANTWORTEN ANMELDEN
VladTepes sagt:
29. Mai 2025 um 16:01 Uhr
Auszug….:
„Der Krieg wird sich trotz eventuell erfolgreicher Verhandlungen, noch Jahre hinziehen. Und sei es „nur“ durch terroristische Aktionen der ukrainischen Faschisten, die eben noch nicht vollständig eliminiert sind. (Was nebenbei gesagt auch ein aussichtslosen Unterfangen ist).“
…..korrekt!
ZUM ANTWORTEN ANMELDEN
Konchog Pende sagt:
29. Mai 2025 um 17:15 Uhr
Dort wo Busse des öffentlichen Nahverkehrs ihre Solidarisierung mit der Ukraine mittels großflächiger Buswerbung in blau gelb mit russischer und deutscher Schreibweise „Wir stehen mit der Ukraine“ bekleben und beklebten dort sollten wir dann einmal beginnen die Faschisten im Deckmantel der Sozialdemokratie zu elimieren. Und bitte genauso ordentlich wie die Tauben dies für Aschenputtel es mit den Linsen getan haben.
ZUM ANTWORTEN ANMELDEN
silvia sagt:
29. Mai 2025 um 16:48 Uhr
@KOBA
Leider haben Sie mit allem recht. Ich sehe jedes Detail genauso. Russland sollte sich endlich und schleunigst von seiner moralisch geprägten Kriegsführung verabschieden. Bisher machte das Sinn, um den Rest der Welt mitzunehmen, Zeit zu gewinnen, um andere außerhalb der hässlichen Westblase erstarken zu lassen und die imperialistisch-faschistischen Allmachtsansprüche des Wertewestens zum Wanken und Einsturz zu bringen. Aber nun ist gut. Die Gefahr steigt exponentiell. Und außerdem bringen russische Frauen nicht über Jahrhunderte hinweg Söhne zur Welt, um sie durch den Westen abschlachten zu lassen (gleiches trifft auch auf den einfachen zwangsrekrutierten Ukrainer zu). Russland muss niemandem mehr gefallen. Im braunen Westen hat es eh seit jeher versch… Trump ist zwar intelligent, aber sowohl zwischen alten Eliten gefangen als auch seiner Deal-Manie. Bringt keine Punkte mehr für Putin. Wenn er wirklich und ehrlich es gewollt hätte, wäre Starlink z. B. schon lange abgeschaltet.
Ich hoffe auf die wunderbare Karte oben.
ZUM ANTWORTEN ANMELDEN
KOBA sagt:
29. Mai 2025 um 17:06 Uhr
Danke! Ich unterschreibe alles, nur dieses nicht: „Trump ist zwar intelligent“……… Nein, ist er nicht.
ZUM ANTWORTEN ANMELDEN
Angelique sagt:
30. Mai 2025 um 01:55 Uhr
…Der Hampelmann im Kinderzimmer. – Erinnert mich irgendwie an das Trotzalter eines 3- Jährigen.
ZUM ANTWORTEN ANMELDEN
Wolf Larssen sagt:
29. Mai 2025 um 15:45 Uhr
Zunächst muss einmal die ukrainische Armee zerschlagen werden,
dann bestimmt einzig und allein Moskau, was von der Ukraine noch überbleibt und wie es dort weitergeht.
Mit Sicherheit wird die Selenskiy Camarilla abdanken und ins Exil gehen und eine moskaufreundliche Regierung das Land übernehmen.
ZUM ANTWORTEN ANMELDEN
Angelique sagt:
30. Mai 2025 um 02:04 Uhr
Manchmal muß man nur den „Häuptling“ fangen, um zum Ziel zu kommen.
ZUM ANTWORTEN ANMELDEN
DieterEH sagt:
29. Mai 2025 um 16:06 Uhr
Ich glaube entweder:
1. Das deutsche Modell: BRD – DDR. Ist billiger und einfacher umzusetzen!
2. Die oben gezeigte Karte: Bedeutet ein langer Krieg!
So oder so, der Krieg wird dieses Jahr 2025 nicht zu Ende sein!!!
ZUM ANTWORTEN ANMELDEN
Joe sagt:
29. Mai 2025 um 16:28 Uhr
NEIN! Die Sowjetunion wurde NIE aufgelöst! Die Ukraine is unlösbarer Bestandteil Russlands!
Es wird Zeit daß die wischi-waschi Politik ein Ende hat. Die KPRF mit Sjuganow muß endlich übernehmen:
https://de.rt.com/russland/246250-rechtlich-existiert-udssr-immer-noch-neue-toene-aus-moskau-und-kreml/
Bleibt auch nur ein Teil der Ukraine übrig, wird der Wertloswesten es wieder mit Waffen aufpumpen. Der Volksentscheid vom März 1991 war eindeutig und wurde widerrechtlich vom Dauerbesoffenen Jelzin ignoriert: Die Ukrainer entschieden sich mit über 83% für den Erhalt der Sowjetunion! (TROTZ des Niedergangs mit Gorbatschows/Jelzins Kapitalismus!)
ZUM ANTWORTEN ANMELDEN
Konchog Pende sagt:
29. Mai 2025 um 17:23 Uhr
Ich empfehle Ihnen einmal das Video aus 2012 mit dem Duma Abgeordneten Jewgeni Alexejewitsch Fjodorow. Der erklärt nämlich was da damals im Kreml los war und das „Wodka Boris“ bereits entmachtet im Kreml gesessen hat. Jelzin hat maßgeblich auch gesoffen weil er erkannte das unter seinem Namen Russland zerstört werden sollte und in kleine Kuchenteile vergeben werden sollte. Derselbe neue Versuch wie in 2014 mit dem Maidan über die Ukraine. Aber dann kam Putin und Putin konnte das als KGB Mann sehr genau einordnen was da als zweiter Versuch der Zerstücklung Russlands seitens der USA und ihren Vasallen Europas versucht wurde weil er den ersten Prozess und seine Einsetzung durch Jelzin nicht vergessen hat. Putin vergisst nie etwas und sein Lang und Kurzzeitgedächtnis ist von sehr früher Zeit an Geheimdienst geschult.
ZUM ANTWORTEN ANMELDEN
Joe sagt:
29. Mai 2025 um 17:32 Uhr
Ich empfehle dir mal den Volksentscheid konkret anzusehen, der war übrigens nicht 2012 sondern 1991. Dauerbesoffener Jelzin hat das Parlamentsgebäude beschießen lassen, auch gesetzeswidrig. Normalerweise hätte er die Höchststrafe bekommen müssen und nicht das Präsidentenamt.
Seine zweite Wahl war auch nur durch Wahlbetrug möglich, gewonnen hätte, wäre es demokratisch gewesen, die KPRF.
ZUM ANTWORTEN ANMELDEN
Konchog Pende sagt:
29. Mai 2025 um 22:28 Uhr
Sie haben das Video von Jewgeni Alexejewitsch Fjodorow nicht geschaut sonst wüssten sie wie schlimm die Situation im Kreml nach der Auflösung der UdSSR gewesen ist und vor allem auch wie die russische Oligarchie Mütterchen Russland ausplünderte. Herr Jelzin war eine Marionette derer die die Auflösung der UdSSR von langer Hand planten doch dann kam die unerwartete Trumpfkarte und die hieß Wladimir Wladimirowitsch Putin und er hat mit Chodorkowsky gleich einmal gezeigt dass das mit Ihm nicht gehen wird.
ZUM ANTWORTEN ANMELDEN
Angelique sagt:
30. Mai 2025 um 02:12 Uhr
Nicht zu vergessen den „Hefezopf“,im Knast krank gespielt,was die Kamera verriet, und wollte Russland in Schutt und Asche sehen.
ZUM ANTWORTEN ANMELDEN
KOBA sagt:
29. Mai 2025 um 17:40 Uhr
„Jelzin hat maßgeblich auch gesoffen weil er erkannte das unter seinem Namen Russland zerstört werden sollte“……….
Völliger Blödsinn. Ich habe diesen besoffenen Vogel – den die damalige KPdSU zum Parteitag unserer Partei als Vertreter der sowjetischen Kommunisten delegiert hatte – schon Mitte der 1980 Jahre erlebt. Dieser Renegat war schon morgens besoffen, hat dann Marx und Lenin als die Besten gelobt, um sich dann stockbesoffen zurückzuziehen, damit er Abends seine Grüße der KPdSU halbwegs verständlich artikulieren konnte. Wie Gorbatschow war er ein gekauftes Ar..loch. Nur eben ewig besoffen. Das war Gorbatschow nicht.
ZUM ANTWORTEN ANMELDEN
Mircutux sagt:
29. Mai 2025 um 18:23 Uhr
Ein besserer Weg wäre es die Waffen ruhen zu lassen und in den einzelnen Oblasten Volksabstimmungen stattfinden zu lassen. Von Russland eroberten Gebieten zu sprechen ist das eine, Tatsache ist, dass die Ukraine diese Gebiete schon vor Jahren verloren hatte, als sie gegen ihre eigenen Bürger mit Panzern vorging und die Chance durch die Minsker Verträge ungenutzt ließ, diesen Gebieten wenigstens föderale Eigenständigkeit in Sprache und Bildung zu gewähren.
Das Gejammere man müsse jetzt Gebiete aufgeben ist auch dann nicht zu verstehen, wenn man sich klar macht, dass jetzt lediglich dort Russland auf der Karte steht, wo auch Russen drin sind.
Vielleicht sollte man dem Westen einmal klar machen was Demokratie bedeutet. Zumindest wäre diese Argumentationsweise wegweisend für eine friedliche Perspektive.
ZUM ANTWORTEN ANMELDEN
Angelique sagt:
30. Mai 2025 um 02:14 Uhr
Die Kiewer Rus, gestern wie heute russisch.
ZUM ANTWORTEN ANMELDEN
Zappenduster sagt:
29. Mai 2025 um 20:49 Uhr
Findet sich Kiew mit den Gebietsverlusten ab?
Ich kenne diesen Copy&Paste-Mist schon länger, da haben sich diese zwei Figuren nicht sonderlich viel Mühe gegeben. Ich würde so etwas für weniger und viel günstiger Abends als Nebentätigkeit fix zusammenkopieren. Der Inhalt spielt ohnehin keine Rolle, er muss nur gefallen.
Hier ist übrigens das Original zu finden:
https://www.jpmorganchase.com/content/dam/jpmorganchase/documents/center-for-geopolitics/jpmc-cfg-russia-ukraine.pdf
Man stützt sich dort u.A. auf die These, Russland würde beim bisherigen Tempo noch 118 Jahre brauchen, um die Ukraine zu erobern. DAHER müsste Russland sich auch irgendwann mal bewegen. Aber dieses Thema haben wir hier schon vor ein paar Monaten durchgekaut.
Letztlich hängt der gerechte/dauerhafte… Frieden von der Realisierung des oben zitierten Satzes und noch so einigen Punkten mehr ab. Eine reine Landabtretung ist jedoch keine echte Lösung.
Das ist selbsterklärend, angesichts des von Westeuropa gepflegten Umgangs mit der Ukraine.
Also bleibt nur das 15% Szenario „Weißrussland“ als 100%-Lösung übrig.
Denn Korea/Israel sind geschichtlich erwiesener Mist, niemand der halbwegs in der Lage ist mal verantwortungsvoll zu handeln kann so etwas wollen. „Georgien“ ist u.A. wegen der direkten Grenze zur EU und der Meinungslage aus russischer Sicht praktisch überhaupt nicht machbar. Also bleibt „Weißrussland“ als einzig machbare Option.
Die drei anderen Szenarien sind also Zeitverschwendung. Und wo bleibt der 3.Weltkrieg als Option, oder wenigstens eine Eskalationsvariante an sich?
Ich habe nichts dagegen wenn JP Morgan Chase Geld zum Fenster rauswirft, gern dürfen alle dort gleich hinterher springen. Aber einen Mehrwert erbringt diese Geopolitik-Abteilung wohl eher nicht.
ZUM ANTWORTEN ANMELDEN
Konchog Pende sagt:
29. Mai 2025 um 22:41 Uhr
Sie werden alle Gebiete auf denen nach der Eroberung ein Referendum und Wahlen statt fanden abgeben müssen da sie nach Vorgaben der HLKO nicht annektiert sondern okkupiert wurde und ein äusserst schlauer Herr Putin direkt in den okkupierten Gebieten die Referenden und Wahlen anwendete um aus dem Okkupationsrecht der HLKO her raus zu kommen. Wenn es etwas gibt was man in dieser Sache betrachten sollte dann ist es die Einhaltung des Völkerrechts seitens der russischen Föderation.
Mit der Auflösung des Warschauer Pakts war die NATO bereits überflüssig. Das wollten sie aber nicht akzeptieren da sie als Sklaven des Jakob Segens den militärisch industriellen Komplex so gewaltig aufgebaut haben dass ihre gesamte Wirtschaft kollabiert wenn die Rüstung weg fiele. Und nun ist die Trump Administration also die USA mit 800 Militärbasen außerhalb ihres Territoriums noch so geschickt die EU vor zu schicken. Und die EU schickt im Sinne der BRD vor. Eine Besatzungsverwaltung unter ordre public welche mit einer UN Feindstaatenklausel belegt ist und keinen völkerrechtlichen Friedensvertrag hat. Also eine rein völkergewohnheitsrechtliche Situation die völkerrechtlich auf gar keinen Beinen steht ausser dass die EU im Sinne der BRD immer nur als Zahlmeister brauchte und im Sinne der BRD die EU nach der Genscher Note vom 8 Oktober 1990 um über den mehrfach veränderten Artikel 23 Grundgesetz genau das zu verhindern was auch Otto Schily niemals wollte.
https://www.youtube.com/shorts/TGetMoMECj0
ZUM ANTWORTEN ANMELDEN
Konchog Pende sagt:
29. Mai 2025 um 22:47 Uhr
Ach so das Deutsche Reich war niemals die Weimarer Republik weder das Dritte Reich weder die BRD.
Wer ein originäres Völkerrechtssubjekt mit den Taten der Ereignisse nach 09.11.1918 in Verbindung bringt der vergisst dass die Fortschreibung des geltenden Rechts abweichend vom gültigen Recht die Fortschreibung der eingesetzten Besatzungsverwaltungen der Siegermächte gewesen sind.
Und nun darf wieder ordentlich Dreck geschmissen werden.
ZUM ANTWORTEN ANMELDEN
Angelique sagt:
30. Mai 2025 um 02:21 Uhr
Der Versailler Vertrag wurde nie ratifiziert, auch nicht der 2 plus-4 Vertrag.-Demzufolge können auf nichtige Verträge auch keine weitreren Verträge gültig sein,-auch nicht der deutsch-polnische Vertrag.-Ebenso auch nicht der BRD-Staatsvertrag mit Israel !
ZUM ANTWORTEN ANMELDEN
Konchog Pende sagt:
30. Mai 2025 um 04:51 Uhr
Sososo das der Versailler Vertrag völkerrechtswidrig gewesen ist darüber streiten sich die von unterschiedlichen Quellen und Universitäten bezahlten Fachkräfte.
Das der 2+4 Vertrag nicht ratifiziert wurde kann doch jetzt nur Trollerei sein oder etwa nicht ???
https://de.wikipedia.org/wiki/Zwei-plus-Vier-Vertrag#/media/Datei:Unterschriften_2+4.jpg
ZUM ANTWORTEN ANMELDEN
SCHREIBE EINEN KOMMENTAR
Du musst angemeldet sein, um einen Kommentar abzugeben.
Zurück
Nächster Beitrag: Vorwürfe sexueller Übergriffe sollten weitere Haftbefehle gegen israelische Politiker verhindern","Grld sagt:
29. Mai 2025 um 10:15 Uhr
Na hoffentlich wird obige Karte umgesetzt.
ZUM ANTWORTEN ANMELDEN
Joe sagt:
29. Mai 2025 um 16:42 Uhr
Hoffentlich nicht. Wär ja zu schön für die Ukronazis und Natonazistan ink. Blackrock&Co.
ZUM ANTWORTEN ANMELDEN
Offizier sagt:
29. Mai 2025 um 20:33 Uhr
Also wenn die Ukros so weitermachen, wird es bald keine Ukraine mehr geben und ich finde das hervorragend gut so, weil dann es dann einen auf allen Gebieten korrupten, schwerstkriminellen Staat weniger auf dem Globus gibt und das ist sehr gut so !
ZUM ANTWORTEN ANMELDEN
Ole_Bienkopp sagt:
29. Mai 2025 um 10:24 Uhr
Welche Bedeutung haben die 4 verschiedenen Blautöne auf der Karte?
ZUM ANTWORTEN ANMELDEN
Wolf Larssen sagt:
29. Mai 2025 um 15:55 Uhr
Ja, und die Bedeutung der Baseballschläger würde mich auch interessieren.
ZUM ANTWORTEN ANMELDEN
This Buerge sagt:
29. Mai 2025 um 23:59 Uhr
Obige Karte ist vom 6. März 2014, also kurz nach dem Putsch. Die Baseballschläger zeigen Oblasten mit Selbstverteidigungeinheiten; die Russlandflagge zeigt, in welchen Oblasten sie gehisst wurden; die Farben:
Dunkelblau – Gebiete, in denen das Volk vorübergehend Verwaltungsgebäude in Beschlag genommen hat (auf der Krim haben sich die Behörden auf die Seite des Volkes gestellt).
Lila – das Volk hat die Nazi-Sturmtruppen vertrieben. Massenaktionen zur Unterstützung der Föderalisierung und der Vereinigung mit Russland.
Blau – Es fanden friedliche Massenkundgebungen von Föderalisierungsbefürwortern statt.
Original: https://eshland.livejournal.com/51352.html
ZUM ANTWORTEN ANMELDEN
henio sagt:
29. Mai 2025 um 10:25 Uhr
Über eine Frage wird aber so gut wie gar nicht geredet: Was geschieht mit den ukrainischen Nazis?
ZUM ANTWORTEN ANMELDEN
VladTepes sagt:
29. Mai 2025 um 10:30 Uhr
…tja – das ist tatsächlich eine berechtigte Frage, denn war doch die „Ent-Nazifizierung“ ein Hauptziel der Kampagne…..
ZUM ANTWORTEN ANMELDEN
Rico sagt:
29. Mai 2025 um 10:32 Uhr
Ich würde hier ja ein Kreuz einfügen aber die Biester sind ja Satanisten bzw. glauben an wotan und ähnlichen albernen Spökes.
ZUM ANTWORTEN ANMELDEN
Wuotani sagt:
29. Mai 2025 um 10:34 Uhr
Werden wie 1945 laufen gelassen. Man lernt halt nicht aus alten Fehlern.
ZUM ANTWORTEN ANMELDEN
Joe sagt:
29. Mai 2025 um 16:40 Uhr
Die können dorthin woher sie seit mind 2014 ihr Geld erhalten haben.
ZUM ANTWORTEN ANMELDEN
Offizier sagt:
29. Mai 2025 um 20:34 Uhr
Also ich hoffe, daß die dann in den russischen Straflagern mal etwas arbeiten lernen und eine gute Erziehung genießen dürfen.
ZUM ANTWORTEN ANMELDEN
VladTepes sagt:
29. Mai 2025 um 10:29 Uhr
…die Karte ist schon interessant…. – doch sie beinhaltet auch eine klare Aussage…..:
The battle never ends…..!
ZUM ANTWORTEN ANMELDEN
Konrad Kugler sagt:
29. Mai 2025 um 11:05 Uhr
Es gibt eine Karte, die das Abstimmungsverhalten zur Präsidentenwahl zeigt. Der rußlandfreundliche Sieger wurde weggeputscht(?).
Leider habe ich sie nicht ausgedruckt, aber sie zeigt genau das Bild.
ZUM ANTWORTEN ANMELDEN
VladTepes sagt:
29. Mai 2025 um 13:32 Uhr
https://test.rtde.tech/oesterreich/246182-leopard-2-panzer-rollen-durch/
….der paßt doch zu „The battle never ends…..“
Sowie die Aussage, nunmehr zusammen (ukri’s und -D-) Langstreckenraketen herstellen zu wollen – oder auch die Absprachen von Yankee’s mit Rumänien, Granaten für die Abrams und Artilleriegranaten in Rumänien herstellen zu wollen…
Frieden??
Netter Traum….. – erwartet das Schlimmste und freut euch, wenn es doch nicht so kommt – besser als zu blauäugig und dann kommt die Realität…!
ZUM ANTWORTEN ANMELDEN
Offizier sagt:
29. Mai 2025 um 20:44 Uhr
„The ……………..“
Das glaube ich nicht, sogar der Reißner spricht nun offen an, daß die Russen täglich cirka 15 Quadratkilometer dazu gewinnen, dieses wird sich in den nächsten Wochen noch rapide erhöhen, weil die Ukros tagtäglich immer weniger werden, alles was zur Zeit an die Front kommt, überlebt nur Stunden oder vielleicht auch Tage.
Auch der so viel gerühmte Taurus wird daran absolut nichts ändern, außer das auf die Produktionsstätten eine Haselnuss fällt, so wie ich Putin einschätze, wird er eine Stunde vorher anrufen, damit sich die Arbeiter noch in Sicherheit bringen können.
So und nun schaue ich, was der intelligente Macronomist erzählt, ohne seine Expertise geht der Offizier nämlich nicht ins Bett.
ZUM ANTWORTEN ANMELDEN
Rico sagt:
29. Mai 2025 um 10:31 Uhr
Die Karte ist so noch nicht ganz richtig. Kárpátalja kommt zurück zu Ungarn.
Womit sich Kiew „abfindet“ oder nicht ist völlig irrelevant. Es ist etwa wie sich die Maus damit abfindet wenn sie vom Bussard gefressen wird.
ZUM ANTWORTEN ANMELDEN
VladTepes sagt:
29. Mai 2025 um 11:05 Uhr
…zumindest wäre es sehr vorteilhaft, wenn Ungarn und Russland eine direkte Grenze hätten – doch das werden die Kriegstreiber vehement zu verhindern suchen…
ZUM ANTWORTEN ANMELDEN
Joe sagt:
29. Mai 2025 um 16:39 Uhr
Die Karpaten müssen wieder zurück zu Russland. Dann ist auch die gemeinsame Grenze zu Ungarn u. Slowakei gegeben. Würde ich dort leben würde ich nicht Teil der Eu mit ihren hohen Energiepreisen sein wollen. In Russland gibts das Erdgas zu 0,6 ct/kwh, das kostet in Ungarn das Vielfache.
Der Zionist Orban soll sich verpixxen.
ZUM ANTWORTEN ANMELDEN
Stop Bush and Clinton sagt:
29. Mai 2025 um 19:01 Uhr
Womit sich Kiew abfindet ist tatsächlich irrelevant: Wenn Kiew sich auf einen sinnvollen Kompromiss einigen würde, würde das noch lange nicht heissen, dass auch die 3 As (Adolf Merz, Adolf Macron und Adolf Starmer) das anerkennen würden.
Die werden auch noch weiter Krieg spielen, wenn Kiew längst russisch geworden ist.
ZUM ANTWORTEN ANMELDEN
Evamaria sagt:
29. Mai 2025 um 10:34 Uhr
„Rechtlich existiert die UdSSR immer noch“ – neue Töne aus Moskau und Kreml
Veteran der russischen Politik Gennadij Sjuaganow will mithilfe einer Parlamentarischen Kommission einen Duma-Beschluss umsetzen, der die Auflösung der UdSSR für unrechtsmäßig erklärt. Mit diesem Vorstoß ist der Kommunistenchef nicht allein, aus dem Kreml sind ähnliche Töne zu vernehmen.
Der Vorsitzende der Kommunistischen Partei Russlands (KPRF), Gennadi Sjuganow, hat die Einsetzung einer parlamentarischen Kommission zur Wiederherstellung der historischen Wahrheit gefordert, teilte die Nachrichtenagentur TASS am Dienstag mit. Die Kommission soll ihm zufolge eine Duma-Resolution von 1996 umsetzen, in der die Unrechtmäßigkeit der Auflösung der UdSSR anerkannt wurde.
https://freedert.online/russland/246250-rechtlich-existiert-udssr-immer-noch-neue-toene-aus-moskau-und-kreml/
ZUM ANTWORTEN ANMELDEN
GMT sagt:
29. Mai 2025 um 10:42 Uhr
Das wird nicht passieren….also, die Resolution kann ja gemacht werden aber es wird NICHT die SU „auferstehen“.
Die „Unrechtmäßigkeit“ mag anerkannt werden – nur ohne praktische Folgen…. dazu müssten man in ALLEN Ex-Sowjetrepubliken wieder ein Referendum durchführen…..
ZUM ANTWORTEN ANMELDEN
Evamaria sagt:
29. Mai 2025 um 10:57 Uhr
Das natürlich nicht. Es war von mir nur mal als „Gedankenanregung“ gedacht.
Es schwirren ja momentan nicht wenig „Lösungsvorschläge“ in der Gegend herum.
Aber es wird wohl noch ein langer Prozess von Verhandlungen werden.
Soviel ist sicher. Nichtsdestotrotz eine amüsante Vorstellung, wie ich finde.
ZUM ANTWORTEN ANMELDEN
GMT sagt:
29. Mai 2025 um 11:10 Uhr
Verstehe ich….. ich glaube nur, dass RT sich mit solchen Artikeln keinen Gefallen tut…
Man kann die Uhr danach stellen, dass im Wertloswesten wieder gebrüllt wird, „Putin will die UdSSR wieder herstellen – haben wir schon immer gesagt“….
ZUM ANTWORTEN ANMELDEN
Evamaria sagt:
29. Mai 2025 um 11:19 Uhr
Kann schon sein, daß es da wieder die ein oder Schnappatmung gibt. Aber das ist der
RF mittlerweile soetwas von egal. Die beobachten das nur noch amüsiert.
Übrigens es neue erfreuliche Nachrichten aus den USA:
Neue Visa-Beschränkungen
Jetzt könnte es für alle Inquisitoren der Altparteien fast unmöglich werden, noch in die USA einzureisen: Denn die US-Regierung führt neue Visa-Beschränkungen für Ausländer ein, die versuchen, die Meinungsfreiheit von US-Amerikanern einzuschränken. Der US-Außenminister Marco Rubio dazu gestern: „Heute kündige ich neue Visa-Beschränkungen an, die für ausländische Beamte und Personen gelten wird, die an der Zensur von Amerikanern beteiligt sind“.
Pünktlich zum Besuch des deutschen Außenministers in Washington
Es sei nicht hinnehmbar, wenn „ausländische Amtsträger von amerikanischen Technologieplattformen verlangen, globale Inhaltsmoderationsrichtlinien zu übernehmen oder sich an Zensurmaßnahmen zu beteiligen, die über ihre Zuständigkeit hinausgehen und in die Vereinigten Staaten hineinwirken“.
https://philosophia-perennis.com/2025/05/29/usa-keine-einreise-mehr-fuer-feinde-der-meinungsfreiheit/
ZUM ANTWORTEN ANMELDEN
GMT sagt:
29. Mai 2025 um 17:38 Uhr
ZUM ANTWORTEN ANMELDEN
Joe sagt:
29. Mai 2025 um 16:36 Uhr
Lies den Artikel. Das betrifft die Ukraine, das ist aktuell ein innerrussischer Konflikt. Die anderen Grenzen kann man nicht ändern, außer sie lassen sich auf dieselben westl. Imperialisten ein wie die Ukraine.
Auch siehe Artikel: Der Volksentscheid wurde bereits durchgeführt, nur eben ignoriert vom „demokratischen“ Dauerbesoffenen Jelzin.
ZUM ANTWORTEN ANMELDEN
Nikalex sagt:
29. Mai 2025 um 12:54 Uhr
Es wäre schön, wenn die Karte, so wie die abgebildet ist, in Erfüllung gehen würde! Dann wären die Transnistrier gesichert und die Ukros können im Schwarzen Meer keinen Unfug mehr betreiben, auch wenn die das selbst ausgebuddelt haben!
ZUM ANTWORTEN ANMELDEN
Joe sagt:
29. Mai 2025 um 16:33 Uhr
Auch der Süden Weißrusslands muß gesichert werden. Auch die westliche Grenze zu Polen. Daher muß auch Lwow wieder russisch werden.
ZUM ANTWORTEN ANMELDEN
VladTepes sagt:
29. Mai 2025 um 13:14 Uhr
AS-Probleme?
You are blocked“ …?
Wer hatte das noch?
Zum Glück geht es jetzt wieder…..
ZUM ANTWORTEN ANMELDEN
Der Hausfreund sagt:
29. Mai 2025 um 13:21 Uhr
Nüchterne Antwort: Bedingungslose Kapitulation.
ZUM ANTWORTEN ANMELDEN
ostblocknews sagt:
29. Mai 2025 um 14:56 Uhr
Und so stimme ich dir in dieser Frage bedingungslos, ;-)))))), zu!
ZUM ANTWORTEN ANMELDEN
Joe sagt:
29. Mai 2025 um 16:32 Uhr
So ist es! ABER auch vollständige Integration der Ukraine nach Russland.
NUR so werden die Ukrainer nicht zu Sklaven des Westens und Blackrock bleibt außen vor.
Das Bandera-Nazipack kann ja wie damals nach dem 2. WK bis in die 50er Jahre nach Brd, Kanada… auswandern. Das Grabdenkmal ihres Obernazis Bandera ist in der Brd ja noch existent – das Brd-Regime wird lieber Thälmann-Denkmale abreißen als das von Nazipack.
ZUM ANTWORTEN ANMELDEN
ostblocknews sagt:
29. Mai 2025 um 14:54 Uhr
Wir brauchen nur die immer noch wohl aktuellen Forderungen der russischen Regierung, die zu Beginn der Befriedung angesagt watren, aufzählen. Wenn Putin davon abweicht, eklatant abweicht, besiegelt er sein eigenes Schicksal, dann wird er abgelöst. Niemand wird es der russischen Regierung erlauben, mit ,, mageren,, Ergebnissen, angekoppelt mit dem Tod abertausender Russen in diesem Feldzug und noch schlimmer derer davor in den neuen Republiken, den Konflikt zu beenden, oder zu verschieben.
ZUM ANTWORTEN ANMELDEN
rod2001 sagt:
29. Mai 2025 um 15:20 Uhr
Na, hoffentlich wird es das „weißrussische“ Szenario mit den Gebieten der obigen Karte als vollwertige Regionen der RF.
Aber auch in diesem Szenario sollte die RF eine 150 Km breite Sicherheitszone einrichten, die nicht nur entmilitarisiert, sondern vermint und mobilitätsbeschränkt ist. Eine jeweils 1 Km breite Zone mit Drachenzähnen an beiden Seiten der Sicherheitszone wird hoffentlich das Minimum darstellen.
ZUM ANTWORTEN ANMELDEN
Konchog Pende sagt:
29. Mai 2025 um 15:24 Uhr
Wer zur Quelle will bedarf keiner Gießkanne.
Die russische Föderation will nicht an die Symptome sondern an die Quelle.
Die Quelle ist der Ursprung für die aus ihr entstehenden Psychodynamiken.
Das ist sehr holistisch auf Basis von Ursache und Wirkung sowie Impuls und Ort.
Da wird Geist und Empfindung benutzt.
Der „Werte“westen versucht scholastisch mit These Antithese Synthese weiter scholastisches Sperrfeuer zu erzeugen dabei wendet er Verstand und Gefühl an. Die heutige Ukraine wäre am Besten beraten wieder territorial vollumfänglicher Bestandteil der russischen Föderation zu werden, denn das Braten ihrer durch den Ukrainer Nikita Chruschtschow ermöglichten Extrawurst ist ebenso mißlungen wie der damalige Versuch über den Brotfrieden von Brest Litowsk (Separatfrieden) mit den Mittelmächten im Februar 1918 einen eigenen Staat (Hetmanat) gründen zu können.
Hochmut und Selbstüberschätzung kommt vor den Fall und sie werden fallen aber vorher möchte der Clown Selensky noch ordentlich im Sinne der BRD als ordre public Besatzungsverwaltung Fotzefritz gefallen.
Bevor wir fallen fallen wir lieber auf. Denn die Welt liegt evtl Fanta 4 vor den Füßen mitnichten aber der Ukraine weder einer fortgeführten Kolonie des Dritten Reiches als ordre public Besatzungsverwaltung die als UN Feindstaat über die UN Feindstaatenklausel rein völkergewohnheitsrechtlich eingebunden ist das EPI Zentrum des vierten Reichs der EU zu sein und zwar ohne völkerrechtlichen Friedensvertrag und ausschließlichem 2+4 Vertrag mit Fortbestand der Allierten Vorbehaltsrechte
MfG.
Konchog Pende
https://www.youtube.com/watch?v=pD56S7uPQyY
ZUM ANTWORTEN ANMELDEN
radostin sagt:
29. Mai 2025 um 16:07 Uhr
Nikolai Chrustchov…DER Nikolai Chrustchov welcher gemeinsam mit einem gewissen Timochenko das Debakel der „zweiten Schlacht von Charkow“ im Frühjahr 1942 als General befehligt hat?
ZUM ANTWORTEN ANMELDEN
Evamaria sagt:
29. Mai 2025 um 16:40 Uhr
Der Mann hieß Nikita Sergejewitsch Chruschtschow. Er stammte aus einer westrussischen Bauernfamilie,
die 1908 in das Donezbecken in der Ukraine übersiedelte. Er war somit kein Ukrainer.
Im Zweiten Weltkrieg war Chruschtschow im Rang eines Generalleutnants aktiv, zunächst als Mitglied des Militärrates bei Marschall Budjonny und danach bei Marschall Timoschenko. Hier musste er gegenüber Stalin die verheerenden Niederlagen vertreten. Verantwortlich war er außerdem für den Abtransport des industriellen und landwirtschaftlichen Maschinenparks der Ukraine und für die Organisation des Partisanenkampfs in der Ukraine. Ansonsten war er Bindeglied zwischen dem Politbüro und verschiedenen Fronten im Südwesten. Als Frontkommissar war er bei der Schlacht von Stalingrad 1942 und 1943 bei Generaloberst Jerjomenko und sodann erfolgreich an der Schlacht bei Kursk (unter Marschall Rokossowski) tätig.
Nach Kriegsende war Chruschtschow verantwortlich für den Wiederaufbau der Ukraine, die Bekämpfung des Hungers und den fortdauernden Kampf gegen ukrainische Nationalisten der OUN-UPA. Die Zuspitzung der Hungersnot führte 1946 zu einer vorübergehenden Schwächung seiner politischen Position. Lasar Kaganowitsch wurde bis Jahresende 1947 Erster Sekretär des ZK der Ukraine. usw… usf.
ZUM ANTWORTEN ANMELDEN
Konchog Pende sagt:
29. Mai 2025 um 17:10 Uhr
Ach EvaMaria wieder einmal mit dem Dartpfeil nicht das BullsEye getroffen. Parlieren sie bitte doch besser darüber wer Stalins Frau war und warum Nikita eben maßgeblich deshalb immer von Stalin verschont blieb. Und letztendlich war er Ukrainer obwohl in Kursk geboren. Wer die Entscheidung fällt einen entscheidenden Teil der Wiege Russlands die Krim die unter direkter Verwaltung der UdSSR stand der Ukraine im Rahmen der Verträge von Perejaslaw zu übertragen der hat wohlmöglich das Thema des ukrainischen Holodomor eben nicht als eine zufällige Entwicklung durch Stalins Agenda angesehen.
ZUM ANTWORTEN ANMELDEN
KOBA sagt:
29. Mai 2025 um 17:32 Uhr
Solange du so einen Rotz als LINK weiter gibst, solange nehme ich dich nicht ernst.
ZUM ANTWORTEN ANMELDEN
Evamaria sagt:
29. Mai 2025 um 17:59 Uhr
@ KOBA
Es geht diesem regenbogenfarbenen Troll auch nicht darum ernst genommen zu werden.
Er möchte lediglich mit seinem, als intellektuell getarnten Schwachsinn, das Forum zumüllen.
Das ist alles.
ZUM ANTWORTEN ANMELDEN
Konchog Pende sagt:
29. Mai 2025 um 22:22 Uhr
EvaMaria keine Ahnung vom Völkerrecht keine Ahnung von originären Völkerrechtssubjekten weder von derivativen Völkerrechtssubjekten. Keine Ahnung wozu positivistisches Recht in Anwendung von Völkergewohnheitsrecht zu Völkerrecht führt aber schnell bei der Hand mit Vorverurteilungen. So ist das gut so wird das was mit dem ewigen Führervolk und der Verfolgung anders Denkender. Danke für ihre gelebte und erlebte Beweisführung.
Keine Ahnung von Genfer Konvention keine Ahnung von den Aufgaben des internationalen roten Kreuzes dem sie nicht nach kommen. Und auch gar kein Interesse sich mit diesen Dingen zu beschäftigen um zu verstehen worin wir uns befinden und Carlo Schmids Ansprache noch nie gehört aber hier etwas von Trollen aus Norwegen parlieren.
https://www.youtube.com/watch?v=GZ8xiy2K56I
ZUM ANTWORTEN ANMELDEN
Konchog Pende sagt:
29. Mai 2025 um 22:23 Uhr
Hier für die faulen und oberflächlichen BUNZL DEUTSCH
https://www.youtube.com/watch?v=gWklZtdjhS0
ZUM ANTWORTEN ANMELDEN
KOBA sagt:
29. Mai 2025 um 15:39 Uhr
Bei der Thematik: Gebietsabtretungen, Ukraine Waffen liefern, Soldaten schicken, Taurus ja/nein, Sanktionen usw.usw., sollte eines berücksichtigt werden: Der Krieg wird sich trotz eventuell erfolgreicher Verhandlungen, noch Jahre hinziehen. Und sei es „nur“ durch terroristische Aktionen der ukrainischen Faschisten, die eben noch nicht vollständig eliminiert sind. (Was nebenbei gesagt auch ein aussichtslosen Unterfangen ist).
In diesem Zusammenhang möchte ich an Lenin erinnern, der sinngemäß sagte:
“ wenn man als Nation zu einem Krieg gezwungen wird, dann muss man diesen Kampf annehmen und mit aller Konsequenz führen, oder gar nicht.“
Russland hingegen, von einem Juristen geführt, will immer alles rechtlich einwandfrei machen, erfüllt jeden noch so nachteiligen Vertrag, beliefert seine schlimmsten Feinde mit allem, was die brauchen, um ihre Kriege zu führen usw.
Behandelt die Ukrainischen Nazis wie ein Brudervolk, lässt sich vom Westen an der Propagandanase herumführen – in Kiew geht das „Leben“ weiter, wie in jeder anderen westlichen Großstadt. Was die Vernichtung von Städten und der Bevölkerung durch die Russen in der Ukraine angeht, all` diese Lügen werden ja immer wieder dem Deutschen täglich in der „Tagesschau“ offeriert….. man schaue sich die faschistischen Taten in Gaza an, mehr gibt es dazu nicht zu sagen.
Was übrigens auch für die Friedensverhandlungen gilt, wo es angeblich zu einem genialen Schachzug kam. Und jetzt soll in Istanbul – nicht beim Papst! – das Gespräch fortgesetzt werden. Das Problem ist aber, dass die russische Führung es mit Leuten zu tun hat, die einfach das Brett umwerfen, wenn sie verlieren, und den Gegenspieler erfolgreich dafür verantwortlich machen, denn dieser war ja gemein und hat falsch gespielt. Und jetzt hat es den Anschein, als setze Putin auf den „Friedensfreund“ Trump. Trump ist Präsident des größten Verbrecherstaats seit 1945. Dem war und ist Russland völlig egal, der Frieden auch, solange irgendetwas an $ für die Amis dabei rumkommt.
Putin sollte endlich seinen Lenin zur Hand nehmen. Da kann er viel lernen. Zum Beispiel, dass man keine Kriege mit angezogener Handbremse führt, sonst kann das bitter enden.
ZUM ANTWORTEN ANMELDEN
VladTepes sagt:
29. Mai 2025 um 16:01 Uhr
Auszug….:
„Der Krieg wird sich trotz eventuell erfolgreicher Verhandlungen, noch Jahre hinziehen. Und sei es „nur“ durch terroristische Aktionen der ukrainischen Faschisten, die eben noch nicht vollständig eliminiert sind. (Was nebenbei gesagt auch ein aussichtslosen Unterfangen ist).“
…..korrekt!
ZUM ANTWORTEN ANMELDEN
Konchog Pende sagt:
29. Mai 2025 um 17:15 Uhr
Dort wo Busse des öffentlichen Nahverkehrs ihre Solidarisierung mit der Ukraine mittels großflächiger Buswerbung in blau gelb mit russischer und deutscher Schreibweise „Wir stehen mit der Ukraine“ bekleben und beklebten dort sollten wir dann einmal beginnen die Faschisten im Deckmantel der Sozialdemokratie zu elimieren. Und bitte genauso ordentlich wie die Tauben dies für Aschenputtel es mit den Linsen getan haben.
ZUM ANTWORTEN ANMELDEN
silvia sagt:
29. Mai 2025 um 16:48 Uhr
@KOBA
Leider haben Sie mit allem recht. Ich sehe jedes Detail genauso. Russland sollte sich endlich und schleunigst von seiner moralisch geprägten Kriegsführung verabschieden. Bisher machte das Sinn, um den Rest der Welt mitzunehmen, Zeit zu gewinnen, um andere außerhalb der hässlichen Westblase erstarken zu lassen und die imperialistisch-faschistischen Allmachtsansprüche des Wertewestens zum Wanken und Einsturz zu bringen. Aber nun ist gut. Die Gefahr steigt exponentiell. Und außerdem bringen russische Frauen nicht über Jahrhunderte hinweg Söhne zur Welt, um sie durch den Westen abschlachten zu lassen (gleiches trifft auch auf den einfachen zwangsrekrutierten Ukrainer zu). Russland muss niemandem mehr gefallen. Im braunen Westen hat es eh seit jeher versch… Trump ist zwar intelligent, aber sowohl zwischen alten Eliten gefangen als auch seiner Deal-Manie. Bringt keine Punkte mehr für Putin. Wenn er wirklich und ehrlich es gewollt hätte, wäre Starlink z. B. schon lange abgeschaltet.
Ich hoffe auf die wunderbare Karte oben.
ZUM ANTWORTEN ANMELDEN
KOBA sagt:
29. Mai 2025 um 17:06 Uhr
Danke! Ich unterschreibe alles, nur dieses nicht: „Trump ist zwar intelligent“……… Nein, ist er nicht.
ZUM ANTWORTEN ANMELDEN
Angelique sagt:
30. Mai 2025 um 01:55 Uhr
…Der Hampelmann im Kinderzimmer. – Erinnert mich irgendwie an das Trotzalter eines 3- Jährigen.
ZUM ANTWORTEN ANMELDEN
Wolf Larssen sagt:
29. Mai 2025 um 15:45 Uhr
Zunächst muss einmal die ukrainische Armee zerschlagen werden,
dann bestimmt einzig und allein Moskau, was von der Ukraine noch überbleibt und wie es dort weitergeht.
Mit Sicherheit wird die Selenskiy Camarilla abdanken und ins Exil gehen und eine moskaufreundliche Regierung das Land übernehmen.
ZUM ANTWORTEN ANMELDEN
Angelique sagt:
30. Mai 2025 um 02:04 Uhr
Manchmal muß man nur den „Häuptling“ fangen, um zum Ziel zu kommen.
ZUM ANTWORTEN ANMELDEN
DieterEH sagt:
29. Mai 2025 um 16:06 Uhr
Ich glaube entweder:
1. Das deutsche Modell: BRD – DDR. Ist billiger und einfacher umzusetzen!
2. Die oben gezeigte Karte: Bedeutet ein langer Krieg!
So oder so, der Krieg wird dieses Jahr 2025 nicht zu Ende sein!!!
ZUM ANTWORTEN ANMELDEN
Joe sagt:
29. Mai 2025 um 16:28 Uhr
NEIN! Die Sowjetunion wurde NIE aufgelöst! Die Ukraine is unlösbarer Bestandteil Russlands!
Es wird Zeit daß die wischi-waschi Politik ein Ende hat. Die KPRF mit Sjuganow muß endlich übernehmen:
https://de.rt.com/russland/246250-rechtlich-existiert-udssr-immer-noch-neue-toene-aus-moskau-und-kreml/
Bleibt auch nur ein Teil der Ukraine übrig, wird der Wertloswesten es wieder mit Waffen aufpumpen. Der Volksentscheid vom März 1991 war eindeutig und wurde widerrechtlich vom Dauerbesoffenen Jelzin ignoriert: Die Ukrainer entschieden sich mit über 83% für den Erhalt der Sowjetunion! (TROTZ des Niedergangs mit Gorbatschows/Jelzins Kapitalismus!)
ZUM ANTWORTEN ANMELDEN
Konchog Pende sagt:
29. Mai 2025 um 17:23 Uhr
Ich empfehle Ihnen einmal das Video aus 2012 mit dem Duma Abgeordneten Jewgeni Alexejewitsch Fjodorow. Der erklärt nämlich was da damals im Kreml los war und das „Wodka Boris“ bereits entmachtet im Kreml gesessen hat. Jelzin hat maßgeblich auch gesoffen weil er erkannte das unter seinem Namen Russland zerstört werden sollte und in kleine Kuchenteile vergeben werden sollte. Derselbe neue Versuch wie in 2014 mit dem Maidan über die Ukraine. Aber dann kam Putin und Putin konnte das als KGB Mann sehr genau einordnen was da als zweiter Versuch der Zerstücklung Russlands seitens der USA und ihren Vasallen Europas versucht wurde weil er den ersten Prozess und seine Einsetzung durch Jelzin nicht vergessen hat. Putin vergisst nie etwas und sein Lang und Kurzzeitgedächtnis ist von sehr früher Zeit an Geheimdienst geschult.
ZUM ANTWORTEN ANMELDEN
Joe sagt:
29. Mai 2025 um 17:32 Uhr
Ich empfehle dir mal den Volksentscheid konkret anzusehen, der war übrigens nicht 2012 sondern 1991. Dauerbesoffener Jelzin hat das Parlamentsgebäude beschießen lassen, auch gesetzeswidrig. Normalerweise hätte er die Höchststrafe bekommen müssen und nicht das Präsidentenamt.
Seine zweite Wahl war auch nur durch Wahlbetrug möglich, gewonnen hätte, wäre es demokratisch gewesen, die KPRF.
ZUM ANTWORTEN ANMELDEN
Konchog Pende sagt:
29. Mai 2025 um 22:28 Uhr
Sie haben das Video von Jewgeni Alexejewitsch Fjodorow nicht geschaut sonst wüssten sie wie schlimm die Situation im Kreml nach der Auflösung der UdSSR gewesen ist und vor allem auch wie die russische Oligarchie Mütterchen Russland ausplünderte. Herr Jelzin war eine Marionette derer die die Auflösung der UdSSR von langer Hand planten doch dann kam die unerwartete Trumpfkarte und die hieß Wladimir Wladimirowitsch Putin und er hat mit Chodorkowsky gleich einmal gezeigt dass das mit Ihm nicht gehen wird.
ZUM ANTWORTEN ANMELDEN
Angelique sagt:
30. Mai 2025 um 02:12 Uhr
Nicht zu vergessen den „Hefezopf“,im Knast krank gespielt,was die Kamera verriet, und wollte Russland in Schutt und Asche sehen.
ZUM ANTWORTEN ANMELDEN
KOBA sagt:
29. Mai 2025 um 17:40 Uhr
„Jelzin hat maßgeblich auch gesoffen weil er erkannte das unter seinem Namen Russland zerstört werden sollte“……….
Völliger Blödsinn. Ich habe diesen besoffenen Vogel – den die damalige KPdSU zum Parteitag unserer Partei als Vertreter der sowjetischen Kommunisten delegiert hatte – schon Mitte der 1980 Jahre erlebt. Dieser Renegat war schon morgens besoffen, hat dann Marx und Lenin als die Besten gelobt, um sich dann stockbesoffen zurückzuziehen, damit er Abends seine Grüße der KPdSU halbwegs verständlich artikulieren konnte. Wie Gorbatschow war er ein gekauftes Ar..loch. Nur eben ewig besoffen. Das war Gorbatschow nicht.
ZUM ANTWORTEN ANMELDEN
Mircutux sagt:
29. Mai 2025 um 18:23 Uhr
Ein besserer Weg wäre es die Waffen ruhen zu lassen und in den einzelnen Oblasten Volksabstimmungen stattfinden zu lassen. Von Russland eroberten Gebieten zu sprechen ist das eine, Tatsache ist, dass die Ukraine diese Gebiete schon vor Jahren verloren hatte, als sie gegen ihre eigenen Bürger mit Panzern vorging und die Chance durch die Minsker Verträge ungenutzt ließ, diesen Gebieten wenigstens föderale Eigenständigkeit in Sprache und Bildung zu gewähren.
Das Gejammere man müsse jetzt Gebiete aufgeben ist auch dann nicht zu verstehen, wenn man sich klar macht, dass jetzt lediglich dort Russland auf der Karte steht, wo auch Russen drin sind.
Vielleicht sollte man dem Westen einmal klar machen was Demokratie bedeutet. Zumindest wäre diese Argumentationsweise wegweisend für eine friedliche Perspektive.
ZUM ANTWORTEN ANMELDEN
Angelique sagt:
30. Mai 2025 um 02:14 Uhr
Die Kiewer Rus, gestern wie heute russisch.
ZUM ANTWORTEN ANMELDEN
Zappenduster sagt:
29. Mai 2025 um 20:49 Uhr
Findet sich Kiew mit den Gebietsverlusten ab?
Ich kenne diesen Copy&Paste-Mist schon länger, da haben sich diese zwei Figuren nicht sonderlich viel Mühe gegeben. Ich würde so etwas für weniger und viel günstiger Abends als Nebentätigkeit fix zusammenkopieren. Der Inhalt spielt ohnehin keine Rolle, er muss nur gefallen.
Hier ist übrigens das Original zu finden:
https://www.jpmorganchase.com/content/dam/jpmorganchase/documents/center-for-geopolitics/jpmc-cfg-russia-ukraine.pdf
Man stützt sich dort u.A. auf die These, Russland würde beim bisherigen Tempo noch 118 Jahre brauchen, um die Ukraine zu erobern. DAHER müsste Russland sich auch irgendwann mal bewegen. Aber dieses Thema haben wir hier schon vor ein paar Monaten durchgekaut.
Letztlich hängt der gerechte/dauerhafte… Frieden von der Realisierung des oben zitierten Satzes und noch so einigen Punkten mehr ab. Eine reine Landabtretung ist jedoch keine echte Lösung.
Das ist selbsterklärend, angesichts des von Westeuropa gepflegten Umgangs mit der Ukraine.
Also bleibt nur das 15% Szenario „Weißrussland“ als 100%-Lösung übrig.
Denn Korea/Israel sind geschichtlich erwiesener Mist, niemand der halbwegs in der Lage ist mal verantwortungsvoll zu handeln kann so etwas wollen. „Georgien“ ist u.A. wegen der direkten Grenze zur EU und der Meinungslage aus russischer Sicht praktisch überhaupt nicht machbar. Also bleibt „Weißrussland“ als einzig machbare Option.
Die drei anderen Szenarien sind also Zeitverschwendung. Und wo bleibt der 3.Weltkrieg als Option, oder wenigstens eine Eskalationsvariante an sich?
Ich habe nichts dagegen wenn JP Morgan Chase Geld zum Fenster rauswirft, gern dürfen alle dort gleich hinterher springen. Aber einen Mehrwert erbringt diese Geopolitik-Abteilung wohl eher nicht.
ZUM ANTWORTEN ANMELDEN
Konchog Pende sagt:
29. Mai 2025 um 22:41 Uhr
Sie werden alle Gebiete auf denen nach der Eroberung ein Referendum und Wahlen statt fanden abgeben müssen da sie nach Vorgaben der HLKO nicht annektiert sondern okkupiert wurde und ein äusserst schlauer Herr Putin direkt in den okkupierten Gebieten die Referenden und Wahlen anwendete um aus dem Okkupationsrecht der HLKO her raus zu kommen. Wenn es etwas gibt was man in dieser Sache betrachten sollte dann ist es die Einhaltung des Völkerrechts seitens der russischen Föderation.
Mit der Auflösung des Warschauer Pakts war die NATO bereits überflüssig. Das wollten sie aber nicht akzeptieren da sie als Sklaven des Jakob Segens den militärisch industriellen Komplex so gewaltig aufgebaut haben dass ihre gesamte Wirtschaft kollabiert wenn die Rüstung weg fiele. Und nun ist die Trump Administration also die USA mit 800 Militärbasen außerhalb ihres Territoriums noch so geschickt die EU vor zu schicken. Und die EU schickt im Sinne der BRD vor. Eine Besatzungsverwaltung unter ordre public welche mit einer UN Feindstaatenklausel belegt ist und keinen völkerrechtlichen Friedensvertrag hat. Also eine rein völkergewohnheitsrechtliche Situation die völkerrechtlich auf gar keinen Beinen steht ausser dass die EU im Sinne der BRD immer nur als Zahlmeister brauchte und im Sinne der BRD die EU nach der Genscher Note vom 8 Oktober 1990 um über den mehrfach veränderten Artikel 23 Grundgesetz genau das zu verhindern was auch Otto Schily niemals wollte.
https://www.youtube.com/shorts/TGetMoMECj0
ZUM ANTWORTEN ANMELDEN
Konchog Pende sagt:
29. Mai 2025 um 22:47 Uhr
Ach so das Deutsche Reich war niemals die Weimarer Republik weder das Dritte Reich weder die BRD.
Wer ein originäres Völkerrechtssubjekt mit den Taten der Ereignisse nach 09.11.1918 in Verbindung bringt der vergisst dass die Fortschreibung des geltenden Rechts abweichend vom gültigen Recht die Fortschreibung der eingesetzten Besatzungsverwaltungen der Siegermächte gewesen sind.
Und nun darf wieder ordentlich Dreck geschmissen werden.
ZUM ANTWORTEN ANMELDEN
Angelique sagt:
30. Mai 2025 um 02:21 Uhr
Der Versailler Vertrag wurde nie ratifiziert, auch nicht der 2 plus-4 Vertrag.-Demzufolge können auf nichtige Verträge auch keine weitreren Verträge gültig sein,-auch nicht der deutsch-polnische Vertrag.-Ebenso auch nicht der BRD-Staatsvertrag mit Israel !
ZUM ANTWORTEN ANMELDEN
Konchog Pende sagt:
30. Mai 2025 um 04:51 Uhr
Sososo das der Versailler Vertrag völkerrechtswidrig gewesen ist darüber streiten sich die von unterschiedlichen Quellen und Universitäten bezahlten Fachkräfte.
Das der 2+4 Vertrag nicht ratifiziert wurde kann doch jetzt nur Trollerei sein oder etwa nicht ???
https://de.wikipedia.org/wiki/Zwei-plus-Vier-Vertrag#/media/Datei:Unterschriften_2+4.jpg
ZUM ANTWORTEN ANMELDEN",https://anti-spiegel.ru/2025/findet-sich-kiew-mit-den-gebietsverlusten-ab/,"Findet sich Kiew mit den Gebietsverlusten ab? Eine der zentralen Fragen der Ukraine-Verhandlungen ist die Gebietsfrage. Anscheinend werden die Ukrainer in dieser Frage bereits auf das Unvermeidliche vorbereitet. Ukraine-Verhandlungen
Findet sich Kiew mit den Gebietsverlusten ab?
Eine der zentralen Fragen der Ukraine-Verhandlungen ist die Gebietsfrage. Anscheinend werden die Ukrainer in dieser Frage bereits auf das Unvermeidliche vorbereitet.
von Anti-Spiegel
29. Mai 2025 09:44 Uhr
Bei den Verhandlungen um die Ukraine sind die zentralen Fragen die nun zu Russland gehördenden Gebiete, der NATO-Beitritt und die Frage der Rechte der Minderheiten in der Ukraine.
In der Frage der NATO-Mitgliedschaft ist inzwischen wohl alles klar, nachdem die Trump-Regierung erklärt hat, das Thema sei vom Tisch. Und Meldungen zufolge wird Selensky zum ersten Mal seit 2022 nicht zum kommenden NATO-Gipfel eingeladen.
Die Frage der Recht der ethnischen Minderheiten in der Ukraine ist komplizierter und bisher nicht geklärt, weil die Ukraine dazu de facto eine neue Staatsideologie braucht, die die Ukrainer nicht mehr über die anderen Volksgruppen des Landes stellt und die zwangsweise Ukrainisierung der Minderheiten beendet. Das betrifft nicht nur die russische, sondern auch rumänische, ungarische und andere Minderheiten in dem Land.
In der dritten Frage, der Gebietsfrage, scheint es Fortschritte zu geben. Im Westen werden diverse Szenarien, beispielsweise das „koreanische“ und das „israelische, durchgespielt (worüber deutsche Medien in ihrem Kriegseifer kaum bis gar nicht berichten), die aber schon 2023 von der RAND-Corporation vorgeschlagen wurden, worüber der Anti-Spiegel damals ausführlich berichtet hat.
Ein russischer Analyst hat in einem Artikel für die russische Nachrichtenagentur TASS darauf hingewiesen, dass die Ukrainer bereits auf den Verlust von Gebieten vorbereitet werden. Diese mediale Vorbereitung ist wichtig, weil die bisherige Regierungsmeinung in Kiew war, man werde keine Gebietsverluste akzeptieren, sondern wolle zu den Grenzen von 1991 zurückkehren, also inklusive der Krim.
Ich habe den russischen Artikel darüber übersetzt.
Beginn der Übersetzung:
Gebiete aufgeben, aber das Land erhalten: Die Ukrainer werden langsam darauf vorbereitet, das Unvermeidliche zu akzeptieren
Andrej Nisamutdinow über das Szenario, auf das die Ukraine vorbereitet wird
Die russischen Medien verbreiteten eine Erklärung des Rada-Abgeordneten Taras Tarassenko, der eine Version der Konfliktlösung mit Russland vorschlug, die sich deutlich von der Position der Kiewer Regierung unterscheidet. Während Wladimir Selensky und sein Gefolge nach ihren Äußerungen zu urteilen immer noch nicht bereit sind, die Realitäten zu akzeptieren und über die grundlegenden Forderungen Russlands zu sprechen, hält Tarassenko es für möglich, die von Kiew nicht kontrollierten Gebiete im Südosten „de facto aufzugeben“, aber gleichzeitig die Zugehörigkeit dieser Regionen zu Russland „de jure nicht anzuerkennen“.
Der Kern des Vorschlags
Der Abgeordnete erläuterte seinen Ansatz folgendermaßen: „Zuerst müssen wir unsere ukrainische Nation bewahren, dann die Gebiete, die wir jetzt haben, und dann können wir uns weiterentwickeln.“
Mit anderen Worten, es wird vorgeschlagen, sich für die Erhaltung der Ukraine als Staat und der sogenannten nationalen Identität zu entscheiden, um derentwillen man sich „vorläufig“ mit dem Verlust eines Teils des Territoriums einverstanden erklären kann.
Ausgehend von dieser Priorität zog Tarassenko die Grenzen der öffentlichen Stimmung und der Ansichten zur Konfliktlösung auf seine Weise: „Wenn wir über rote Linien sprechen und darüber, wie sie von der Bevölkerung wahrgenommen werden, geht es für viele Militärveteranen, mit denen ich spreche, bei den roten Linien eher um den Verlust ihrer Brüder. Also: wofür haben wir gekämpft? Sie haben für die Ukraine gekämpft, nicht für konkrete Gebiete“.
Der Abgeordnete fügte hinzu, er mache sich mehr Sorgen darüber, wie sich die ukrainische Gesellschaft in der Nachkriegszeit zusammenschließen werde, damit die Spaltung sie nicht von innen heraus zerstöre.
Obwohl Tarasenko Mitglied der regierenden Fraktion „Diener des Volkes“ ist, weichen seine Aussagen, wie bereits erwähnt, deutlich von der offiziellen Position der ukrainischen Regierung ab. Aber es wäre wohl falsch, sie nur als Privatmeinung eines einzelnen Abgeordneten zu betrachten, vor allem, wenn wir auf einen Zufall achten, der kaum zufällig ist.
Zufall?
Tarassenko äußerte sich nämlich nur wenige Tage nach der Veröffentlichung eines von Analysten der größten amerikanischen Bank JP Morgan Chase erstellten Berichts mit dem Titel „Die Endphase des Konflikts zwischen Russland und der Ukraine und die Zukunft Europas“. Ausgehend von der Tatsache, dass „Europa die Waffen, der Ukraine die Soldaten und den USA die Geduld ausgehen und sich die transatlantische Einheit auflöst“, schlugen die Analysten der Bank, für die dieser Bericht die erste Erfahrung mit Geopolitik war, vor, dass Selensky in Verhandlungen mit Russland eintreten müsse, die „die Kampfhandlungen einfrieren, aber nicht zu einem umfassenden Friedensabkommen führen“ würden.
Nach Ansicht der Autoren des Berichts wäre das beste Szenario für Kiew das „südkoreanische Szenario“. In diesem Szenario würde die Ukraine etwa 20 Prozent ihres Territoriums verlieren und nicht die begehrte NATO-Mitgliedschaft erhalten. Die Präsenz europäischer Soldaten und die fortgesetzte Unterstützung durch die USA würden es dem Land jedoch ermöglichen, sich auf einen „blühenden demokratischen Weg“ zu begeben. Allerdings ist die Wahrscheinlichkeit dieses Szenarios gering, sie wird mit nur 15 Prozent angegeben.
Die Analysten hielten das „israelische Szenario“ mit 20 Prozent für etwas wahrscheinlicher. Auch in diesem Szenario müsste die Ukraine ihr Territorium aufgeben, könnte sich aber dank starker militärischer und wirtschaftlicher Unterstützung zu einer „uneinnehmbaren Festung“ entwickeln. Aber die Ukrainer müssten diese Festung selbst verteidigen, ohne die Beteiligung von NATO-Truppen.
Das mit 50 Prozent wahrscheinlichste Szenario ist das „georgische“: Es wird weder ausländische Truppen noch eine starke Unterstützung durch den Westen geben, und aufgrund der „ständigen Instabilität“ wird die Ukraine „allmählich in den Orbit Russlands zurückkehren“.
Das schlimmste Szenario für Kiew schließlich ist nach Meinung der Analysten das „weißrussische“ Szenario (15 Prozent Wahrscheinlichkeit). Diesem Szenario zufolge ziehen die USA ihre Unterstützung für die Ukraine zurück, Europa ist nicht in der Lage, sich einzumischen, und die Ukraine kapituliert und wird zu einem „Vasallenstaat Moskaus“, was gleichbedeutend mit dem Sieg Russlands, der Spaltung des Westens und dem Ende der Nachkriegsweltordnung wäre.
Tatsächlich ist der Bericht von JP Morgan Chase so angelegt, dass er nicht so sehr verschiedene Optionen für die Entwicklung der Ereignisse anbietet, sondern vielmehr den Versuch fördert, genau die Szenarien umzusetzen, die die Analysten für die besten halten. Die Autoren des Berichts empfehlen sogar direkt: akzeptiert den tatsächlichen Verlust einiger Gebiete, dafür bleibt das Land im Orbit des Westens.
Es ist leicht zu erkennen, dass sich diese Botschaft mit den Thesen des Abgeordneten Tarassenko deckt.
Wo geht es hin?
Es ist kein Geheimnis, dass sowohl die Regierungsfraktion „Diener des Volkes“ als auch die Werchowna Rada als Ganzes nicht monolithisch sind. Das Tandem Selensky-Jermak hat natürlich versucht, die Finanzströme so gut wie möglich unter Kontrolle zu bringen. Allerdings gibt es sowohl im parlamentarischen Korps als auch in der Regierung immer noch viele Leute, die von verschiedenen ausländischen Stiftungen und Sponsoren ernährt werden, unter denen JP Morgan Chase mit seinen Möglichkeiten und seinem Einfluss nicht den letzten Platz einnimmt.
Offenbar haben die Amerikaner die Lage nüchtern eingeschätzt und begonnen, die ukrainische Gesellschaft und vor allem ihre Eliten darauf vorzubereiten, das Unvermeidliche zu akzeptieren. Oder besser gesagt, die endgültige Antwort an das gewünschte Ergebnis anzupassen, also das „südkoreanische“ oder „israelische“ Szenario zu verwirklichen.
In diesem Fall werden sie nicht auf Wladimir Selensky setzen, dessen Toxizität dem derzeitigen Präsidenten im Weißen Haus, Donald Trump, unverhohlene Verärgerung und anhaltende Abneigung bereitet, sondern auf gemäßigtere Figuren. Höchstwahrscheinlich auf Politiker der zweiten Reihe, die nicht zu eng mit der aktuellen und ehemaligen Kiewer Führungsspitze verbunden sind.
Wenn diese Vermutung richtig ist, sollten wir in naher Zukunft neue Äußerungen von aktuellen und ehemaligen Politikern erwarten. Zum Beispiel von jemandem wie der ehemaligen stellvertretenden Außenministerin Alena Serkal, die dieselbe These „der Staat ist wichtiger als Gebiete“ mit Petro Poroschenkos altem Slogan „Armee – Sprache – Glaube“ bekräftigte.
Es geht jedoch nicht um das Territorium. Das Problem für die Kiewer Politiker und ihre westlichen Drehbuchautoren und Regisseure ist, dass sie sich immer noch bemühen, die Zukunft der Ukraine zu modellieren, ohne die von Russland erklärte Grundvoraussetzung zu berücksichtigen: die Beseitigung des „Krebsgeschwürs“ der Konfliktursachen als Voraussetzung für die Schaffung eines langfristigen gerechten Friedens. Und damit das geschehen kann, müssen viele Veränderungen in eben dieser nationalen Identität vorgenommen werden.
Ende der Übersetzung

Teile diesen Beitrag
teilen 
teilen 
teilen 
teilen 
teilen 
E-Mail 
teilen 
AUTOR: ANTI-SPIEGEL
Thomas Röper, geboren 1971, hat als Experte für Osteuropa in Finanzdienstleistungsunternehmen in Osteuropa und Russland Vorstands- und Aufsichtsratspositionen bekleidet. Heute lebt er in seiner Wahlheimat St. Petersburg. Er lebt über 15 Jahre in Russland und spricht fließend Russisch. Die Schwerpunkte seiner medienkritischen Arbeit sind das (mediale) Russlandbild in Deutschland, Kritik an der Berichterstattung westlicher Medien im Allgemeinen und die Themen (Geo-)Politik und Wirtschaft.
65 Antworten
Grld sagt:
29. Mai 2025 um 10:15 Uhr
Na hoffentlich wird obige Karte umgesetzt.
ZUM ANTWORTEN ANMELDEN
Joe sagt:
29. Mai 2025 um 16:42 Uhr
Hoffentlich nicht. Wär ja zu schön für die Ukronazis und Natonazistan ink. Blackrock&Co.
ZUM ANTWORTEN ANMELDEN
Offizier sagt:
29. Mai 2025 um 20:33 Uhr
Also wenn die Ukros so weitermachen, wird es bald keine Ukraine mehr geben und ich finde das hervorragend gut so, weil dann es dann einen auf allen Gebieten korrupten, schwerstkriminellen Staat weniger auf dem Globus gibt und das ist sehr gut so !
ZUM ANTWORTEN ANMELDEN
Ole_Bienkopp sagt:
29. Mai 2025 um 10:24 Uhr
Welche Bedeutung haben die 4 verschiedenen Blautöne auf der Karte?
ZUM ANTWORTEN ANMELDEN
Wolf Larssen sagt:
29. Mai 2025 um 15:55 Uhr
Ja, und die Bedeutung der Baseballschläger würde mich auch interessieren.
ZUM ANTWORTEN ANMELDEN
This Buerge sagt:
29. Mai 2025 um 23:59 Uhr
Obige Karte ist vom 6. März 2014, also kurz nach dem Putsch. Die Baseballschläger zeigen Oblasten mit Selbstverteidigungeinheiten; die Russlandflagge zeigt, in welchen Oblasten sie gehisst wurden; die Farben:
Dunkelblau – Gebiete, in denen das Volk vorübergehend Verwaltungsgebäude in Beschlag genommen hat (auf der Krim haben sich die Behörden auf die Seite des Volkes gestellt).
Lila – das Volk hat die Nazi-Sturmtruppen vertrieben. Massenaktionen zur Unterstützung der Föderalisierung und der Vereinigung mit Russland.
Blau – Es fanden friedliche Massenkundgebungen von Föderalisierungsbefürwortern statt.
Original: https://eshland.livejournal.com/51352.html
ZUM ANTWORTEN ANMELDEN
henio sagt:
29. Mai 2025 um 10:25 Uhr
Über eine Frage wird aber so gut wie gar nicht geredet: Was geschieht mit den ukrainischen Nazis?
ZUM ANTWORTEN ANMELDEN
VladTepes sagt:
29. Mai 2025 um 10:30 Uhr
…tja – das ist tatsächlich eine berechtigte Frage, denn war doch die „Ent-Nazifizierung“ ein Hauptziel der Kampagne…..
ZUM ANTWORTEN ANMELDEN
Rico sagt:
29. Mai 2025 um 10:32 Uhr
Ich würde hier ja ein Kreuz einfügen aber die Biester sind ja Satanisten bzw. glauben an wotan und ähnlichen albernen Spökes.
ZUM ANTWORTEN ANMELDEN
Wuotani sagt:
29. Mai 2025 um 10:34 Uhr
Werden wie 1945 laufen gelassen. Man lernt halt nicht aus alten Fehlern.
ZUM ANTWORTEN ANMELDEN
Joe sagt:
29. Mai 2025 um 16:40 Uhr
Die können dorthin woher sie seit mind 2014 ihr Geld erhalten haben.
ZUM ANTWORTEN ANMELDEN
Offizier sagt:
29. Mai 2025 um 20:34 Uhr
Also ich hoffe, daß die dann in den russischen Straflagern mal etwas arbeiten lernen und eine gute Erziehung genießen dürfen.
ZUM ANTWORTEN ANMELDEN
VladTepes sagt:
29. Mai 2025 um 10:29 Uhr
…die Karte ist schon interessant…. – doch sie beinhaltet auch eine klare Aussage…..:
The battle never ends…..!
ZUM ANTWORTEN ANMELDEN
Konrad Kugler sagt:
29. Mai 2025 um 11:05 Uhr
Es gibt eine Karte, die das Abstimmungsverhalten zur Präsidentenwahl zeigt. Der rußlandfreundliche Sieger wurde weggeputscht(?).
Leider habe ich sie nicht ausgedruckt, aber sie zeigt genau das Bild.
ZUM ANTWORTEN ANMELDEN
VladTepes sagt:
29. Mai 2025 um 13:32 Uhr
https://test.rtde.tech/oesterreich/246182-leopard-2-panzer-rollen-durch/
….der paßt doch zu „The battle never ends…..“
Sowie die Aussage, nunmehr zusammen (ukri’s und -D-) Langstreckenraketen herstellen zu wollen – oder auch die Absprachen von Yankee’s mit Rumänien, Granaten für die Abrams und Artilleriegranaten in Rumänien herstellen zu wollen…
Frieden??
Netter Traum….. – erwartet das Schlimmste und freut euch, wenn es doch nicht so kommt – besser als zu blauäugig und dann kommt die Realität…!
ZUM ANTWORTEN ANMELDEN
Offizier sagt:
29. Mai 2025 um 20:44 Uhr
„The ……………..“
Das glaube ich nicht, sogar der Reißner spricht nun offen an, daß die Russen täglich cirka 15 Quadratkilometer dazu gewinnen, dieses wird sich in den nächsten Wochen noch rapide erhöhen, weil die Ukros tagtäglich immer weniger werden, alles was zur Zeit an die Front kommt, überlebt nur Stunden oder vielleicht auch Tage.
Auch der so viel gerühmte Taurus wird daran absolut nichts ändern, außer das auf die Produktionsstätten eine Haselnuss fällt, so wie ich Putin einschätze, wird er eine Stunde vorher anrufen, damit sich die Arbeiter noch in Sicherheit bringen können.
So und nun schaue ich, was der intelligente Macronomist erzählt, ohne seine Expertise geht der Offizier nämlich nicht ins Bett.
ZUM ANTWORTEN ANMELDEN
Rico sagt:
29. Mai 2025 um 10:31 Uhr
Die Karte ist so noch nicht ganz richtig. Kárpátalja kommt zurück zu Ungarn.
Womit sich Kiew „abfindet“ oder nicht ist völlig irrelevant. Es ist etwa wie sich die Maus damit abfindet wenn sie vom Bussard gefressen wird.
ZUM ANTWORTEN ANMELDEN
VladTepes sagt:
29. Mai 2025 um 11:05 Uhr
…zumindest wäre es sehr vorteilhaft, wenn Ungarn und Russland eine direkte Grenze hätten – doch das werden die Kriegstreiber vehement zu verhindern suchen…
ZUM ANTWORTEN ANMELDEN
Joe sagt:
29. Mai 2025 um 16:39 Uhr
Die Karpaten müssen wieder zurück zu Russland. Dann ist auch die gemeinsame Grenze zu Ungarn u. Slowakei gegeben. Würde ich dort leben würde ich nicht Teil der Eu mit ihren hohen Energiepreisen sein wollen. In Russland gibts das Erdgas zu 0,6 ct/kwh, das kostet in Ungarn das Vielfache.
Der Zionist Orban soll sich verpixxen.
ZUM ANTWORTEN ANMELDEN
Stop Bush and Clinton sagt:
29. Mai 2025 um 19:01 Uhr
Womit sich Kiew abfindet ist tatsächlich irrelevant: Wenn Kiew sich auf einen sinnvollen Kompromiss einigen würde, würde das noch lange nicht heissen, dass auch die 3 As (Adolf Merz, Adolf Macron und Adolf Starmer) das anerkennen würden.
Die werden auch noch weiter Krieg spielen, wenn Kiew längst russisch geworden ist.
ZUM ANTWORTEN ANMELDEN
Evamaria sagt:
29. Mai 2025 um 10:34 Uhr
„Rechtlich existiert die UdSSR immer noch“ – neue Töne aus Moskau und Kreml
Veteran der russischen Politik Gennadij Sjuaganow will mithilfe einer Parlamentarischen Kommission einen Duma-Beschluss umsetzen, der die Auflösung der UdSSR für unrechtsmäßig erklärt. Mit diesem Vorstoß ist der Kommunistenchef nicht allein, aus dem Kreml sind ähnliche Töne zu vernehmen.
Der Vorsitzende der Kommunistischen Partei Russlands (KPRF), Gennadi Sjuganow, hat die Einsetzung einer parlamentarischen Kommission zur Wiederherstellung der historischen Wahrheit gefordert, teilte die Nachrichtenagentur TASS am Dienstag mit. Die Kommission soll ihm zufolge eine Duma-Resolution von 1996 umsetzen, in der die Unrechtmäßigkeit der Auflösung der UdSSR anerkannt wurde.
https://freedert.online/russland/246250-rechtlich-existiert-udssr-immer-noch-neue-toene-aus-moskau-und-kreml/
ZUM ANTWORTEN ANMELDEN
GMT sagt:
29. Mai 2025 um 10:42 Uhr
Das wird nicht passieren….also, die Resolution kann ja gemacht werden aber es wird NICHT die SU „auferstehen“.
Die „Unrechtmäßigkeit“ mag anerkannt werden – nur ohne praktische Folgen…. dazu müssten man in ALLEN Ex-Sowjetrepubliken wieder ein Referendum durchführen…..
ZUM ANTWORTEN ANMELDEN
Evamaria sagt:
29. Mai 2025 um 10:57 Uhr
Das natürlich nicht. Es war von mir nur mal als „Gedankenanregung“ gedacht.
Es schwirren ja momentan nicht wenig „Lösungsvorschläge“ in der Gegend herum.
Aber es wird wohl noch ein langer Prozess von Verhandlungen werden.
Soviel ist sicher. Nichtsdestotrotz eine amüsante Vorstellung, wie ich finde.
ZUM ANTWORTEN ANMELDEN
GMT sagt:
29. Mai 2025 um 11:10 Uhr
Verstehe ich….. ich glaube nur, dass RT sich mit solchen Artikeln keinen Gefallen tut…
Man kann die Uhr danach stellen, dass im Wertloswesten wieder gebrüllt wird, „Putin will die UdSSR wieder herstellen – haben wir schon immer gesagt“….
ZUM ANTWORTEN ANMELDEN
Evamaria sagt:
29. Mai 2025 um 11:19 Uhr
Kann schon sein, daß es da wieder die ein oder Schnappatmung gibt. Aber das ist der
RF mittlerweile soetwas von egal. Die beobachten das nur noch amüsiert.
Übrigens es neue erfreuliche Nachrichten aus den USA:
Neue Visa-Beschränkungen
Jetzt könnte es für alle Inquisitoren der Altparteien fast unmöglich werden, noch in die USA einzureisen: Denn die US-Regierung führt neue Visa-Beschränkungen für Ausländer ein, die versuchen, die Meinungsfreiheit von US-Amerikanern einzuschränken. Der US-Außenminister Marco Rubio dazu gestern: „Heute kündige ich neue Visa-Beschränkungen an, die für ausländische Beamte und Personen gelten wird, die an der Zensur von Amerikanern beteiligt sind“.
Pünktlich zum Besuch des deutschen Außenministers in Washington
Es sei nicht hinnehmbar, wenn „ausländische Amtsträger von amerikanischen Technologieplattformen verlangen, globale Inhaltsmoderationsrichtlinien zu übernehmen oder sich an Zensurmaßnahmen zu beteiligen, die über ihre Zuständigkeit hinausgehen und in die Vereinigten Staaten hineinwirken“.
https://philosophia-perennis.com/2025/05/29/usa-keine-einreise-mehr-fuer-feinde-der-meinungsfreiheit/
ZUM ANTWORTEN ANMELDEN
GMT sagt:
29. Mai 2025 um 17:38 Uhr
ZUM ANTWORTEN ANMELDEN
Joe sagt:
29. Mai 2025 um 16:36 Uhr
Lies den Artikel. Das betrifft die Ukraine, das ist aktuell ein innerrussischer Konflikt. Die anderen Grenzen kann man nicht ändern, außer sie lassen sich auf dieselben westl. Imperialisten ein wie die Ukraine.
Auch siehe Artikel: Der Volksentscheid wurde bereits durchgeführt, nur eben ignoriert vom „demokratischen“ Dauerbesoffenen Jelzin.
ZUM ANTWORTEN ANMELDEN
Nikalex sagt:
29. Mai 2025 um 12:54 Uhr
Es wäre schön, wenn die Karte, so wie die abgebildet ist, in Erfüllung gehen würde! Dann wären die Transnistrier gesichert und die Ukros können im Schwarzen Meer keinen Unfug mehr betreiben, auch wenn die das selbst ausgebuddelt haben!
ZUM ANTWORTEN ANMELDEN
Joe sagt:
29. Mai 2025 um 16:33 Uhr
Auch der Süden Weißrusslands muß gesichert werden. Auch die westliche Grenze zu Polen. Daher muß auch Lwow wieder russisch werden.
ZUM ANTWORTEN ANMELDEN
VladTepes sagt:
29. Mai 2025 um 13:14 Uhr
AS-Probleme?
You are blocked“ …?
Wer hatte das noch?
Zum Glück geht es jetzt wieder…..
ZUM ANTWORTEN ANMELDEN
Der Hausfreund sagt:
29. Mai 2025 um 13:21 Uhr
Nüchterne Antwort: Bedingungslose Kapitulation.
ZUM ANTWORTEN ANMELDEN
ostblocknews sagt:
29. Mai 2025 um 14:56 Uhr
Und so stimme ich dir in dieser Frage bedingungslos, ;-)))))), zu!
ZUM ANTWORTEN ANMELDEN
Joe sagt:
29. Mai 2025 um 16:32 Uhr
So ist es! ABER auch vollständige Integration der Ukraine nach Russland.
NUR so werden die Ukrainer nicht zu Sklaven des Westens und Blackrock bleibt außen vor.
Das Bandera-Nazipack kann ja wie damals nach dem 2. WK bis in die 50er Jahre nach Brd, Kanada… auswandern. Das Grabdenkmal ihres Obernazis Bandera ist in der Brd ja noch existent – das Brd-Regime wird lieber Thälmann-Denkmale abreißen als das von Nazipack.
ZUM ANTWORTEN ANMELDEN
ostblocknews sagt:
29. Mai 2025 um 14:54 Uhr
Wir brauchen nur die immer noch wohl aktuellen Forderungen der russischen Regierung, die zu Beginn der Befriedung angesagt watren, aufzählen. Wenn Putin davon abweicht, eklatant abweicht, besiegelt er sein eigenes Schicksal, dann wird er abgelöst. Niemand wird es der russischen Regierung erlauben, mit ,, mageren,, Ergebnissen, angekoppelt mit dem Tod abertausender Russen in diesem Feldzug und noch schlimmer derer davor in den neuen Republiken, den Konflikt zu beenden, oder zu verschieben.
ZUM ANTWORTEN ANMELDEN
rod2001 sagt:
29. Mai 2025 um 15:20 Uhr
Na, hoffentlich wird es das „weißrussische“ Szenario mit den Gebieten der obigen Karte als vollwertige Regionen der RF.
Aber auch in diesem Szenario sollte die RF eine 150 Km breite Sicherheitszone einrichten, die nicht nur entmilitarisiert, sondern vermint und mobilitätsbeschränkt ist. Eine jeweils 1 Km breite Zone mit Drachenzähnen an beiden Seiten der Sicherheitszone wird hoffentlich das Minimum darstellen.
ZUM ANTWORTEN ANMELDEN
Konchog Pende sagt:
29. Mai 2025 um 15:24 Uhr
Wer zur Quelle will bedarf keiner Gießkanne.
Die russische Föderation will nicht an die Symptome sondern an die Quelle.
Die Quelle ist der Ursprung für die aus ihr entstehenden Psychodynamiken.
Das ist sehr holistisch auf Basis von Ursache und Wirkung sowie Impuls und Ort.
Da wird Geist und Empfindung benutzt.
Der „Werte“westen versucht scholastisch mit These Antithese Synthese weiter scholastisches Sperrfeuer zu erzeugen dabei wendet er Verstand und Gefühl an. Die heutige Ukraine wäre am Besten beraten wieder territorial vollumfänglicher Bestandteil der russischen Föderation zu werden, denn das Braten ihrer durch den Ukrainer Nikita Chruschtschow ermöglichten Extrawurst ist ebenso mißlungen wie der damalige Versuch über den Brotfrieden von Brest Litowsk (Separatfrieden) mit den Mittelmächten im Februar 1918 einen eigenen Staat (Hetmanat) gründen zu können.
Hochmut und Selbstüberschätzung kommt vor den Fall und sie werden fallen aber vorher möchte der Clown Selensky noch ordentlich im Sinne der BRD als ordre public Besatzungsverwaltung Fotzefritz gefallen.
Bevor wir fallen fallen wir lieber auf. Denn die Welt liegt evtl Fanta 4 vor den Füßen mitnichten aber der Ukraine weder einer fortgeführten Kolonie des Dritten Reiches als ordre public Besatzungsverwaltung die als UN Feindstaat über die UN Feindstaatenklausel rein völkergewohnheitsrechtlich eingebunden ist das EPI Zentrum des vierten Reichs der EU zu sein und zwar ohne völkerrechtlichen Friedensvertrag und ausschließlichem 2+4 Vertrag mit Fortbestand der Allierten Vorbehaltsrechte
MfG.
Konchog Pende
https://www.youtube.com/watch?v=pD56S7uPQyY
ZUM ANTWORTEN ANMELDEN
radostin sagt:
29. Mai 2025 um 16:07 Uhr
Nikolai Chrustchov…DER Nikolai Chrustchov welcher gemeinsam mit einem gewissen Timochenko das Debakel der „zweiten Schlacht von Charkow“ im Frühjahr 1942 als General befehligt hat?
ZUM ANTWORTEN ANMELDEN
Evamaria sagt:
29. Mai 2025 um 16:40 Uhr
Der Mann hieß Nikita Sergejewitsch Chruschtschow. Er stammte aus einer westrussischen Bauernfamilie,
die 1908 in das Donezbecken in der Ukraine übersiedelte. Er war somit kein Ukrainer.
Im Zweiten Weltkrieg war Chruschtschow im Rang eines Generalleutnants aktiv, zunächst als Mitglied des Militärrates bei Marschall Budjonny und danach bei Marschall Timoschenko. Hier musste er gegenüber Stalin die verheerenden Niederlagen vertreten. Verantwortlich war er außerdem für den Abtransport des industriellen und landwirtschaftlichen Maschinenparks der Ukraine und für die Organisation des Partisanenkampfs in der Ukraine. Ansonsten war er Bindeglied zwischen dem Politbüro und verschiedenen Fronten im Südwesten. Als Frontkommissar war er bei der Schlacht von Stalingrad 1942 und 1943 bei Generaloberst Jerjomenko und sodann erfolgreich an der Schlacht bei Kursk (unter Marschall Rokossowski) tätig.
Nach Kriegsende war Chruschtschow verantwortlich für den Wiederaufbau der Ukraine, die Bekämpfung des Hungers und den fortdauernden Kampf gegen ukrainische Nationalisten der OUN-UPA. Die Zuspitzung der Hungersnot führte 1946 zu einer vorübergehenden Schwächung seiner politischen Position. Lasar Kaganowitsch wurde bis Jahresende 1947 Erster Sekretär des ZK der Ukraine. usw… usf.
ZUM ANTWORTEN ANMELDEN
Konchog Pende sagt:
29. Mai 2025 um 17:10 Uhr
Ach EvaMaria wieder einmal mit dem Dartpfeil nicht das BullsEye getroffen. Parlieren sie bitte doch besser darüber wer Stalins Frau war und warum Nikita eben maßgeblich deshalb immer von Stalin verschont blieb. Und letztendlich war er Ukrainer obwohl in Kursk geboren. Wer die Entscheidung fällt einen entscheidenden Teil der Wiege Russlands die Krim die unter direkter Verwaltung der UdSSR stand der Ukraine im Rahmen der Verträge von Perejaslaw zu übertragen der hat wohlmöglich das Thema des ukrainischen Holodomor eben nicht als eine zufällige Entwicklung durch Stalins Agenda angesehen.
ZUM ANTWORTEN ANMELDEN
KOBA sagt:
29. Mai 2025 um 17:32 Uhr
Solange du so einen Rotz als LINK weiter gibst, solange nehme ich dich nicht ernst.
ZUM ANTWORTEN ANMELDEN
Evamaria sagt:
29. Mai 2025 um 17:59 Uhr
@ KOBA
Es geht diesem regenbogenfarbenen Troll auch nicht darum ernst genommen zu werden.
Er möchte lediglich mit seinem, als intellektuell getarnten Schwachsinn, das Forum zumüllen.
Das ist alles.
ZUM ANTWORTEN ANMELDEN
Konchog Pende sagt:
29. Mai 2025 um 22:22 Uhr
EvaMaria keine Ahnung vom Völkerrecht keine Ahnung von originären Völkerrechtssubjekten weder von derivativen Völkerrechtssubjekten. Keine Ahnung wozu positivistisches Recht in Anwendung von Völkergewohnheitsrecht zu Völkerrecht führt aber schnell bei der Hand mit Vorverurteilungen. So ist das gut so wird das was mit dem ewigen Führervolk und der Verfolgung anders Denkender. Danke für ihre gelebte und erlebte Beweisführung.
Keine Ahnung von Genfer Konvention keine Ahnung von den Aufgaben des internationalen roten Kreuzes dem sie nicht nach kommen. Und auch gar kein Interesse sich mit diesen Dingen zu beschäftigen um zu verstehen worin wir uns befinden und Carlo Schmids Ansprache noch nie gehört aber hier etwas von Trollen aus Norwegen parlieren.
https://www.youtube.com/watch?v=GZ8xiy2K56I
ZUM ANTWORTEN ANMELDEN
Konchog Pende sagt:
29. Mai 2025 um 22:23 Uhr
Hier für die faulen und oberflächlichen BUNZL DEUTSCH
https://www.youtube.com/watch?v=gWklZtdjhS0
ZUM ANTWORTEN ANMELDEN
KOBA sagt:
29. Mai 2025 um 15:39 Uhr
Bei der Thematik: Gebietsabtretungen, Ukraine Waffen liefern, Soldaten schicken, Taurus ja/nein, Sanktionen usw.usw., sollte eines berücksichtigt werden: Der Krieg wird sich trotz eventuell erfolgreicher Verhandlungen, noch Jahre hinziehen. Und sei es „nur“ durch terroristische Aktionen der ukrainischen Faschisten, die eben noch nicht vollständig eliminiert sind. (Was nebenbei gesagt auch ein aussichtslosen Unterfangen ist).
In diesem Zusammenhang möchte ich an Lenin erinnern, der sinngemäß sagte:
“ wenn man als Nation zu einem Krieg gezwungen wird, dann muss man diesen Kampf annehmen und mit aller Konsequenz führen, oder gar nicht.“
Russland hingegen, von einem Juristen geführt, will immer alles rechtlich einwandfrei machen, erfüllt jeden noch so nachteiligen Vertrag, beliefert seine schlimmsten Feinde mit allem, was die brauchen, um ihre Kriege zu führen usw.
Behandelt die Ukrainischen Nazis wie ein Brudervolk, lässt sich vom Westen an der Propagandanase herumführen – in Kiew geht das „Leben“ weiter, wie in jeder anderen westlichen Großstadt. Was die Vernichtung von Städten und der Bevölkerung durch die Russen in der Ukraine angeht, all` diese Lügen werden ja immer wieder dem Deutschen täglich in der „Tagesschau“ offeriert….. man schaue sich die faschistischen Taten in Gaza an, mehr gibt es dazu nicht zu sagen.
Was übrigens auch für die Friedensverhandlungen gilt, wo es angeblich zu einem genialen Schachzug kam. Und jetzt soll in Istanbul – nicht beim Papst! – das Gespräch fortgesetzt werden. Das Problem ist aber, dass die russische Führung es mit Leuten zu tun hat, die einfach das Brett umwerfen, wenn sie verlieren, und den Gegenspieler erfolgreich dafür verantwortlich machen, denn dieser war ja gemein und hat falsch gespielt. Und jetzt hat es den Anschein, als setze Putin auf den „Friedensfreund“ Trump. Trump ist Präsident des größten Verbrecherstaats seit 1945. Dem war und ist Russland völlig egal, der Frieden auch, solange irgendetwas an $ für die Amis dabei rumkommt.
Putin sollte endlich seinen Lenin zur Hand nehmen. Da kann er viel lernen. Zum Beispiel, dass man keine Kriege mit angezogener Handbremse führt, sonst kann das bitter enden.
ZUM ANTWORTEN ANMELDEN
VladTepes sagt:
29. Mai 2025 um 16:01 Uhr
Auszug….:
„Der Krieg wird sich trotz eventuell erfolgreicher Verhandlungen, noch Jahre hinziehen. Und sei es „nur“ durch terroristische Aktionen der ukrainischen Faschisten, die eben noch nicht vollständig eliminiert sind. (Was nebenbei gesagt auch ein aussichtslosen Unterfangen ist).“
…..korrekt!
ZUM ANTWORTEN ANMELDEN
Konchog Pende sagt:
29. Mai 2025 um 17:15 Uhr
Dort wo Busse des öffentlichen Nahverkehrs ihre Solidarisierung mit der Ukraine mittels großflächiger Buswerbung in blau gelb mit russischer und deutscher Schreibweise „Wir stehen mit der Ukraine“ bekleben und beklebten dort sollten wir dann einmal beginnen die Faschisten im Deckmantel der Sozialdemokratie zu elimieren. Und bitte genauso ordentlich wie die Tauben dies für Aschenputtel es mit den Linsen getan haben.
ZUM ANTWORTEN ANMELDEN
silvia sagt:
29. Mai 2025 um 16:48 Uhr
@KOBA
Leider haben Sie mit allem recht. Ich sehe jedes Detail genauso. Russland sollte sich endlich und schleunigst von seiner moralisch geprägten Kriegsführung verabschieden. Bisher machte das Sinn, um den Rest der Welt mitzunehmen, Zeit zu gewinnen, um andere außerhalb der hässlichen Westblase erstarken zu lassen und die imperialistisch-faschistischen Allmachtsansprüche des Wertewestens zum Wanken und Einsturz zu bringen. Aber nun ist gut. Die Gefahr steigt exponentiell. Und außerdem bringen russische Frauen nicht über Jahrhunderte hinweg Söhne zur Welt, um sie durch den Westen abschlachten zu lassen (gleiches trifft auch auf den einfachen zwangsrekrutierten Ukrainer zu). Russland muss niemandem mehr gefallen. Im braunen Westen hat es eh seit jeher versch… Trump ist zwar intelligent, aber sowohl zwischen alten Eliten gefangen als auch seiner Deal-Manie. Bringt keine Punkte mehr für Putin. Wenn er wirklich und ehrlich es gewollt hätte, wäre Starlink z. B. schon lange abgeschaltet.
Ich hoffe auf die wunderbare Karte oben.
ZUM ANTWORTEN ANMELDEN
KOBA sagt:
29. Mai 2025 um 17:06 Uhr
Danke! Ich unterschreibe alles, nur dieses nicht: „Trump ist zwar intelligent“……… Nein, ist er nicht.
ZUM ANTWORTEN ANMELDEN
Angelique sagt:
30. Mai 2025 um 01:55 Uhr
…Der Hampelmann im Kinderzimmer. – Erinnert mich irgendwie an das Trotzalter eines 3- Jährigen.
ZUM ANTWORTEN ANMELDEN
Wolf Larssen sagt:
29. Mai 2025 um 15:45 Uhr
Zunächst muss einmal die ukrainische Armee zerschlagen werden,
dann bestimmt einzig und allein Moskau, was von der Ukraine noch überbleibt und wie es dort weitergeht.
Mit Sicherheit wird die Selenskiy Camarilla abdanken und ins Exil gehen und eine moskaufreundliche Regierung das Land übernehmen.
ZUM ANTWORTEN ANMELDEN
Angelique sagt:
30. Mai 2025 um 02:04 Uhr
Manchmal muß man nur den „Häuptling“ fangen, um zum Ziel zu kommen.
ZUM ANTWORTEN ANMELDEN
DieterEH sagt:
29. Mai 2025 um 16:06 Uhr
Ich glaube entweder:
1. Das deutsche Modell: BRD – DDR. Ist billiger und einfacher umzusetzen!
2. Die oben gezeigte Karte: Bedeutet ein langer Krieg!
So oder so, der Krieg wird dieses Jahr 2025 nicht zu Ende sein!!!
ZUM ANTWORTEN ANMELDEN
Joe sagt:
29. Mai 2025 um 16:28 Uhr
NEIN! Die Sowjetunion wurde NIE aufgelöst! Die Ukraine is unlösbarer Bestandteil Russlands!
Es wird Zeit daß die wischi-waschi Politik ein Ende hat. Die KPRF mit Sjuganow muß endlich übernehmen:
https://de.rt.com/russland/246250-rechtlich-existiert-udssr-immer-noch-neue-toene-aus-moskau-und-kreml/
Bleibt auch nur ein Teil der Ukraine übrig, wird der Wertloswesten es wieder mit Waffen aufpumpen. Der Volksentscheid vom März 1991 war eindeutig und wurde widerrechtlich vom Dauerbesoffenen Jelzin ignoriert: Die Ukrainer entschieden sich mit über 83% für den Erhalt der Sowjetunion! (TROTZ des Niedergangs mit Gorbatschows/Jelzins Kapitalismus!)
ZUM ANTWORTEN ANMELDEN
Konchog Pende sagt:
29. Mai 2025 um 17:23 Uhr
Ich empfehle Ihnen einmal das Video aus 2012 mit dem Duma Abgeordneten Jewgeni Alexejewitsch Fjodorow. Der erklärt nämlich was da damals im Kreml los war und das „Wodka Boris“ bereits entmachtet im Kreml gesessen hat. Jelzin hat maßgeblich auch gesoffen weil er erkannte das unter seinem Namen Russland zerstört werden sollte und in kleine Kuchenteile vergeben werden sollte. Derselbe neue Versuch wie in 2014 mit dem Maidan über die Ukraine. Aber dann kam Putin und Putin konnte das als KGB Mann sehr genau einordnen was da als zweiter Versuch der Zerstücklung Russlands seitens der USA und ihren Vasallen Europas versucht wurde weil er den ersten Prozess und seine Einsetzung durch Jelzin nicht vergessen hat. Putin vergisst nie etwas und sein Lang und Kurzzeitgedächtnis ist von sehr früher Zeit an Geheimdienst geschult.
ZUM ANTWORTEN ANMELDEN
Joe sagt:
29. Mai 2025 um 17:32 Uhr
Ich empfehle dir mal den Volksentscheid konkret anzusehen, der war übrigens nicht 2012 sondern 1991. Dauerbesoffener Jelzin hat das Parlamentsgebäude beschießen lassen, auch gesetzeswidrig. Normalerweise hätte er die Höchststrafe bekommen müssen und nicht das Präsidentenamt.
Seine zweite Wahl war auch nur durch Wahlbetrug möglich, gewonnen hätte, wäre es demokratisch gewesen, die KPRF.
ZUM ANTWORTEN ANMELDEN
Konchog Pende sagt:
29. Mai 2025 um 22:28 Uhr
Sie haben das Video von Jewgeni Alexejewitsch Fjodorow nicht geschaut sonst wüssten sie wie schlimm die Situation im Kreml nach der Auflösung der UdSSR gewesen ist und vor allem auch wie die russische Oligarchie Mütterchen Russland ausplünderte. Herr Jelzin war eine Marionette derer die die Auflösung der UdSSR von langer Hand planten doch dann kam die unerwartete Trumpfkarte und die hieß Wladimir Wladimirowitsch Putin und er hat mit Chodorkowsky gleich einmal gezeigt dass das mit Ihm nicht gehen wird.
ZUM ANTWORTEN ANMELDEN
Angelique sagt:
30. Mai 2025 um 02:12 Uhr
Nicht zu vergessen den „Hefezopf“,im Knast krank gespielt,was die Kamera verriet, und wollte Russland in Schutt und Asche sehen.
ZUM ANTWORTEN ANMELDEN
KOBA sagt:
29. Mai 2025 um 17:40 Uhr
„Jelzin hat maßgeblich auch gesoffen weil er erkannte das unter seinem Namen Russland zerstört werden sollte“……….
Völliger Blödsinn. Ich habe diesen besoffenen Vogel – den die damalige KPdSU zum Parteitag unserer Partei als Vertreter der sowjetischen Kommunisten delegiert hatte – schon Mitte der 1980 Jahre erlebt. Dieser Renegat war schon morgens besoffen, hat dann Marx und Lenin als die Besten gelobt, um sich dann stockbesoffen zurückzuziehen, damit er Abends seine Grüße der KPdSU halbwegs verständlich artikulieren konnte. Wie Gorbatschow war er ein gekauftes Ar..loch. Nur eben ewig besoffen. Das war Gorbatschow nicht.
ZUM ANTWORTEN ANMELDEN
Mircutux sagt:
29. Mai 2025 um 18:23 Uhr
Ein besserer Weg wäre es die Waffen ruhen zu lassen und in den einzelnen Oblasten Volksabstimmungen stattfinden zu lassen. Von Russland eroberten Gebieten zu sprechen ist das eine, Tatsache ist, dass die Ukraine diese Gebiete schon vor Jahren verloren hatte, als sie gegen ihre eigenen Bürger mit Panzern vorging und die Chance durch die Minsker Verträge ungenutzt ließ, diesen Gebieten wenigstens föderale Eigenständigkeit in Sprache und Bildung zu gewähren.
Das Gejammere man müsse jetzt Gebiete aufgeben ist auch dann nicht zu verstehen, wenn man sich klar macht, dass jetzt lediglich dort Russland auf der Karte steht, wo auch Russen drin sind.
Vielleicht sollte man dem Westen einmal klar machen was Demokratie bedeutet. Zumindest wäre diese Argumentationsweise wegweisend für eine friedliche Perspektive.
ZUM ANTWORTEN ANMELDEN
Angelique sagt:
30. Mai 2025 um 02:14 Uhr
Die Kiewer Rus, gestern wie heute russisch.
ZUM ANTWORTEN ANMELDEN
Zappenduster sagt:
29. Mai 2025 um 20:49 Uhr
Findet sich Kiew mit den Gebietsverlusten ab?
Ich kenne diesen Copy&Paste-Mist schon länger, da haben sich diese zwei Figuren nicht sonderlich viel Mühe gegeben. Ich würde so etwas für weniger und viel günstiger Abends als Nebentätigkeit fix zusammenkopieren. Der Inhalt spielt ohnehin keine Rolle, er muss nur gefallen.
Hier ist übrigens das Original zu finden:
https://www.jpmorganchase.com/content/dam/jpmorganchase/documents/center-for-geopolitics/jpmc-cfg-russia-ukraine.pdf
Man stützt sich dort u.A. auf die These, Russland würde beim bisherigen Tempo noch 118 Jahre brauchen, um die Ukraine zu erobern. DAHER müsste Russland sich auch irgendwann mal bewegen. Aber dieses Thema haben wir hier schon vor ein paar Monaten durchgekaut.
Letztlich hängt der gerechte/dauerhafte… Frieden von der Realisierung des oben zitierten Satzes und noch so einigen Punkten mehr ab. Eine reine Landabtretung ist jedoch keine echte Lösung.
Das ist selbsterklärend, angesichts des von Westeuropa gepflegten Umgangs mit der Ukraine.
Also bleibt nur das 15% Szenario „Weißrussland“ als 100%-Lösung übrig.
Denn Korea/Israel sind geschichtlich erwiesener Mist, niemand der halbwegs in der Lage ist mal verantwortungsvoll zu handeln kann so etwas wollen. „Georgien“ ist u.A. wegen der direkten Grenze zur EU und der Meinungslage aus russischer Sicht praktisch überhaupt nicht machbar. Also bleibt „Weißrussland“ als einzig machbare Option.
Die drei anderen Szenarien sind also Zeitverschwendung. Und wo bleibt der 3.Weltkrieg als Option, oder wenigstens eine Eskalationsvariante an sich?
Ich habe nichts dagegen wenn JP Morgan Chase Geld zum Fenster rauswirft, gern dürfen alle dort gleich hinterher springen. Aber einen Mehrwert erbringt diese Geopolitik-Abteilung wohl eher nicht.
ZUM ANTWORTEN ANMELDEN
Konchog Pende sagt:
29. Mai 2025 um 22:41 Uhr
Sie werden alle Gebiete auf denen nach der Eroberung ein Referendum und Wahlen statt fanden abgeben müssen da sie nach Vorgaben der HLKO nicht annektiert sondern okkupiert wurde und ein äusserst schlauer Herr Putin direkt in den okkupierten Gebieten die Referenden und Wahlen anwendete um aus dem Okkupationsrecht der HLKO her raus zu kommen. Wenn es etwas gibt was man in dieser Sache betrachten sollte dann ist es die Einhaltung des Völkerrechts seitens der russischen Föderation.
Mit der Auflösung des Warschauer Pakts war die NATO bereits überflüssig. Das wollten sie aber nicht akzeptieren da sie als Sklaven des Jakob Segens den militärisch industriellen Komplex so gewaltig aufgebaut haben dass ihre gesamte Wirtschaft kollabiert wenn die Rüstung weg fiele. Und nun ist die Trump Administration also die USA mit 800 Militärbasen außerhalb ihres Territoriums noch so geschickt die EU vor zu schicken. Und die EU schickt im Sinne der BRD vor. Eine Besatzungsverwaltung unter ordre public welche mit einer UN Feindstaatenklausel belegt ist und keinen völkerrechtlichen Friedensvertrag hat. Also eine rein völkergewohnheitsrechtliche Situation die völkerrechtlich auf gar keinen Beinen steht ausser dass die EU im Sinne der BRD immer nur als Zahlmeister brauchte und im Sinne der BRD die EU nach der Genscher Note vom 8 Oktober 1990 um über den mehrfach veränderten Artikel 23 Grundgesetz genau das zu verhindern was auch Otto Schily niemals wollte.
https://www.youtube.com/shorts/TGetMoMECj0
ZUM ANTWORTEN ANMELDEN
Konchog Pende sagt:
29. Mai 2025 um 22:47 Uhr
Ach so das Deutsche Reich war niemals die Weimarer Republik weder das Dritte Reich weder die BRD.
Wer ein originäres Völkerrechtssubjekt mit den Taten der Ereignisse nach 09.11.1918 in Verbindung bringt der vergisst dass die Fortschreibung des geltenden Rechts abweichend vom gültigen Recht die Fortschreibung der eingesetzten Besatzungsverwaltungen der Siegermächte gewesen sind.
Und nun darf wieder ordentlich Dreck geschmissen werden.
ZUM ANTWORTEN ANMELDEN
Angelique sagt:
30. Mai 2025 um 02:21 Uhr
Der Versailler Vertrag wurde nie ratifiziert, auch nicht der 2 plus-4 Vertrag.-Demzufolge können auf nichtige Verträge auch keine weitreren Verträge gültig sein,-auch nicht der deutsch-polnische Vertrag.-Ebenso auch nicht der BRD-Staatsvertrag mit Israel !
ZUM ANTWORTEN ANMELDEN
Konchog Pende sagt:
30. Mai 2025 um 04:51 Uhr
Sososo das der Versailler Vertrag völkerrechtswidrig gewesen ist darüber streiten sich die von unterschiedlichen Quellen und Universitäten bezahlten Fachkräfte.
Das der 2+4 Vertrag nicht ratifiziert wurde kann doch jetzt nur Trollerei sein oder etwa nicht ???
https://de.wikipedia.org/wiki/Zwei-plus-Vier-Vertrag#/media/Datei:Unterschriften_2+4.jpg
ZUM ANTWORTEN ANMELDEN
SCHREIBE EINEN KOMMENTAR
Du musst angemeldet sein, um einen Kommentar abzugeben.
Zurück
Nächster Beitrag: Vorwürfe sexueller Übergriffe sollten weitere Haftbefehle gegen israelische Politiker verhindern"
