id,title,titleHtml,intro,articleRef,categoryRef,articleAltRef,images,tags,video,categories,slug,lastModified,created,publishedAt,template,authors,graphicImages,wideImages,isPaidContent,isTopClickModule,topClickCustomContent,showSystemTeaserTitle,meta,url,day,article_text
a655aa4e-c8c4-4adc-a52c-cf2f866ac92e,BKA-Zahlen zur politischen Kriminalität: 1.230 Tatverdächtige der Kategorie „rechts“ sind Ausländer,<span>BKA-Zahlen zur politischen Kriminalität: 1.230 Tatverdächtige der Kategorie „rechts“ sind Ausländer</span>,,/statistik/news/politischekriminalitaet-jeder19-rechts-auslaender/a655aa4e-c8c4-4adc-a52c-cf2f866ac92e,/statistik,/articles/politischekriminalitaet-jeder19-rechts-auslaender/a655aa4e-c8c4-4adc-a52c-cf2f866ac92e,"{'big_1x': 'https://api.nius.de/api/assets/office-hr/cc55b4d4-842d-4d58-a558-38fb25751f6a?width=1400&height=1000&mode=CropUpsize', 'big_2x': 'https://api.nius.de/api/assets/office-hr/cc55b4d4-842d-4d58-a558-38fb25751f6a?width=2000&height=1500&mode=CropUpsize', 'medium': 'https://api.nius.de/api/assets/office-hr/cc55b4d4-842d-4d58-a558-38fb25751f6a?width=800&height=600&mode=CropUpsize', 'small': 'https://api.nius.de/api/assets/office-hr/cc55b4d4-842d-4d58-a558-38fb25751f6a?width=400&height=300&mode=CropUpsize', 'portrait_1x': 'https://api.nius.de/api/assets/office-hr/cc55b4d4-842d-4d58-a558-38fb25751f6a?width=375&height=500&mode=CropUpsize', 'portrait_2x': 'https://api.nius.de/api/assets/office-hr/cc55b4d4-842d-4d58-a558-38fb25751f6a?width=750&height=1000&mode=CropUpsize', 'original': 'https://api.nius.de/api/assets/office-hr/cc55b4d4-842d-4d58-a558-38fb25751f6a', 'title': '', 'id': 'cc55b4d4-842d-4d58-a558-38fb25751f6a'}",[],,['Statistik'],politischekriminalitaet-jeder19-rechts-auslaender,2025-07-12T22:50:05Z,2025-05-26T15:01:23Z,2025-05-27 04:12:32.873000+00:00,System Teaser,"[{'id': '6551f4bc3064a95275381727', 'email': 'felix.perrefort@vius.com', 'name': 'Felix Perrefort', 'active': True, 'permissions': [], 'slug': 'felix-perrefort', 'firstName': '', 'authorSlug': 'felix-perrefort', 'lastName': '', 'role': 'ADMIN', 'bio': '', 'profileImage': {'big_1x': 'https://api.nius.de/api/users/6551f4bc3064a95275381727/picture', 'big_2x': 'https://api.nius.de/api/users/6551f4bc3064a95275381727/picture', 'medium': 'https://api.nius.de/api/users/6551f4bc3064a95275381727/picture', 'small': 'https://api.nius.de/api/users/6551f4bc3064a95275381727/picture', 'portrait_1x': 'https://api.nius.de/api/users/6551f4bc3064a95275381727/picture', 'portrait_2x': 'https://api.nius.de/api/users/6551f4bc3064a95275381727/picture', 'original': 'https://api.nius.de/api/users/6551f4bc3064a95275381727/picture', 'title': '', 'id': '6551f4bc3064a95275381727'}}]","{'big_1x': 'https://api.nius.de/api/assets/office-hr/d8adb6e4-bf21-471a-b7f9-e51de0cb6a11?width=1400&height=1000&mode=CropUpsize', 'big_2x': 'https://api.nius.de/api/assets/office-hr/d8adb6e4-bf21-471a-b7f9-e51de0cb6a11?width=2000&height=1500&mode=CropUpsize', 'medium': 'https://api.nius.de/api/assets/office-hr/d8adb6e4-bf21-471a-b7f9-e51de0cb6a11?width=800&height=600&mode=CropUpsize', 'small': 'https://api.nius.de/api/assets/office-hr/d8adb6e4-bf21-471a-b7f9-e51de0cb6a11?width=400&height=300&mode=CropUpsize', 'portrait_1x': 'https://api.nius.de/api/assets/office-hr/d8adb6e4-bf21-471a-b7f9-e51de0cb6a11?width=375&height=500&mode=CropUpsize', 'portrait_2x': 'https://api.nius.de/api/assets/office-hr/d8adb6e4-bf21-471a-b7f9-e51de0cb6a11?width=750&height=1000&mode=CropUpsize', 'original': 'https://api.nius.de/api/assets/office-hr/d8adb6e4-bf21-471a-b7f9-e51de0cb6a11', 'title': '', 'id': 'd8adb6e4-bf21-471a-b7f9-e51de0cb6a11'}",,False,False,[],True,"{'title': 'BKA-Zahlen zur politischen Kriminalität: 1.230 Tatverdächtige der Kategorie „rechts“ sind Ausländer', 'description': 'Mehr als jeder 20. „rechte“ Tatverdächtige ist kein Deutscher. Das geht aus einer NIUS-Anfrage an das BKA zur politisch motivierten Kriminalität (PMK) hervor.\xa0', 'image': 'https://api.nius.de/api/assets/office-hr/cc55b4d4-842d-4d58-a558-38fb25751f6a/a655aa4e-c8c4-4adc-a52c-cf2f866ac92e.jpg', 'locale': 'office-hr', 'url': None, 'publishedAt': '2025-05-26T15:01:23Z', 'modifiedAt': '2025-05-27T04:12:32.873Z', 'author': None, 'category': 'Statistik', 'tags': []}",https://www.nius.de/statistik/news/politischekriminalitaet-jeder19-rechts-auslaender/a655aa4e-c8c4-4adc-a52c-cf2f866ac92e,2025-05-27,"# BKA-Zahlen zur politischen Kriminalität: 1.230 Tatverdächtige der Kategorie „rechts“ sind Ausländer

Die Statistik zur politisch motivierten Kriminalität verfälscht die Realität: Jeder 19. „rechte“ Tatverdächtige besitzt keinen deutschen Pass. Das geht aus der Antwort des Bundeskriminalamts auf eine NIUS-Anfrage hervor.
Jahr für Jahr sorgt die Statistik des Bundeskriminalamts zur politisch motivierten Kriminalität (PMK) für Schlagzeilen. Auch 2024 ist das nicht anders: Rund 42.000 Straftaten wurden dem Phänomenbereich „rechts“ zugeordnet – das entspricht fast der Hälfte aller politisch motivierten Delikte. Für viele Medien und Kommentatoren ist damit die Lage klar: Die größte Gefahr gehe vom deutschen Rechtsextremismus aus – gemeint sind dann in aller Regel AfD-nahe Milieus, weiße Männer, ethnisch Deutsche. Doch dieser Schluss ist nicht nur voreilig, sondern grundsätzlich irreführend. Das liegt am methodischen Aufbau der Statistik.
Bereits am Freitag berichtete NIUS, dass 196 Tatverdächtige, denen „rechte, ausländerfeindliche“ Straftaten zur Last gelegt wurden, eine ausländische Staatsangehörigkeit hatten. Nun wollte NIUS vom Bundeskriminalamt (BKA) wissen, wie viele der insgesamt als „rechts“ eingeordneten Tatverdächtigen Ausländer waren.
Auf Anfrage teilte das BKA mit:
„Zu den 42.788 für das Jahr 2024 im Phänomenbereich PMK -rechts- registrierten Straftaten wurden 23.834 Tatverdächtige ermittelt, davon 22.604 Staatsangehörige mit deutscher Staatsangehörigkeit (94,8 %).“
Das bedeutet: 1.230 Tatverdächtige hatten eine ausländische Staatsangehörigkeit. Anders gesagt: Jeder 19. Tatverdächtige im Bereich „rechte Straftaten“ war Ausländer.
Dass rechte Straftäter ausländisch sein können – davon war auf der Pressekonferenz mit Alexander Dobrindt (CSU) und Holger Münch, Präsident des BKA, nicht die Rede.
Das widerspricht der öffentlichen Wahrnehmung, in der rechte Straftäter automatisch als ethnisch deutsche Männer gelten. Dass ein nicht unerheblicher Teil der Täter faktisch Ausländer ist, bleibt meist unerwähnt – oder wird aktiv verschleiert. Öffentlich-rechtliche Medien wie das ZDF stellen diesen Zusammenhang regelmäßig falsch dar (NIUS berichtete).

## Der Migrationshintergrund wird ebenfalls nicht erfasst

Auch die 94,8 Prozent der Tatverdächtigen mit deutscher Staatsangehörigkeit bieten keinerlei Klarheit über deren Herkunft. Denn auf Nachfrage von NIUS erklärte das BKA unmissverständlich:
„Im Kriminalpolizeilichen Meldedienst in Fällen Politisch motivierter Kriminalität (KPMD-PMK) wird die Staatsangehörigkeit einer Person, jedoch kein Migrationshintergrund erfasst.“
Weiter weist das BKA darauf hin:
„Hinsichtlich der Staatsangehörigkeit ist zu beachten, dass in der Fallzahlendatei des BKA nur eine Staatsangehörigkeit erfasst wird. Sofern eine Person neben der deutschen, eine weitere Staatsangehörigkeit besitzt, wird die deutsche abgebildet.“
Das heißt: Auch eingebürgerte Migranten mit türkischer, arabischer oder afrikanischer Herkunft zählen selbstverständlich als „deutsch“. Wer neben der deutschen eine zweite Staatsbürgerschaft besitzt, wird ausschließlich als Deutscher gezählt – selbst wenn die kulturelle, politische Prägung und das nationale Selbstverständnis ganz woanders liegen.
Ein Beispiel: Ein junger Araber, der bei einer Schlägerei einen Schwarzen mit „Scheiß-N****“ beleidigt, wird – sofern die Tat als „fremdenfeindlich“ eingestuft wird – unter „PMK rechts – ausländerfeindlich“ geführt. Das gilt auch dann, wenn der Täter selbst kein Deutscher ist und keinerlei ideologische Nähe zu klassischem deutschen Rechtsextremismus aufweist. Auch antisemitische Straftaten aus islamischen Milieus können unter „rechts“ gezählt werden, wenn die Behörden sie als „völkisch-nationalistisch“ bewerten.
Für die ARD ist der Angriff auf einen SPD-Politiker durch einen Ostdeutschen ein typisches Beispiel für „rechte Gewalt“.

## Die PMK ist blind für echten Rechtsextremismus

Die Folge all dessen ist: Die Statistik ist strukturell ungeeignet, um Aussagen über die Verbreitung oder Gefahr des einheimischen Rechtsextremismus zu treffen – also genau jenes Phänomen, das mit der Rubrik „rechts“ assoziiert wird.
Trotz dieser gravierenden methodischen Schwächen stellen Medien wie das ZDF und Politiker wie Nancy Faeser (SPD) direkte Zusammenhänge her von den als „rechts“ registrierten Straftaten zu angeblich organisierten, rechtsextremen Strukturen in Deutschland. Doch das ist eine politische Fehlinterpretation – kein objektiver Befund. Die Statistik gibt diese Schlussfolgerung schlicht nicht her. Politik und Medien täuschen mit Zahlen, die nichts beweisen, sondern etwas suggerieren – und das seit vielen Jahren.
Wer die PMK-Statistik als Beleg für die wachsende Gefahr durch „deutschen Rechtsextremismus“ zitiert, stützt sich auf eine Zahl, die nichts über die Täter aussagt. Sie beschreibt nur, wie die Polizei das Motiv einer Tat interpretiert. Über Herkunft, Prägung oder politische Einstellung der Täter weiß sie in Wahrheit nichts.
Die Kategorie „rechts“ in der PMK ist kein Spiegel gesellschaftlicher Realität, sondern ein ideologisches Konstrukt, das in der Praxis auf einen Etikettenschwindel hinausläuft. Es ist damit ungeeignet, die tatsächlichen Gefahrenlagen in Deutschland differenziert zu erfassen.
Lesen Sie auch:
BKA bestätigt offiziell: 196 „rechte, ausländerfeindliche“ Straftaten wurden von Ausländern begangen"
3be92023-d342-4e26-ba03-c020e8e7d571,"Migranten sollten unsere Rentner zahlen, nun zahlen unsere Rentner für Migranten","<span>Migranten sollten unsere Rentner zahlen, nun zahlen unsere Rentner für Migranten</span>",,/kommentar/news/migranten-sollten-unsere-rentner-zahlen-nun-zahlen-unsere-rentner-fuer-migranten/3be92023-d342-4e26-ba03-c020e8e7d571,/kommentar,/articles/migranten-sollten-unsere-rentner-zahlen-nun-zahlen-unsere-rentner-fuer-migranten/3be92023-d342-4e26-ba03-c020e8e7d571,"{'big_1x': 'https://api.nius.de/api/assets/office-hr/9e0d6cab-2405-46df-907d-5e7fc7bfc1a9?width=1400&height=1000&mode=CropUpsize', 'big_2x': 'https://api.nius.de/api/assets/office-hr/9e0d6cab-2405-46df-907d-5e7fc7bfc1a9?width=2000&height=1500&mode=CropUpsize', 'medium': 'https://api.nius.de/api/assets/office-hr/9e0d6cab-2405-46df-907d-5e7fc7bfc1a9?width=800&height=600&mode=CropUpsize', 'small': 'https://api.nius.de/api/assets/office-hr/9e0d6cab-2405-46df-907d-5e7fc7bfc1a9?width=400&height=300&mode=CropUpsize', 'portrait_1x': 'https://api.nius.de/api/assets/office-hr/9e0d6cab-2405-46df-907d-5e7fc7bfc1a9?width=375&height=500&mode=CropUpsize', 'portrait_2x': 'https://api.nius.de/api/assets/office-hr/9e0d6cab-2405-46df-907d-5e7fc7bfc1a9?width=750&height=1000&mode=CropUpsize', 'original': 'https://api.nius.de/api/assets/office-hr/9e0d6cab-2405-46df-907d-5e7fc7bfc1a9', 'title': '', 'id': '9e0d6cab-2405-46df-907d-5e7fc7bfc1a9'}",[],,['Kommentar'],migranten-sollten-unsere-rentner-zahlen-nun-zahlen-unsere-rentner-fuer-migranten,2025-07-12T22:38:19Z,2025-05-26T17:29:28Z,2025-05-27 04:13:54.383000+00:00,System Teaser,"[{'id': '644a42cdf03076c588c3dab1', 'email': 'julian.reichelt@rome-medien.de', 'name': 'Julian Reichelt', 'active': True, 'permissions': [], 'slug': 'julian-reichelt', 'firstName': '', 'authorSlug': 'julian-reichelt', 'lastName': '', 'role': 'ADMIN', 'bio': '', 'profileImage': {'big_1x': 'https://api.nius.de/api/users/644a42cdf03076c588c3dab1/picture', 'big_2x': 'https://api.nius.de/api/users/644a42cdf03076c588c3dab1/picture', 'medium': 'https://api.nius.de/api/users/644a42cdf03076c588c3dab1/picture', 'small': 'https://api.nius.de/api/users/644a42cdf03076c588c3dab1/picture', 'portrait_1x': 'https://api.nius.de/api/users/644a42cdf03076c588c3dab1/picture', 'portrait_2x': 'https://api.nius.de/api/users/644a42cdf03076c588c3dab1/picture', 'original': 'https://api.nius.de/api/users/644a42cdf03076c588c3dab1/picture', 'title': '', 'id': '644a42cdf03076c588c3dab1'}}]","{'big_1x': 'https://api.nius.de/api/assets/office-hr/8caae699-3b41-426b-a270-bb742a9e780c?width=1400&height=1000&mode=CropUpsize', 'big_2x': 'https://api.nius.de/api/assets/office-hr/8caae699-3b41-426b-a270-bb742a9e780c?width=2000&height=1500&mode=CropUpsize', 'medium': 'https://api.nius.de/api/assets/office-hr/8caae699-3b41-426b-a270-bb742a9e780c?width=800&height=600&mode=CropUpsize', 'small': 'https://api.nius.de/api/assets/office-hr/8caae699-3b41-426b-a270-bb742a9e780c?width=400&height=300&mode=CropUpsize', 'portrait_1x': 'https://api.nius.de/api/assets/office-hr/8caae699-3b41-426b-a270-bb742a9e780c?width=375&height=500&mode=CropUpsize', 'portrait_2x': 'https://api.nius.de/api/assets/office-hr/8caae699-3b41-426b-a270-bb742a9e780c?width=750&height=1000&mode=CropUpsize', 'original': 'https://api.nius.de/api/assets/office-hr/8caae699-3b41-426b-a270-bb742a9e780c', 'title': '', 'id': '8caae699-3b41-426b-a270-bb742a9e780c'}",,False,False,[],True,"{'title': 'Migranten sollten unsere Rentner zahlen, nun zahlen unsere Rentner für Migranten', 'description': 'Es ist gerade mal zehn Jahre her, da hat man uns erzählt, wir brauchen die illegale Migration, denn Migranten werden unsere Renten bezahlen. Jetzt haben wir so viele illegale Migranten im Land, dass wir nicht mehr genug Geld für unsere Rentner haben.', 'image': 'https://api.nius.de/api/assets/office-hr/9e0d6cab-2405-46df-907d-5e7fc7bfc1a9/3be92023-d342-4e26-ba03-c020e8e7d571.jpg', 'locale': 'office-hr', 'url': None, 'publishedAt': '2025-05-26T17:29:28Z', 'modifiedAt': '2025-05-27T04:13:54.383Z', 'author': None, 'category': 'Kommentar', 'tags': []}",https://www.nius.de/kommentar/news/migranten-sollten-unsere-rentner-zahlen-nun-zahlen-unsere-rentner-fuer-migranten/3be92023-d342-4e26-ba03-c020e8e7d571,2025-05-27,"# Migranten sollten unsere Rentner zahlen, nun zahlen unsere Rentner für Migranten

Niemand steht so eindrucksvoll für den intellektuellen Niedergang im deutschen Parteienstaat wie Annalena Baerbock.
Die aktuelle Folge „Achtung, Reichelt!“ sehen Sie hier:
Obwohl die schlechteste Außenministerin der bundesdeutschen Geschichte nicht einmal ihre Muttersprache fließend beherrscht und in drei Jahren alles dafür getan hat, unser Land auf der ganzen Welt zu blamieren und lächerlich zu machen, obwohl bei der Bundestagswahl selbst Grünen-Wähler in Scharen vor ihr geflüchtet sind, obwohl ihr Englisch selbst Heinrich Lübke peinlich wäre, obwohl sie erwiesenermaßen alles schlecht kann, was man in der Welt der Diplomatie gut können muss, wurde sie nicht gefeuert, sondern befördert.
Annalena Baerbock steigt in Ankara aus einer Maschine der Flugbereitschaft der Bundeswehr.
Annalena Baerbock spricht nun bei den Vereinten Nationen für Deutschland, und vermutlich ist es ein Segen für unser Land, dass kaum jemand sie versteht.
Die Karriere von Annalena Baerbock ist nur in einem Staatssystem möglich, in dem jeglicher Leistungsgedanke vollends ausradiert ist und die Parteienlogik selbst Naturgesetze, sogar die Schwerkraft außer Kraft setzen kann: Wer wie ein Stein nach unten fallen müsste, steigt in dieser Logik auf – und darf noch mehr Schaden anrichten. Früher hieß es, wenn Du es in New York schaffst, kannst Du es überall schaffen. In der deutschen Politik heißt es: Wenn Du es nirgends schaffst, schicken wir Dich nach New York.
Mit dem Schaden anrichten hat Annalena Baerbock gleich in ihrer ersten Woche in New York begonnen. Sie hat ein Video aufgenommen, in dem sie behauptet, Deutschland habe eine nackte Regierung, weil sie New und Nude so wenig auseinanderhalten kann wie Beacon und Bacon, Kobalt und Kobolde, 180 und 360 Grad. Schauen Sie und fremdschämen Sie sich:
We have a nude government!
Man kann solche PR-Videos ja beliebig oft aufnehmen und schneiden, nichts davon ist live. Das bedeutet, entweder Annalena Baerbock dachte wirklich, Nude Government heiße „neue Regierung“, oder aber dieses Gestammel war noch das Beste, was man aus Annalena Baerbock rausbekommen hat.

## Deutschland steht nackt da

In einem Punkt hat Annalena Baerbock auf wundersame Weise Recht: Tatsächlich steht Deutschland nackt da, wenn diese Person für uns bei den Vereinten Nationen spricht – beziehungsweise stottert.
Annalena Baerbock, die mit dem Segen von Friedrich Merz nach New York entsandt wurde, steht symptomatisch für ein Deutschland, das gefesselt, gefangen, verheddert ist in politischer Logik und tief eingesunken im politischen Sumpf aus Kleinmut, Selbstbereicherung und Machterhalt, eine Vollkasko- und Rundumsorglos-Vollversorgungs-Kaste, die Konkurrenz vorgaukelt, aber sich unter dem wohlklingenden Schlachtruf „Politische Mitte“ doch nie weh tut, sich schützt und absichert, die auf allen politischen Ebenen, überall auf der Welt vollkommen nutzlose Organisationen, Stiftungen, Behörden, Beauftragtenposten, NGOs, einen kompletten Arbeitsmarkt ohne Arbeit geschaffen hat, um sich gegenseitig zu versorgen. Eine monströse Regulierungsinfrastruktur, die nicht bloß sinnlos ist, sondern gefährlich, weil sie Wert und Arbeit vortäuscht, indem sie andere Menschen von Arbeit und Wertschöpfung abhält.
Friedrich Merz unterstütze Baerbocks Avancen auf den Job bei der UN.
In der deutschen Politik kann niemand tiefer fallen als in die Steuergeld-gepolsterten Arme des Systems, das für jeden Versager die nächste Vergütung bereithält.
Dass ein Mann wie Lars Klingbeil, ein Mensch ohne jegliche Biographie, der rein gar nichts kann und innerhalb von drei Tagen von Eichhörnchen aufgegessen wäre, wenn man ihn im Wald aussetzen würde, zu einem der mächtigsten Männer im Land werden kann und ALLES Geld kontrolliert, das wir erarbeiten und dazu noch eine BILLION Euro, die unsere Kinder und Enkel erarbeiten müssen, beweist den totalen Triumph des Apparatschiktums. Je weniger man kann, je weniger man handelt, je weniger man schafft, desto höher steigt man auf. Früher musste man als Politiker wenigstens noch eine Wahl gewinnen, wenn man sonst schon nichts konnte. Lars Klingbeil hat sich mit dem schlechtesten Ergebnis der SPD-Geschichte, einer langen und qualvollen Geschichte voller schlechtester Ergebnisse der SPD-Geschichte, an die Spitze des Staates geloost.
Lars Klingbeil wird von Bundestagspräsidentin Julia Klöckner vereidigt.
Der deutsche Parteienstaat belohnt es, nichts zu können, nichts Eigenes zu denken und zu sagen, so zu sprechen, wie alle sprechen und sich ausschließlich und mit ganzer Kraft der Niedertracht des politischen Geschäfts zu widmen. Deswegen haben wir das Führungspersonal, das wir haben.

## Der föderale Parteienstaat Deutschland ist schlicht nicht mehr handlungsfähig

Aus unserer Geschichte heraus sind wir ein Gebilde, das auf Kompromiss und Konsens ausgelegt ist. Das aber kann nur funktionieren, wenn politische Positionen auch kompromissfähig und miteinander vereinbar sind, wenn es ein gemeinsames Grundverständnis von Vernunft gibt. Aber Vernunft und Ideologie lassen sich nicht zum Kompromiss einen. Billige Energie und ein Land aus Wind und Sonne lassen sich nicht versöhnen. Die bunte Gesellschaft und die sichere Gesellschaft lassen sich nicht einen. Der Sozialstaat und die offenen Grenzen gehen nicht zusammen. Unser Land ist in den Händen von verblendeten und fachlich vollkommen unfähigen Ideologen, die sich an Deutschland selbst verwirklichen wollen. Und mit ihnen regieren Männer wie Friedrich Merz, der in dem sagenhaften Irrtum lebt, man könnte mit den fanatischen Umverteilern der Generation Klingbeil kluge Kompromisse schmieden wie zu Bonner Zeiten, in denen man sich zumindest grundsätzlich einig darüber war, was eine Frau ist und wer Kinder bekommen kann. Nun behält, bewahrt und beschützt die CDU das durchgeknallte SPD-Selbstbestimmungsgesetz, nach dem man bei der Beantragung einer Geburtsurkunde das Geschlecht der Mutter mit MÄNNLICH angeben kann. Und nein, ich denke mir das nicht aus.
Antrag auf Erstellung einer Geburtsurkunde
Wie dramatisch Ideologie in unserem Land gescheitert ist, zeigt ein Auftritt des CDU-Generalsekretärs Carsten Linnemann bei Caren Miosga. Dort sagt er, dass Rentner in Deutschland zu wenig arbeiten:
Sie erinnern sich: Es ist gerade mal zehn Jahre her, da hat man uns erzählt, wir brauchen die illegale Migration, denn Migranten werden unsere Renten bezahlen. Jetzt haben wir so viele illegale Migranten im Land, dass wir nicht mehr genug Geld für unsere Rentner haben. 22,2 Milliarden Euro Bürgergeld fließen allein an Ausländer. Logischerweise ist das Geld, das NICHT an deutsche Rentner fließen kann. Früher: Die Migranten zahlen unsere Rente. Heute: Die Rentner müssen mehr arbeiten, weil wir zu viele Migranten haben.
DAS ist der spektakuläre Zusammenbruch von Ideologie.
Wir leben im teuersten Staat, der Deutschland jemals war, aber wir bekommen dafür so wenig wie nie zuvor. Schon nach wenigen Wochen der neuen Regierung ist vollkommen klar, dass radikale Reformen absolut ausgeschlossen sind. Es ist inzwischen utopisch, dass wir spürbar mehr von unserem Geld behalten dürfen. Utopisch ist auch, dass wir für unser Geld auf absehbare Zeit einen funktionierenden Staat bekommen werden.

## Vernunft versus Ideologie

Das eine Wort, das für dieses monumentale Strukturproblem zwischen Nordsee und Alpen steht, lautet: MESSERVERBOTSZONE. Inzwischen sind so weite Teile unseres Landes zur Messerverbotszone erklärt worden, dass nahezu alle Gräueltaten mit Messern in Messerverbotszonen verübt werden.
Erstaunlicherweise hält sich kein einziger Messermörder an Messerverbotszonen, wobei man sagen muss, dass auch niemandem geholfen wäre, wenn er außerhalb einer Messerverbotszone abgestochen wird. Die Messerverbotszone ist kein haarsträubend absurdes Einzelphänomen, sondern symptomatisch für den Kompromiss, der zwischen Vernunft und Ideologie noch erreichbar ist. Vernunft und Fakten sagen, dass ungehemmte Gewaltkriminalität mit dem Tatmittel Messer über unsere offenen Grenzen strömt. Ideologie sagt, dass nur ein buntes Land ein lebenswertes Land ist und wir als Volk kein Recht haben, unsere Grenzen, unsere Identität zu schützen, weil wir als Volk eigentlich gar nicht existieren.
Der Kompromiss ist dann die hilflose Messerverbotszone, ein Wort, über das die Deutschen inzwischen nur noch so bitter lachen wie über die „Fachkräfte“.
An Berliner Bahnhöfen gilt die Messerverbotszone jetzt vom 26. Mai bis zum 30. Juni jeweils täglich im Zeitraum von 14 Uhr bis vier Uhr morgens. Als normaler Mensch kann man sich nur noch fragen, ob wirklich kein Politiker merkt, wie vollkommen durchgeknallt das ist.
Deutschland, so scheint es, ist in weiten Teilen zu einer Vernunftverbotszone geworden, wo gesunder Menschenverstand mit gesellschaftlicher Ächtung geahndet wird.
Letzte Woche habe ich gelesen, dass unsere neue Wirtschaftsministerin Katherina Reiche neue Gaskraftwerke bauen will, weil wir, Überraschung, nicht genügend Kraftwerke für unsere Industrienation haben. Im Juni oder Juli will man in Bayern das Atomkraftwerk Gundremmingen in die Luft sprengen. Das ist die CSU, gefangen im Wahn linksgrüner Ideologie.
Katherina Reiche führt seit wenigen Wochen das Wirtschaftsministerium.
Die Bundesregierung darf aber nicht einfach neue Gaskraftwerke bauen. Sie muss sich das von der EU nach einem höchst bürokratischen, überregulierten, undurchschaubaren, insgesamt schlicht wahnwitzigen Plan genehmigen lassen. Zuständig für diese Genehmigung ist eine spanische Sozialistin namens Teresa Ribera Rodriguez. Als Umweltministerin war sie in Spanien verantwortlich für die Energiewende, die gerade erst in den größten flächendeckenden Stromausfall in der Geschichte Europas geführt hat. Als Stellvertreterin von Ursula von der Leyen ist die Sozialistin Teresa Ribera Rodriguez zuständig für einen „sauberen, gerechten, wettbewerbsfähigen Übergang“ in ein neues Energiezeitalter und entscheidet, ob wir uns in Deutschland noch ein Kraftwerk bauen dürfen.
Ursula von der Leyen und ihre Stellvertreterin Teresa Ribera Rodriguez im EU Parlament
Ich lese Ihnen dazu eine Passage aus dem Spiegel vor:
„Schon Katherina Reiches Vorgänger Robert Habeck (Grüne) hatte sich an den Auflagen der EU abgekämpft. Seine Leute hatten erst nach zähem Ringen einen Kompromiss mit Brüssel gefunden. Fünf Gigawatt an neuen Gaskraftwerken wollte die Kommission ihm 2024 im Sinne der Versorgungssicherheit genehmigen. Im Gegenzug sollte für fünf weitere Gigawatt an neuen Gaskraftwerken die Auflage gelten, dass sie acht Jahre nach Inbetriebnahme auf Wasserstoff umgestellt werden. Hinzu kommen sollten 0,5 Gigawatt an neuen Kraftwerken, die sofort mit Wasserstoff laufen, und die Umrüstung von zwei Gigawatt bestehender Gaskraftwerke auf Wasserstoff.“
Auch hier: Die Vernunft sagt, wir brauchen Gaskraftwerke. Die Ideologie sagt, bloß keine fossilen Kraftwerke, bloß nichts verbrennen. Also einigen wir uns auf den Kompromiss, Wasserstoffkraftwerke zu bauen, die gar nicht existieren, und gleichzeitig funktionierende Atomkraftwerke in die Luft zu jagen.
Kein Mensch kann noch ernsthaft glauben, dass dieses politische System überlebensfähig ist und Wohlstand für unser Land liefern kann.
Hunderttausende ungewählte Bürokraten zwischen Berlin und Brüssel sind ausschließlich damit beschäftigt, jegliche menschliche Kreativität, jeden Schaffensdrang, jede Produktivität mit dem Stiefelabsatz des Bürokratismus zu zertreten. Keiner dieser Leute muss sich je wieder über Geld Gedanken machen oder Verantwortung für sein Versagen übernehmen. Sie alle sind wundersam geborgen im Apparat.
Zum Thema Atomkraftwerke möchte ich Ihnen noch eine interessante Grafik zeigen, damit Sie sehen, WIE GROSS unser Problem ist:
Man sieht den Energiebedarf der kommenden fünf Jahre NUR für die geplanten und benötigten Rechenzentren für die Künstliche Intelligenz. Die Grafik zeigt: NUR für den Energiebedarf der künstlichen Intelligenz bräuchten wir in den kommenden fünf Jahren vier neue Atomkraftwerke. Mit den sogenannten erneuerbaren Energien kann man diese Rechenzentren, an denen die Zukunft unseres Wohlstands hängt, nicht betreiben. Noch einmal: Die Bundesregierung gründet ein Technologie-Ministerium, das sich um Künstliche Intelligenz kümmern soll. GLEICHZEITIG lässt die Union Atomkraftwerke sprengen, die man für Künstliche Intelligenz braucht, während der Facebook-Konzern META sein eigenes Atomkraftwerk bauen will, um Künstliche Intelligenz zu betreiben. Andere Staaten handeln vernünftig. Wir sind gefangen in der links-grünen Ideologie, die unser Land allumfänglich erobert hat.
Wir Deutschen neigen dazu, das Wort RADIKAL zu scheuen, weil wir es für geradezu verbrecherisch und kriminell halten. Aber ohne radikale Reformen, ohne wirklich alles zu hinterfragen, wird es nicht mehr möglich sein, den Wohlstand dieses Landes zu bewahren. Die deutsche Zukunft kann nicht im Kompromiss zwischen Vernünftigen und Verrückten liegen. Kompromisse mit Verrückten sind am Ende immer nur eines – verrückt."
aed7e9e0-a7c6-4ab2-968c-74e9655a90c4,Deutschlands Wirtschaft leidet unter einem Führungsproblem: Wie linke Ideologie das Leistungsprinzip zerstört,<span>Deutschlands Wirtschaft leidet unter einem Führungsproblem: Wie linke Ideologie das Leistungsprinzip zerstört</span>,,/wirtschaft/news/deutschlands-wirtschaft-leidet-unter-einem-fuehrungsproblem-wie-linke-ideologie-das-leistungsprinzip-zerstoert/aed7e9e0-a7c6-4ab2-968c-74e9655a90c4,/wirtschaft,/articles/deutschlands-wirtschaft-leidet-unter-einem-fuehrungsproblem-wie-linke-ideologie-das-leistungsprinzip-zerstoert/aed7e9e0-a7c6-4ab2-968c-74e9655a90c4,"{'big_1x': 'https://api.nius.de/api/assets/office-hr/048ee754-ac9b-4db9-b7aa-7d5aefc2d1f0?width=1400&height=1000&mode=CropUpsize', 'big_2x': 'https://api.nius.de/api/assets/office-hr/048ee754-ac9b-4db9-b7aa-7d5aefc2d1f0?width=2000&height=1500&mode=CropUpsize', 'medium': 'https://api.nius.de/api/assets/office-hr/048ee754-ac9b-4db9-b7aa-7d5aefc2d1f0?width=800&height=600&mode=CropUpsize', 'small': 'https://api.nius.de/api/assets/office-hr/048ee754-ac9b-4db9-b7aa-7d5aefc2d1f0?width=400&height=300&mode=CropUpsize', 'portrait_1x': 'https://api.nius.de/api/assets/office-hr/048ee754-ac9b-4db9-b7aa-7d5aefc2d1f0?width=375&height=500&mode=CropUpsize', 'portrait_2x': 'https://api.nius.de/api/assets/office-hr/048ee754-ac9b-4db9-b7aa-7d5aefc2d1f0?width=750&height=1000&mode=CropUpsize', 'original': 'https://api.nius.de/api/assets/office-hr/048ee754-ac9b-4db9-b7aa-7d5aefc2d1f0', 'title': '', 'id': '048ee754-ac9b-4db9-b7aa-7d5aefc2d1f0'}",[],,['Wirtschaft'],deutschlands-wirtschaft-leidet-unter-einem-fuehrungsproblem-wie-linke-ideologie-das-leistungsprinzip-zerstoert,2025-07-12T22:53:35Z,2025-05-26T08:36:03Z,2025-05-27 04:14:52.719000+00:00,System Teaser,"[{'id': '6703ef9ff85259b1f2b2a90b', 'email': 'andreas.moring@vius.com', 'name': 'Andreas Moring', 'active': True, 'permissions': [], 'slug': 'andreas-moring', 'firstName': '', 'authorSlug': 'andreas-moring', 'lastName': '', 'role': 'ADMIN', 'bio': '', 'profileImage': {'big_1x': 'https://api.nius.de/api/users/6703ef9ff85259b1f2b2a90b/picture', 'big_2x': 'https://api.nius.de/api/users/6703ef9ff85259b1f2b2a90b/picture', 'medium': 'https://api.nius.de/api/users/6703ef9ff85259b1f2b2a90b/picture', 'small': 'https://api.nius.de/api/users/6703ef9ff85259b1f2b2a90b/picture', 'portrait_1x': 'https://api.nius.de/api/users/6703ef9ff85259b1f2b2a90b/picture', 'portrait_2x': 'https://api.nius.de/api/users/6703ef9ff85259b1f2b2a90b/picture', 'original': 'https://api.nius.de/api/users/6703ef9ff85259b1f2b2a90b/picture', 'title': '', 'id': '6703ef9ff85259b1f2b2a90b'}}]","{'big_1x': 'https://api.nius.de/api/assets/office-hr/971c6582-4e41-431a-b62d-563952f831b7?width=1400&height=1000&mode=CropUpsize', 'big_2x': 'https://api.nius.de/api/assets/office-hr/971c6582-4e41-431a-b62d-563952f831b7?width=2000&height=1500&mode=CropUpsize', 'medium': 'https://api.nius.de/api/assets/office-hr/971c6582-4e41-431a-b62d-563952f831b7?width=800&height=600&mode=CropUpsize', 'small': 'https://api.nius.de/api/assets/office-hr/971c6582-4e41-431a-b62d-563952f831b7?width=400&height=300&mode=CropUpsize', 'portrait_1x': 'https://api.nius.de/api/assets/office-hr/971c6582-4e41-431a-b62d-563952f831b7?width=375&height=500&mode=CropUpsize', 'portrait_2x': 'https://api.nius.de/api/assets/office-hr/971c6582-4e41-431a-b62d-563952f831b7?width=750&height=1000&mode=CropUpsize', 'original': 'https://api.nius.de/api/assets/office-hr/971c6582-4e41-431a-b62d-563952f831b7', 'title': '', 'id': '971c6582-4e41-431a-b62d-563952f831b7'}",,False,False,[],True,"{'title': 'Deutschlands Wirtschaft leidet unter einem Führungsproblem: Wie linke Ideologie das Leistungsprinzip zerstört', 'description': 'CDU-Generalsekretär Carsten Linnemann und auch CDU-Kanzler Merz haben die Deutschen in den letzten Tagen aufgerufen „mehr Einsatz zur Erhaltung des Wohlstands“ zu zeigen. ', 'image': 'https://api.nius.de/api/assets/office-hr/048ee754-ac9b-4db9-b7aa-7d5aefc2d1f0/aed7e9e0-a7c6-4ab2-968c-74e9655a90c4.jpg', 'locale': 'office-hr', 'url': None, 'publishedAt': '2025-05-26T08:36:03Z', 'modifiedAt': '2025-05-27T04:14:52.719Z', 'author': None, 'category': 'Wirtschaft', 'tags': []}",https://www.nius.de/wirtschaft/news/deutschlands-wirtschaft-leidet-unter-einem-fuehrungsproblem-wie-linke-ideologie-das-leistungsprinzip-zerstoert/aed7e9e0-a7c6-4ab2-968c-74e9655a90c4,2025-05-27,"# Deutschlands Wirtschaft leidet unter einem Führungsproblem: Wie linke Ideologie das Leistungsprinzip zerstört

Führung, Zielvorgaben und klare Leistungserwartungen sind also etwas Schlechtes. Und das beginnt nicht erst im Arbeitsleben, sondern bereits in der Schule. Vor allen Dingen rot-grüne Regierungen in den Bundesländern, aber nicht nur diese, haben Schulnoten den Kampf angesagt, weil sie Leistung bewerten und gegen einen Führungs- und Auswahlmechanismus in der Schule sind. Gleiches gilt auch für Auszeichnungen und Wettbewerbe wie etwa die Bundesjugendspiele, bei denen es auch keine Platzierungen mehr geben soll. Denn Leistung und Leistungsträger, also „Anführer“ in bestimmten Kompetenzen und Disziplinen, seien grundsätzlich negativ und würden nur diskriminieren. In den letzten Jahren ist diese Ideologie auch in Unternehmen und bei Beratungsgesellschaften und „Job-Influencern“ angekommen, sodass „Balance“, „Happiness“, „Feel-Good-Manager“ und „Me-Time“ als großartige Trends gehypt wurden und Führung und Leistung als ein Überbleibsel der längst überwundenen Industriegesellschaft galten."
2effeeb9-15be-4b71-a3cf-34597f90d81f,Kopftuch und Turban: In diesen Bundesländern dürfen Polizisten religiöse Kopfbedeckung tragen,<span>Kopftuch und Turban: In diesen Bundesländern dürfen Polizisten religiöse Kopfbedeckung tragen</span>,,/gesellschaft/news/kopftuch-turban-polizisten/2effeeb9-15be-4b71-a3cf-34597f90d81f,/gesellschaft,/articles/kopftuch-turban-polizisten/2effeeb9-15be-4b71-a3cf-34597f90d81f,"{'big_1x': 'https://api.nius.de/api/assets/office-hr/0ff7829f-1c7c-4f05-967e-cc46500b4b16?width=1400&height=1000&mode=CropUpsize', 'big_2x': 'https://api.nius.de/api/assets/office-hr/0ff7829f-1c7c-4f05-967e-cc46500b4b16?width=2000&height=1500&mode=CropUpsize', 'medium': 'https://api.nius.de/api/assets/office-hr/0ff7829f-1c7c-4f05-967e-cc46500b4b16?width=800&height=600&mode=CropUpsize', 'small': 'https://api.nius.de/api/assets/office-hr/0ff7829f-1c7c-4f05-967e-cc46500b4b16?width=400&height=300&mode=CropUpsize', 'portrait_1x': 'https://api.nius.de/api/assets/office-hr/0ff7829f-1c7c-4f05-967e-cc46500b4b16?width=375&height=500&mode=CropUpsize', 'portrait_2x': 'https://api.nius.de/api/assets/office-hr/0ff7829f-1c7c-4f05-967e-cc46500b4b16?width=750&height=1000&mode=CropUpsize', 'original': 'https://api.nius.de/api/assets/office-hr/0ff7829f-1c7c-4f05-967e-cc46500b4b16', 'title': '', 'id': '0ff7829f-1c7c-4f05-967e-cc46500b4b16'}",[],,['Gesellschaft'],kopftuch-turban-polizisten,2025-07-12T22:41:11Z,2025-05-26T09:41:20Z,2025-05-27 04:54:23.088000+00:00,System Teaser,"[{'id': '644a4373f03076c588c3dad5', 'email': 'janina.lionello@vius.com', 'name': 'Janina Lionello', 'active': True, 'permissions': [], 'slug': 'janina-lionello', 'firstName': '', 'authorSlug': 'janina-lionello', 'lastName': '', 'role': 'ADMIN', 'bio': '', 'profileImage': {'big_1x': 'https://api.nius.de/api/users/644a4373f03076c588c3dad5/picture', 'big_2x': 'https://api.nius.de/api/users/644a4373f03076c588c3dad5/picture', 'medium': 'https://api.nius.de/api/users/644a4373f03076c588c3dad5/picture', 'small': 'https://api.nius.de/api/users/644a4373f03076c588c3dad5/picture', 'portrait_1x': 'https://api.nius.de/api/users/644a4373f03076c588c3dad5/picture', 'portrait_2x': 'https://api.nius.de/api/users/644a4373f03076c588c3dad5/picture', 'original': 'https://api.nius.de/api/users/644a4373f03076c588c3dad5/picture', 'title': '', 'id': '644a4373f03076c588c3dad5'}}]","{'big_1x': 'https://api.nius.de/api/assets/office-hr/381ae162-24a4-4aad-bd31-6bd3ae04cfb1?width=1400&height=1000&mode=CropUpsize', 'big_2x': 'https://api.nius.de/api/assets/office-hr/381ae162-24a4-4aad-bd31-6bd3ae04cfb1?width=2000&height=1500&mode=CropUpsize', 'medium': 'https://api.nius.de/api/assets/office-hr/381ae162-24a4-4aad-bd31-6bd3ae04cfb1?width=800&height=600&mode=CropUpsize', 'small': 'https://api.nius.de/api/assets/office-hr/381ae162-24a4-4aad-bd31-6bd3ae04cfb1?width=400&height=300&mode=CropUpsize', 'portrait_1x': 'https://api.nius.de/api/assets/office-hr/381ae162-24a4-4aad-bd31-6bd3ae04cfb1?width=375&height=500&mode=CropUpsize', 'portrait_2x': 'https://api.nius.de/api/assets/office-hr/381ae162-24a4-4aad-bd31-6bd3ae04cfb1?width=750&height=1000&mode=CropUpsize', 'original': 'https://api.nius.de/api/assets/office-hr/381ae162-24a4-4aad-bd31-6bd3ae04cfb1', 'title': '', 'id': '381ae162-24a4-4aad-bd31-6bd3ae04cfb1'}",,False,False,[],True,"{'title': 'Kopftuch und Turban: In diesen Bundesländern dürfen Polizisten religiöse Kopfbedeckung tragen', 'description': 'In einigen Bundesländern ist es Polizeibeamten inzwischen erlaubt, religiöse Kopfbedeckungen wie einen Turban oder ein Kopftuch zu tragen.', 'image': 'https://api.nius.de/api/assets/office-hr/0ff7829f-1c7c-4f05-967e-cc46500b4b16/2effeeb9-15be-4b71-a3cf-34597f90d81f.jpg', 'locale': 'office-hr', 'url': None, 'publishedAt': '2025-05-26T09:41:20Z', 'modifiedAt': '2025-05-27T04:54:23.088Z', 'author': None, 'category': 'Gesellschaft', 'tags': []}",https://www.nius.de/gesellschaft/news/kopftuch-turban-polizisten/2effeeb9-15be-4b71-a3cf-34597f90d81f,2025-05-27,"# Kopftuch und Turban: In diesen Bundesländern dürfen Polizisten religiöse Kopfbedeckung tragen

In einigen Bundesländern ist es Polizeibeamten inzwischen erlaubt, religiöse Kopfbedeckungen wie einen Turban oder ein Kopftuch zu tragen.
Gerade Polizeibeamte sollten im Dienst besonders darauf achten, als objektive Instanz zu agieren. In ihrem Arbeitsalltag müssen sie Konflikte schlichten, zwischen verfeindeten Parteien vermitteln und als neutrale Autorität des demokratischen Rechtsstaates wahrgenommen und respektiert werden.
Das Neutralitätsgesetz legt fest, dass weder politische noch religiöse Überzeugungen zur Schau gestellt werden sollten. Doch in puncto „religiöse Überzeugungen“ werden zunehmend Abstriche gemacht.
Vor kurzem zeigte die Sendung „Buten un Binnen“ von Radio Bremen, einer öffentlich-rechtlichen Rundfunkanstalt und Mitglied der ARD, einen Beitrag über neue Polizeianwärter in Bremen. Darin zu sehen: ein junger, freundlich lächelnder Polizist mit einem Turban. Doch: Ist diese Kopfbedeckung mit dem Neutralitätsgebot vereinbar?

## In Bremen dürfen Polizisten Kopftuch und Turban tragen

Eine Sprecherin des Innensenators bestätigte auf NIUS-Anfrage: Ja, das Tragen des Turbans ist Polizisten grundsätzlich erlaubt. Ebenso ist das Tragen eines religiösen Kopftuchs gestattet.
In der Antwort heißt es weiter: „Wir haben erstmals eine Situation in unserer Polizeiausbildung, die sowohl die Religionsfreiheit als auch die Grundsätze staatlicher Neutralität betrifft. Derzeit absolviert ein Anwärter bei der Polizei Bremen seine Ausbildung, der aus religiösen Gründen einen Turban trägt. Diese Kopfbedeckung ist Ausdruck seiner religiösen Überzeugung und wird von ihm auch während der praktischen Ausbildung getragen. Wir respektieren die Religionsfreiheit aller unserer Mitarbeiterinnen und Mitarbeiter und stehen für eine vielfältige Polizei, die unsere Gesellschaft widerspiegelt.“
Demonstranten und Polizisten stehen vor einer Propalästinensischen Demonstration auf dem Königsplatz.
Gleichzeitig, so heißt es weiter, sei das Tragen religiöser Kopfbedeckungen „aus praktischen Gründen und zum Schutz der eigenen Sicherheit bereits jetzt in verschiedenen Einsatzsituationen nicht möglich, etwa, wenn Helm oder Atemschutz getragen werden müssen.“ Aktuell befinde sich eine Rechtsverordnung des Senators für Inneres und Sport in der Abstimmung, die das Tragen religiöser Kopfbedeckungen im Polizeidienst künftig regeln soll.
NIUS hat auch bei den Innenministerien der restlichen 15 Bundesländer nachgefragt: Dürfen die dortigen Beamten im Dienst religiöse Kopfbedeckungen tragen?
Von folgenden Ministerien haben wir Antwort erhalten.

## Religiöse Kleidungsstücke „grundsätzlich zulässig“

Saarland:
„Ob religiöse Symbole im Dienst getragen werden dürfen, hängt im Einzelfall insbesondere davon ab, in welcher Form bzw. Ausgestaltung die religiösen Symbole getragen werden. Handelt es sich bei den religiösen Symbolen um Bekleidungsstücke (z. B. Turban/Dastar, Kippa, Kopftuch), sind diese – sofern nicht das Gesicht verdeckt wird – grundsätzlich zulässig. Handelt es sich bei den religiösen Symbolen um eine Art Schmuck, ist Ziffer 5.3.1 der Dienstkleidungsvorschrift zu beachten. Danach soll zur Uniform grundsätzlich kein sichtbarer Körperschmuck getragen werden. Gegen dezenten Schmuck ist grundsätzlich dann nichts einzuwenden, wenn das Tragen nicht zu einer erhöhten Eigen- oder Fremdgefährdung führen kann und die Ausgestaltung und das Motiv des Schmucks einem angemessenen äußeren Erscheinungsbild der Polizistin bzw. des Polizisten nicht entgegenstehen. Handelt es sich um Hautzeichnungen (z. B. Tätowierungen, Tilaka), dürfen diese nach Ziffer 5.3.3 der Dienstkleidungsvorschrift unabhängig von einem religiösen Kontext im Dienst nicht sichtbar sein.“
Schleswig-Holstein: 
Hier gibt es laut Sprecherin bislang keine Regelungen, die ausschließlich für den Polizeivollzugsdienst gelten. Allgemein gelte für Beamte des Landes Schleswig-Holstein, dass „religiös oder weltanschaulich konnotierte Merkmale des Erscheinungsbilds eingeschränkt oder untersagt werden können, wenn sie objektiv geeignet sind, das Vertrauen in die neutrale Amtsführung der Beamtin oder des Beamten zu beeinträchtigen.“ Allerdings heißt es weiter: „Diese Regelungen enthalten kein grundsätzliches Pauschalverbot für religiöse oder weltanschauliche Symbole, sondern lassen Einzelfallentscheidungen zu, in denen die Dienstbehörde danach differenzieren kann, in welcher Funktion und in welchem Aufgabenbereich die Beamtin oder der Beamte auftritt.“
Rheinland-Pfalz:
„Ein generelles Verbot des Tragens eines Kopftuchs besteht bei der Polizei Rheinland-Pfalz nicht. Vielmehr ist im Einzelfall insbesondere mit Blick auf die konkrete Verwendung der Mitarbeitenden eine Abwägung zwischen dem Neutralitätsgebot, den sicherheitsrelevanten Erfordernissen und den individuellen Grundrechten der Bewerberinnen und Bewerber vorzunehmen. Der Zugang zum öffentlichen Dienst in Rheinland-Pfalz erfolgt diskriminierungsfrei und im Einklang mit den verfassungsrechtlichen Vorgaben.“
Allerdings stünden dem Tragen eines Kopftuchs im Außendienst sicherheitsrelevante Aspekte entgegen: „Ein Kopftuch könnte bspw. vom polizeilichen Gegenüber dafür genutzt werden, um einen Würgegriff anzusetzen. So werden bei der Uniform auch sog. Clip-Krawatten verwendet, um Eigensicherungsrisiken – wie etwa das Strangulieren an einer herkömmlichen Krawatte – zu vermeiden. Das Kopftuch kann sowohl die erforderliche einheitliche Wirkung der Polizeiuniform beeinträchtigen als auch im Einsatz eine erhöhte Individualisierungswirkung entfalten. Gerade bei eskalativen Einsätzen besteht die Gefahr, dass eine Polizeibeamtin mit Kopftuch aufgrund dieser Individualisierung verstärkt in den Fokus von Störern gerät und somit einem erhöhten Risiko ausgesetzt ist.“
Nordrhein-Westfalen:
„Grundsätzlich ist es möglich, dass Musliminnen in Polizeibehörden im Dienst mit Kopftuch tätig sind, jedoch nicht in der Aufgabe als Polizeivollzugsbeamtinnen.“
Sachsen-Anhalt:
„Die Bestimmungen über den Dienstanzug der Polizei regeln, welche Bekleidungsstücke zur Uniform gehören. Eine Ergänzung um individuelle bzw. private Kleidung, die die Einheitlichkeit und den Zweck der Uniform (Legitimation, Neutralität, Sicherheit) infrage stellt, ist grundsätzlich nicht vorgesehen und kann nach Maßgabe des § 34 Abs. 2 Beamtenstatusgesetz (BeamtStG) unter Berücksichtigung der Umstände des Einzelfalls eingeschränkt oder untersagt werden.“

## In diesen Ländern ist das Kopftuch grundsätzlich verboten:

Berlin:
„Alle Mitarbeiterinnen und Mitarbeiter der Polizei Berlin dürfen ausschließlich dienstlich zur Verfügung gestellte Kopfbedeckungen tragen. Diese sind die Schirmmütze, das Barett, das Base-Cap, die Wintermütze oder die entsprechenden Einsatzhelme.“
Baden-Württemberg: 
„Die Polizeibeamtinnen und Polizeibeamten des Landes Baden-Württemberg sind verpflichtet, im Dienst ein neutrales äußeres Erscheinungsbild zu wahren. Durch das Neutralitätsgebot, das im Beamtenstatusgesetz geregelt ist, dürfen Polizistinnen und Polizisten keine religiösen Symbole sichtbar im Dienst tragen.“
Hessen:
„Das Tragen von religiösen Symbolen während des Dienstes ist nicht gestattet. Polizeibedienstete haben sich im Dienst politisch, weltanschaulich und religiös neutral zu verhalten.“
Hamburg: 
„Momentan ist es nicht möglich, während der Dienstausübung eine religiöse Kopfbedeckung zu tragen.“
Für den uniformierten Dienst gelten in Bayern strenge Anzugsbestimmungen als Dienstvorschrift.
Bayern: 
„Das Tragen eines Kopftuchs ist objektiv geeignet, das Vertrauen in die neutrale Amtsführung der Beamtin oder des Beamten zu beeinträchtigen, da dies Zweifel an der Unabhängigkeit, Neutralität oder ausschließlichen Bindung an Recht und Gesetz hervorrufen könnte. Dies würde der Pflicht des Staates zu weltanschaulich religiöser Neutralität widersprechen. Diese Neutralitätspflicht lässt sich aus dem Beamtenstatusgesetz ableiten. Ferner gelten bei der Bayerischen Polizei für den uniformierten Dienst die ‚Anzugsbestimmungen für die Bayerischen Polizei‘ als Dienstvorschrift. Danach ist im Außendienst grundsätzlich eine Kopfbedeckung zu tragen. Die Uniformteile sind aber abschließend aufgezählt. Damit ist das Tragen einer religiösen Kopfbedeckung im uniformierten Dienst nicht erlaubt.“
Niedersachsen: 
„Aufgrund der bestehenden Regelungen zum Tragen von Dienstkleidung ist es in Niedersachsen für Beamtinnen der Schutz- und Wasserschutzpolizei grundsätzlich nicht möglich, den Dienst mit privaten Kopfbedeckungen/ Kopftüchern zu versehen, dies gilt auch, wenn sie der Religionsausübung dienen.“
Sachsen: 
„Beamten der Sächsischen Polizei sind im Dienst nur dienstlich gelieferte Kleidungsstücke nach VwV Erscheinungsbild Polizei Sachsen gestattet. Grundlage dafür ist § 74 Sächsisches Beamtengesetz, womit der Gesetzgeber den Zweck verfolgt, die Neutralität der Amtsträger zu gewährleisten.“
Mecklenburg-Vorpommern:
In Mecklenburg-Vorpommern ist das Tragen einer religiösen Kopfbedeckung nicht gestattet.
Mehr NIUS:
Polizeigewerkschafts-Boss Wendt zur Regenbogenflagge: „Vertrauen in die Polizei wird als politische Bühne missbraucht“"
128cebd5-76c7-4a3f-a0a9-b5813b0e15fd,Das war NIUS Live am Dienstag: Riesen Renten-Debatte,<span>Das war NIUS Live am Dienstag: Riesen Renten-Debatte</span>,,/nius-live/news/das-war-nius-live-am-dienstag-riesen-renten-debatte/128cebd5-76c7-4a3f-a0a9-b5813b0e15fd,/nius-live,/articles/das-war-nius-live-am-dienstag-riesen-renten-debatte/128cebd5-76c7-4a3f-a0a9-b5813b0e15fd,"{'big_1x': 'https://api.nius.de/api/assets/office-hr/d1f4c319-272a-4a47-9502-2ed3592bf011?width=1400&height=1000&mode=CropUpsize', 'big_2x': 'https://api.nius.de/api/assets/office-hr/d1f4c319-272a-4a47-9502-2ed3592bf011?width=2000&height=1500&mode=CropUpsize', 'medium': 'https://api.nius.de/api/assets/office-hr/d1f4c319-272a-4a47-9502-2ed3592bf011?width=800&height=600&mode=CropUpsize', 'small': 'https://api.nius.de/api/assets/office-hr/d1f4c319-272a-4a47-9502-2ed3592bf011?width=400&height=300&mode=CropUpsize', 'portrait_1x': 'https://api.nius.de/api/assets/office-hr/d1f4c319-272a-4a47-9502-2ed3592bf011?width=375&height=500&mode=CropUpsize', 'portrait_2x': 'https://api.nius.de/api/assets/office-hr/d1f4c319-272a-4a47-9502-2ed3592bf011?width=750&height=1000&mode=CropUpsize', 'original': 'https://api.nius.de/api/assets/office-hr/d1f4c319-272a-4a47-9502-2ed3592bf011', 'title': '', 'id': 'd1f4c319-272a-4a47-9502-2ed3592bf011'}",[],,['NIUS Live'],das-war-nius-live-am-dienstag-riesen-renten-debatte,2025-05-27T07:02:31Z,2025-05-27T05:55:04Z,2025-05-27 05:58:51.474000+00:00,,"[{'id': '644f639cf03076c588c404f5', 'email': 'redaktion@nius.de', 'name': 'Redaktion', 'active': True, 'permissions': [], 'slug': 'redaktion', 'firstName': '', 'authorSlug': 'redaktion', 'lastName': '', 'role': 'ADMIN', 'bio': '', 'profileImage': {'big_1x': 'https://api.nius.de/api/users/644f639cf03076c588c404f5/picture', 'big_2x': 'https://api.nius.de/api/users/644f639cf03076c588c404f5/picture', 'medium': 'https://api.nius.de/api/users/644f639cf03076c588c404f5/picture', 'small': 'https://api.nius.de/api/users/644f639cf03076c588c404f5/picture', 'portrait_1x': 'https://api.nius.de/api/users/644f639cf03076c588c404f5/picture', 'portrait_2x': 'https://api.nius.de/api/users/644f639cf03076c588c404f5/picture', 'original': 'https://api.nius.de/api/users/644f639cf03076c588c404f5/picture', 'title': '', 'id': '644f639cf03076c588c404f5'}}]","{'big_1x': 'https://api.nius.de/api/assets/office-hr/a79842e0-4fd6-4f56-a94f-b73773512ed1?width=1400&height=1000&mode=CropUpsize', 'big_2x': 'https://api.nius.de/api/assets/office-hr/a79842e0-4fd6-4f56-a94f-b73773512ed1?width=2000&height=1500&mode=CropUpsize', 'medium': 'https://api.nius.de/api/assets/office-hr/a79842e0-4fd6-4f56-a94f-b73773512ed1?width=800&height=600&mode=CropUpsize', 'small': 'https://api.nius.de/api/assets/office-hr/a79842e0-4fd6-4f56-a94f-b73773512ed1?width=400&height=300&mode=CropUpsize', 'portrait_1x': 'https://api.nius.de/api/assets/office-hr/a79842e0-4fd6-4f56-a94f-b73773512ed1?width=375&height=500&mode=CropUpsize', 'portrait_2x': 'https://api.nius.de/api/assets/office-hr/a79842e0-4fd6-4f56-a94f-b73773512ed1?width=750&height=1000&mode=CropUpsize', 'original': 'https://api.nius.de/api/assets/office-hr/a79842e0-4fd6-4f56-a94f-b73773512ed1', 'title': '', 'id': 'a79842e0-4fd6-4f56-a94f-b73773512ed1'}",,False,False,[],True,"{'title': 'Das war NIUS Live am Dienstag: Riesen Renten-Debatte', 'description': 'Das war NIUS Live am Dienstag: Riesen Renten-Debatte', 'image': 'https://api.nius.de/api/assets/office-hr/b7971d9a-b89f-4bf9-bfd4-4e1cf46d5b61/128cebd5-76c7-4a3f-a0a9-b5813b0e15fd.jpg', 'locale': 'office-hr', 'url': None, 'publishedAt': '2025-05-27T05:55:04Z', 'modifiedAt': '2025-05-27T05:58:51.474Z', 'author': None, 'category': 'NIUS Live', 'tags': []}",https://www.nius.de/nius-live/news/das-war-nius-live-am-dienstag-riesen-renten-debatte/128cebd5-76c7-4a3f-a0a9-b5813b0e15fd,2025-05-27,"# Das war NIUS Live am Dienstag: Riesen Renten-Debatte

Ein neuer Dienstag mit NIUS Live! Heute begrüßte Moderator Philippe Fischer Autorin Birgit Kelle und NIUS-Autor Alexander Kissler im NIUS Live-Radiostudio.
Die Themen des Tages:
Wir freuen uns über zahlreiche Kommentare, schreiben Sie uns einfach während der Sendung!
NIUS Live sendet für Sie montags bis freitags von 7 Uhr bis 9 Uhr. Hier geht's direkt zur Aufzeichnung der Sendung:"
b95d7ca3-bc48-42f9-a8a3-c688702d8320,Der Renten-Bluff der CDU ist eine verschleierte Migrationsabgabe,<span>Der Renten-Bluff der CDU ist eine verschleierte Migrationsabgabe</span>,,/kissler-kompakt/news/der-renten-bluff-der-cdu-ist-eine-verschleierte-migrationsabgabe/b95d7ca3-bc48-42f9-a8a3-c688702d8320,/kissler-kompakt,/articles/der-renten-bluff-der-cdu-ist-eine-verschleierte-migrationsabgabe/b95d7ca3-bc48-42f9-a8a3-c688702d8320,"{'big_1x': 'https://api.nius.de/api/assets/office-hr/0ef0ceeb-f9ef-4018-9504-da5f308826f2?width=1400&height=1000&mode=CropUpsize', 'big_2x': 'https://api.nius.de/api/assets/office-hr/0ef0ceeb-f9ef-4018-9504-da5f308826f2?width=2000&height=1500&mode=CropUpsize', 'medium': 'https://api.nius.de/api/assets/office-hr/0ef0ceeb-f9ef-4018-9504-da5f308826f2?width=800&height=600&mode=CropUpsize', 'small': 'https://api.nius.de/api/assets/office-hr/0ef0ceeb-f9ef-4018-9504-da5f308826f2?width=400&height=300&mode=CropUpsize', 'portrait_1x': 'https://api.nius.de/api/assets/office-hr/0ef0ceeb-f9ef-4018-9504-da5f308826f2?width=375&height=500&mode=CropUpsize', 'portrait_2x': 'https://api.nius.de/api/assets/office-hr/0ef0ceeb-f9ef-4018-9504-da5f308826f2?width=750&height=1000&mode=CropUpsize', 'original': 'https://api.nius.de/api/assets/office-hr/0ef0ceeb-f9ef-4018-9504-da5f308826f2', 'title': '', 'id': '0ef0ceeb-f9ef-4018-9504-da5f308826f2'}",[],,['Kissler Kompakt'],der-renten-bluff-der-cdu-ist-eine-verschleierte-migrationsabgabe,2025-07-12T22:53:14Z,2025-05-26T16:51:07Z,2025-05-27 06:35:39.442000+00:00,System Teaser,"[{'id': '66fbf613d17b67012ce55a6e', 'email': 'alexander.kissler@vius.com', 'name': 'Alexander Kissler', 'active': True, 'permissions': [], 'slug': 'alexander-kissler', 'firstName': '', 'authorSlug': 'alexander-kissler', 'lastName': '', 'role': 'ADMIN', 'bio': '', 'profileImage': {'big_1x': 'https://api.nius.de/api/users/66fbf613d17b67012ce55a6e/picture', 'big_2x': 'https://api.nius.de/api/users/66fbf613d17b67012ce55a6e/picture', 'medium': 'https://api.nius.de/api/users/66fbf613d17b67012ce55a6e/picture', 'small': 'https://api.nius.de/api/users/66fbf613d17b67012ce55a6e/picture', 'portrait_1x': 'https://api.nius.de/api/users/66fbf613d17b67012ce55a6e/picture', 'portrait_2x': 'https://api.nius.de/api/users/66fbf613d17b67012ce55a6e/picture', 'original': 'https://api.nius.de/api/users/66fbf613d17b67012ce55a6e/picture', 'title': '', 'id': '66fbf613d17b67012ce55a6e'}}]","{'big_1x': 'https://api.nius.de/api/assets/office-hr/9d990f71-a1da-4e9a-b1e5-256d5300af77?width=1400&height=1000&mode=CropUpsize', 'big_2x': 'https://api.nius.de/api/assets/office-hr/9d990f71-a1da-4e9a-b1e5-256d5300af77?width=2000&height=1500&mode=CropUpsize', 'medium': 'https://api.nius.de/api/assets/office-hr/9d990f71-a1da-4e9a-b1e5-256d5300af77?width=800&height=600&mode=CropUpsize', 'small': 'https://api.nius.de/api/assets/office-hr/9d990f71-a1da-4e9a-b1e5-256d5300af77?width=400&height=300&mode=CropUpsize', 'portrait_1x': 'https://api.nius.de/api/assets/office-hr/9d990f71-a1da-4e9a-b1e5-256d5300af77?width=375&height=500&mode=CropUpsize', 'portrait_2x': 'https://api.nius.de/api/assets/office-hr/9d990f71-a1da-4e9a-b1e5-256d5300af77?width=750&height=1000&mode=CropUpsize', 'original': 'https://api.nius.de/api/assets/office-hr/9d990f71-a1da-4e9a-b1e5-256d5300af77', 'title': '', 'id': '9d990f71-a1da-4e9a-b1e5-256d5300af77'}",,False,False,[],True,"{'title': 'Der Renten-Bluff der CDU ist eine verschleierte Migrationsabgabe', 'description': 'Geht es nach der CDU, sollen Rentner länger arbeiten. Verschwiegen wird, dass damit der Sozialstaat finanziert werden soll. Dieser gerät auch wegen einer gescheiterten Migrationspolitik aus dem Ruder.', 'image': 'https://api.nius.de/api/assets/office-hr/0ef0ceeb-f9ef-4018-9504-da5f308826f2/b95d7ca3-bc48-42f9-a8a3-c688702d8320.jpg', 'locale': 'office-hr', 'url': None, 'publishedAt': '2025-05-26T16:51:07Z', 'modifiedAt': '2025-05-27T06:35:39.442Z', 'author': None, 'category': 'Kissler Kompakt', 'tags': []}",https://www.nius.de/kissler-kompakt/news/der-renten-bluff-der-cdu-ist-eine-verschleierte-migrationsabgabe/b95d7ca3-bc48-42f9-a8a3-c688702d8320,2025-05-27,"# Der Renten-Bluff der CDU ist eine verschleierte Migrationsabgabe

Das deutsche Willkommens-Märchen ist bald zehn Jahre alt. Im Spätsommer des Jahres 2015 standen viele Deutsche applaudierend an Bahnsteigen und hießen Flüchtlinge willkommen. Die Kanzlerin sagte, die Bundesrepublik habe ihr freundliches Gesicht gezeigt. Am Ende des Jahres waren rund eine Million Asylmigranten eingewandert, Hauptherkunftsland war Syrien.
Die aktuelle Folge „Kissler Kompakt“ sehen Sie hier:

## Flüchtlinge, die nicht fliehen mussten

Neben humanitären wurden ökonomische Gründe ins Feld geführt: Die Flüchtlinge, hieß es, würden bald die Renten der Einheimischen bezahlen. Davon ist bisher nichts zu merken. Das Gegenteil scheint wahr zu werden: Rentner sollen länger arbeiten, damit das Sozialsystem weiterhin auch Asylmigranten zur Verfügung steht.
Die Verwirrung ist komplett. Wenig blieb vom Willkommens-Märchen. Schon die Begriffe passen nicht mehr. Wenn weiterhin von Geflüchteten oder Schutzsuchenden gesprochen wird, erhebt die Vergangenheit verklärend ihr Haupt. Wer an Deutschlands Pforten klopft und von weither kommt, hat zuvor bereits in Europa Schutz gefunden – etwa in Griechenland, Polen oder Österreich – und muss nicht fliehen.
Es sind Deutschlandsuchende, Sozialstaatssuchende, Bürgergeldsuchende, die als Asylbewerber um Aufnahme bitten. Aktuell, teilt die Süddeutsche Zeitung mit, leben knapp dreieinhalb Millionen Ausländer hier, die als sogenannte Flüchtlinge ins Land kamen. Die SZ ergänzt: „Nach ersten Zahlen aus Städten und Landkreisen gab es 2024 so viele Einbürgerungen wie nie zuvor.“

## Merkel dankbar sein?

Müsste es angesichts dieser Zahlen nicht fabelhaft um die deutschen Sicherungssysteme bestellt sein? Genau das wurde uns 2015 versprochen: „In zehn Jahren wird man einer Kanzlerin Merkel dankbar sein“, verkündete ein Migrationsforscher namens Rainer Bauböck. Merkels Grenzöffnung sei „zum Vorteil des Wirtschaftsstandorts Deutschland“.
Wenig später ergänzte der linke Ökonom Marcel Fratzscher: „Viele der Geflüchteten werden die Renten der Babyboomer zahlen.“ Fratzscher machte seinem Ruf als Deutschlands bester Kontraindikator damit alle Ehre. Und Fratzscher legte nach.
Fratzscher sagte im März 2016: In allerspätestens sieben Jahren würden Flüchtlinge mehr erwirtschaften, als sie Staat und Steuerzahler kosten. Das hätte spätestens 2023 der Fall sein müssen. Wir warten noch heute darauf und werden vermutlich noch lange warten müssen.
Der Norddeutsche Rundfunk errechnete im vergangenen September: Nur jeder dritte sogenannte „Schutzsuchende“ habe einen Job – und sei es ein Minijob. Gleichzeitig gibt es trotz aller Zuwanderung aktuell rund 650.000 offene Stellen. Und der „Anteil der Menschen mit Migrationshintergrund und mit einer erst kurzen Aufenthaltsdauer in Deutschland beim Bürgergeld steigt stetig“. So formuliert es der Unions-Fraktionsvorsitzende Jens Spahn.

## Rentner sollen länger arbeiten

Kein Halten scheint es auch zu geben bei der Ausweitung der staatlichen Sozialausgaben. Diese wuchsen auf das Rekordvolumen von 1,25 Billionen Euro.
Die Asylmigration der vergangenen zehn Jahre ist für Deutschland ein Minusgeschäft. Dazu tragen gewiss auch die Restriktionen des Arbeitsmarktes bei. Vor allem aber lockt ein Sozialstaat, der seine Grenzen kaum schützt, Sozialstaatsprofiteure an.
Wenn in dieser Situation die CDU Rentner ermuntert, länger zu arbeiten, ist das eine Frechheit. Der Sozialstaat pfeift aus dem letzten Loch, weil er seine Leistungen an immer mehr Menschen ausschüttet. Rentner sollen dazu beitragen, die Löcher zu stopfen.
Vor der Wahl sagte die Union, der Staat habe kein Einnahmen-, sondern ein Ausgabenproblem. Nun sagt der CDU-Generalsekretär Carsten Linnemann: Der Staat braucht mehr Einnahmen durch länger arbeitende Menschen. Umgekehrt wird ein Schuh draus: Der Staat sollte den Kreis der Anspruchsberechtigten reduzieren. Auch und gerade bei jenen, die angeblich mehr als Gold im Gepäck haben.
Der SPD-Vorsitzende Martin Schulz ist längst Geschichte. Seine Aussage, mit den Asylmigranten kehre der Glaube an Europa nach Europa zurück, ist heute so aberwitzig wie damals. Ein Staat, der sich ausnutzen lässt, wird ausgenutzt. Ein solcher Staat handelt nicht moralisch, sondern dumm. Und lässt die Zeche andere zahlen."
3d265395-7889-4c9f-a610-44ef92563190,"Kanzler Merz erklärt, dass Israel und der Westen vor dem Islamismus kapitulieren sollten","<span>Kanzler Merz erklärt, dass Israel und der Westen vor dem Islamismus kapitulieren sollten</span>",,/kommentar/news/kanzler-merz-erklaert-dass-israel-und-der-westen-vor-dem-islamismus-kapitulieren-sollten/3d265395-7889-4c9f-a610-44ef92563190,/kommentar,/articles/kanzler-merz-erklaert-dass-israel-und-der-westen-vor-dem-islamismus-kapitulieren-sollten/3d265395-7889-4c9f-a610-44ef92563190,"{'big_1x': 'https://api.nius.de/api/assets/office-hr/91a42095-7472-4e98-a2c0-13301f9c8ac9?width=1400&height=1000&mode=CropUpsize', 'big_2x': 'https://api.nius.de/api/assets/office-hr/91a42095-7472-4e98-a2c0-13301f9c8ac9?width=2000&height=1500&mode=CropUpsize', 'medium': 'https://api.nius.de/api/assets/office-hr/91a42095-7472-4e98-a2c0-13301f9c8ac9?width=800&height=600&mode=CropUpsize', 'small': 'https://api.nius.de/api/assets/office-hr/91a42095-7472-4e98-a2c0-13301f9c8ac9?width=400&height=300&mode=CropUpsize', 'portrait_1x': 'https://api.nius.de/api/assets/office-hr/91a42095-7472-4e98-a2c0-13301f9c8ac9?width=375&height=500&mode=CropUpsize', 'portrait_2x': 'https://api.nius.de/api/assets/office-hr/91a42095-7472-4e98-a2c0-13301f9c8ac9?width=750&height=1000&mode=CropUpsize', 'original': 'https://api.nius.de/api/assets/office-hr/91a42095-7472-4e98-a2c0-13301f9c8ac9', 'title': '', 'id': '91a42095-7472-4e98-a2c0-13301f9c8ac9'}",[],,['Kommentar'],kanzler-merz-erklaert-dass-israel-und-der-westen-vor-dem-islamismus-kapitulieren-sollten,2025-07-12T22:38:19Z,2025-05-27T05:42:10Z,2025-05-27 07:59:50.237000+00:00,,"[{'id': '644a42cdf03076c588c3dab1', 'email': 'julian.reichelt@rome-medien.de', 'name': 'Julian Reichelt', 'active': True, 'permissions': [], 'slug': 'julian-reichelt', 'firstName': '', 'authorSlug': 'julian-reichelt', 'lastName': '', 'role': 'ADMIN', 'bio': '', 'profileImage': {'big_1x': 'https://api.nius.de/api/users/644a42cdf03076c588c3dab1/picture', 'big_2x': 'https://api.nius.de/api/users/644a42cdf03076c588c3dab1/picture', 'medium': 'https://api.nius.de/api/users/644a42cdf03076c588c3dab1/picture', 'small': 'https://api.nius.de/api/users/644a42cdf03076c588c3dab1/picture', 'portrait_1x': 'https://api.nius.de/api/users/644a42cdf03076c588c3dab1/picture', 'portrait_2x': 'https://api.nius.de/api/users/644a42cdf03076c588c3dab1/picture', 'original': 'https://api.nius.de/api/users/644a42cdf03076c588c3dab1/picture', 'title': '', 'id': '644a42cdf03076c588c3dab1'}}]","{'big_1x': 'https://api.nius.de/api/assets/office-hr/764d13d9-2819-4425-aeb9-981c55c76593?width=1400&height=1000&mode=CropUpsize', 'big_2x': 'https://api.nius.de/api/assets/office-hr/764d13d9-2819-4425-aeb9-981c55c76593?width=2000&height=1500&mode=CropUpsize', 'medium': 'https://api.nius.de/api/assets/office-hr/764d13d9-2819-4425-aeb9-981c55c76593?width=800&height=600&mode=CropUpsize', 'small': 'https://api.nius.de/api/assets/office-hr/764d13d9-2819-4425-aeb9-981c55c76593?width=400&height=300&mode=CropUpsize', 'portrait_1x': 'https://api.nius.de/api/assets/office-hr/764d13d9-2819-4425-aeb9-981c55c76593?width=375&height=500&mode=CropUpsize', 'portrait_2x': 'https://api.nius.de/api/assets/office-hr/764d13d9-2819-4425-aeb9-981c55c76593?width=750&height=1000&mode=CropUpsize', 'original': 'https://api.nius.de/api/assets/office-hr/764d13d9-2819-4425-aeb9-981c55c76593', 'title': '', 'id': '764d13d9-2819-4425-aeb9-981c55c76593'}",,False,False,[],True,"{'title': 'Kanzler Merz erklärt, dass Israel und der Westen vor dem Islamismus kapitulieren sollten', 'description': 'Kanzler Merz erklärt, dass Israel und der Westen vor dem Islamismus kapitulieren sollten', 'image': 'https://api.nius.de/api/assets/office-hr/91a42095-7472-4e98-a2c0-13301f9c8ac9/3d265395-7889-4c9f-a610-44ef92563190.jpg', 'locale': 'office-hr', 'url': None, 'publishedAt': '2025-05-27T05:42:10Z', 'modifiedAt': '2025-05-27T07:59:50.237Z', 'author': None, 'category': 'Kommentar', 'tags': []}",https://www.nius.de/kommentar/news/kanzler-merz-erklaert-dass-israel-und-der-westen-vor-dem-islamismus-kapitulieren-sollten/3d265395-7889-4c9f-a610-44ef92563190,2025-05-27,"# Kanzler Merz erklärt, dass Israel und der Westen vor dem Islamismus kapitulieren sollten

„Die Zivilbevölkerung derart in Mitleidenschaft zu ziehen, lässt sich nicht mehr mit dem Kampf gegen den Terror der Hamas rechtfertigen“, sagt Friedrich Merz über Israels Krieg nach dem Pogrom vom 7. Oktober.
Ich habe dazu zwei Fragen:
1. Was würde Friedrich Merz tun, wenn deutsche Babys von Terroristen lebendig in Backöfen geworfen würden, junge Frauen auf einem Musikfestival vergewaltigt und während der Vergewaltigung aufgeschlitzt würden; wenn deutsche Kinder von Islamisten in Verließe und Tunnel verschleppt, deutsche Familien am Abend vor Heiligabend in ihren Häusern abgeschlachtet würden,  wenn diese Monster noch neben uns leben würden, was würde Merz dann tun? Aufgeben und uns diesen barbarischen Schlächtern überlassen und ausliefern?
2. Was würde Merz sagen, wenn es seine Enkel wären, die man lebendig in einen Backofen geworfen hätte? Wenn seine Töchter auf dem Musikfestival gewesen wären? Würde er dann auch sagen, der Kampf gegen die Hamas wäre nicht mehr zu rechtfertigen?
Friedrich Merz übernimmt auch und ausgerechnet bei diesem Thema die Position des linken Relativismus. Er hat keine Ahnung, mit wem Israel es zu tun hat, mit wem wir es zu tun haben. Merz schwätzt linkes Zeug nach. Links ist nicht vorbei, links ist an der Macht. Wir haben eine linke Regierung, die es Merz gestattet, sich als Bundeskanzler auszugeben, solange er ihr Zeugs nachplappert. Und Merz ist zu diesem Opportunismus bereit, selbst wenn es für Israel ums nackte Überleben, um die Existenz geht. Ich habe keine Worte mehr für den moralischen Niedergang dieser CDU.
Wir haben einen Kanzler, der offen erklärt, dass der freie Westen mit seinem Außenposten Israel vor dem Islamismus kapitulieren sollte."
f17c3fd4-c474-4062-a66c-eaf6e02ca588,"Die innere Sicherheit zerfällt: Schützt euch selbst, sonst tut es keiner","<span>Die innere Sicherheit zerfällt: Schützt euch selbst, sonst tut es keiner</span>",,/kommentar/news/die-innere-sicherheit-zerfaellt-schuetzt-euch-selbst/f17c3fd4-c474-4062-a66c-eaf6e02ca588,/kommentar,/articles/die-innere-sicherheit-zerfaellt-schuetzt-euch-selbst/f17c3fd4-c474-4062-a66c-eaf6e02ca588,"{'big_1x': 'https://api.nius.de/api/assets/office-hr/45ac9557-5031-4320-bc3e-27f973311640?width=1400&height=1000&mode=CropUpsize', 'big_2x': 'https://api.nius.de/api/assets/office-hr/45ac9557-5031-4320-bc3e-27f973311640?width=2000&height=1500&mode=CropUpsize', 'medium': 'https://api.nius.de/api/assets/office-hr/45ac9557-5031-4320-bc3e-27f973311640?width=800&height=600&mode=CropUpsize', 'small': 'https://api.nius.de/api/assets/office-hr/45ac9557-5031-4320-bc3e-27f973311640?width=400&height=300&mode=CropUpsize', 'portrait_1x': 'https://api.nius.de/api/assets/office-hr/45ac9557-5031-4320-bc3e-27f973311640?width=375&height=500&mode=CropUpsize', 'portrait_2x': 'https://api.nius.de/api/assets/office-hr/45ac9557-5031-4320-bc3e-27f973311640?width=750&height=1000&mode=CropUpsize', 'original': 'https://api.nius.de/api/assets/office-hr/45ac9557-5031-4320-bc3e-27f973311640', 'title': '', 'id': '45ac9557-5031-4320-bc3e-27f973311640'}",[],,['Kommentar'],die-innere-sicherheit-zerfaellt-schuetzt-euch-selbst,2025-07-12T22:51:10Z,2025-05-26T19:10:54Z,2025-05-27 08:40:58.117000+00:00,System Teaser,"[{'id': '65a4e950175ee0b2225eef91', 'email': 'birgit.kelle@vius.com', 'name': 'Birgit Kelle', 'active': True, 'permissions': [], 'slug': 'birgit-kelle', 'firstName': '', 'authorSlug': 'birgit-kelle', 'lastName': '', 'role': 'ADMIN', 'bio': '', 'profileImage': {'big_1x': 'https://api.nius.de/api/users/65a4e950175ee0b2225eef91/picture', 'big_2x': 'https://api.nius.de/api/users/65a4e950175ee0b2225eef91/picture', 'medium': 'https://api.nius.de/api/users/65a4e950175ee0b2225eef91/picture', 'small': 'https://api.nius.de/api/users/65a4e950175ee0b2225eef91/picture', 'portrait_1x': 'https://api.nius.de/api/users/65a4e950175ee0b2225eef91/picture', 'portrait_2x': 'https://api.nius.de/api/users/65a4e950175ee0b2225eef91/picture', 'original': 'https://api.nius.de/api/users/65a4e950175ee0b2225eef91/picture', 'title': '', 'id': '65a4e950175ee0b2225eef91'}}]","{'big_1x': 'https://api.nius.de/api/assets/office-hr/a5adee81-2181-445a-bd0f-679edccc25d3?width=1400&height=1000&mode=CropUpsize', 'big_2x': 'https://api.nius.de/api/assets/office-hr/a5adee81-2181-445a-bd0f-679edccc25d3?width=2000&height=1500&mode=CropUpsize', 'medium': 'https://api.nius.de/api/assets/office-hr/a5adee81-2181-445a-bd0f-679edccc25d3?width=800&height=600&mode=CropUpsize', 'small': 'https://api.nius.de/api/assets/office-hr/a5adee81-2181-445a-bd0f-679edccc25d3?width=400&height=300&mode=CropUpsize', 'portrait_1x': 'https://api.nius.de/api/assets/office-hr/a5adee81-2181-445a-bd0f-679edccc25d3?width=375&height=500&mode=CropUpsize', 'portrait_2x': 'https://api.nius.de/api/assets/office-hr/a5adee81-2181-445a-bd0f-679edccc25d3?width=750&height=1000&mode=CropUpsize', 'original': 'https://api.nius.de/api/assets/office-hr/a5adee81-2181-445a-bd0f-679edccc25d3', 'title': '', 'id': 'a5adee81-2181-445a-bd0f-679edccc25d3'}",,False,False,[],True,"{'title': 'Die innere Sicherheit zerfällt: Schützt euch selbst, sonst tut es keiner', 'description': 'Diesmal also eine Frau als Messerattentäter. Damit ist seit dem Messerattentat in Hamburg am Wochenende in Deutschland nur eines geklärt: Man muss sich ab sofort im öffentlichen Raum nicht nur vor Männern in acht nehmen, sondern auch vor ausrastenden Frauen. ', 'image': 'https://api.nius.de/api/assets/office-hr/45ac9557-5031-4320-bc3e-27f973311640/f17c3fd4-c474-4062-a66c-eaf6e02ca588.jpg', 'locale': 'office-hr', 'url': None, 'publishedAt': '2025-05-26T19:10:54Z', 'modifiedAt': '2025-05-27T08:40:58.117Z', 'author': None, 'category': 'Kommentar', 'tags': []}",https://www.nius.de/kommentar/news/die-innere-sicherheit-zerfaellt-schuetzt-euch-selbst/f17c3fd4-c474-4062-a66c-eaf6e02ca588,2025-05-27,"# Die innere Sicherheit zerfällt: Schützt euch selbst, sonst tut es keiner

Diesmal also eine Frau als Messerattentäter. Damit ist seit dem Messerattentat in Hamburg am Wochenende in Deutschland nur eines geklärt: Man muss sich ab sofort im öffentlichen Raum nicht nur vor Männern in acht nehmen, sondern auch vor ausrastenden Frauen mit Messern, die wahllos jeden abzustechen versuchen, der keine Armlänge Abstand hält. Sonst bleibt alles beim Alten. Nichts wird geändert, es wird keine Besserung geben bei der Sicherheitslage der Bürger.
Die 39-jährige Täterin wird von Polizisten festgenommen.
Dieses Land steckt längst in einer Überforderung auf allen Ebenen: Verwaltung, Polizei, Psychiatrien – alle arbeiten längst am Limit, seit Deutschland beschlossen hat, dieses Land als Freilandpsychiatrie zu gestalten, die jeder betreten kann, wann es ihm gerade passt.
Auch der Hamburger Hauptbahnhof ist eine „Messerverbotszone“.
Das Wort „Messerverbotszone“ ist zur Chiffre für genau jene Orte geworden, die dadurch nicht etwas sicherer sind, sondern als besonders gefährlich ausgewiesen werden. Der normale Bürger sollte wissen: Überall, wo so ein Schild hängt, betreten Sie gefährlichen Boden und der Angriff auf Ihr Leben wird keinesfalls verhindert, aber zumindest für die spätere Beweisführung in der Regel auf Video aufgezeichnet.

## Kann man überhaupt noch mit der Bahn reisen?

Während die Verantwortlichen in der Politik noch aufatmeten, dass es diesmal wenigstens kein Islamist war, sondern offenbar „nur“ eine deutsche Frau und der linke Teil des Social-Media-Mobs nahezu hämisch über den rechten Teil feixt, so als sei es eine gute Botschaft, dass jetzt auch Deutsche zum Messer greifen, wenn ihnen etwas quer über die Leber läuft, stellte sich mir als Frau einfach nur erneut die Frage, willst du dir das Reisen mit der Bahn als Frau wirklich weiterhin antun?
Eine Frage, die seit der Grenzöffnung im Jahr 2015 und den seither rasant ansteigenden Gewalt- und auch Sexualdelikten gegen Frauen im öffentlichen Raum, an Relevanz gewonnen hat. Alles, was ich seither als Journalistin zum Thema der Verdrängung der Frau aus dem öffentlichen Raum und die neue Angst von Frauen geschrieben habe, hat politisch nichts verändert, es brachte mir nur zielsicher den Vorwurf ein, eine wie man heute sagt „gesichert“ Rechtsextreme und Rassistin zu sein.
Schließlich hatte ich schon nach der Silvesternacht in Köln jene Tatsache ausgesprochen, die aus feministischer, aber auch damals gesellschaftlicher Sicht als Tabu galt: Das Problem der deutschen Frau ist beileibe nicht mehr der alte weiße Mann, den sie längst zum Waschlappen umkonditioniert hat, sondern der junge schwarze Mann, der sie für eine Schlampe hält, alleine schon, weil sie ohne männliche Begleitung überhaupt unterwegs ist.
Lesen Sie auch: Das tägliche Gemetzel: Doch, Migration hat sehr wohl mit dem Alltag zu tun!

## „Die Unterwerfung“ hat längst begonnen

Da ist es schon gar nicht mehr relevant, was sie als Kleidung anhat oder auch nicht. Bei diesem „Clash of Cultures“ zieht die Frau den Kürzeren und reagiert mit ihrem typisch weiblichen Verhaltensmuster: Sie zieht sich zurück. „Die Unterwerfung“ vor einer neu eingewanderten, islamisch geprägten männlichen Machokultur, von dem französischen Autor Michel Houellebecq bereits in Romanform im Januar 2015 vorausgesagt, hat längst begonnen. Und weil man als Frau für den Hinweis darauf bis heute nur als Rassistin beschimpft wird, kann ich allen Frauen und Mädchen nur zurufen: Schützt euch selbst, es tut es sonst keiner.
Der Hamburger Hauptbahnhof ist der meist frequentierte Bahnhof Deutschlands mit weit über 500.000 Reisenden am Tag.
Die jetzt bereits überforderten Bahnhöfe sind aktuell auch deswegen noch unsicherer, weil die Bundespolizei gerade alle abkömmlichen Kräfte an die deutschen Grenzen verlegt hat, was automatisch eine geringere Präsenz an Bahnhöfen bedeutet.
Erst gestern sagte mir eine Polizistin, sie fahre selbst nicht mehr Bahn, denn wenn jemand mit einem Messer in einem Abteil loslegt, wie solle man sich da schützen, die Schaffner würden es nicht einmal mitbekommen und raus kann man erst beim nächsten Halt. Recht hat sie.

## Das sind meine Ratschläge

Nun hatte ich nach dem Attentat von Hamburg bei X meine persönliche Konsequenz beschrieben, wie ich mich seit Jahren als Frau in meinem Verhalten auf Bahnhöfen bereits angepasst habe:
Ich habe selbst auf belebten Bahnhöfen bereits erlebt, wie mich Männer körperlich bedrängt haben, ich habe gelernt, mir Respekt und Gehör zu verschaffen, aber einsame Bahnhöfe und leere Bahnsteige machen mir Angst. Seit Hamburg wissen wir nun, übervolle Bahnsteige sind nicht besser. In Deutschland wurden bereits Kinder auf Bahnsteige geschubst und Islamisten sind mit einer Axt durch den Zug gezogen, Bahnhöfe und die Umgebung sind Gefahrenzonen für sexuelle Belästigung und Vergewaltigung, und wenn man einen Sicherheitsbediensteten bräuchte, ist keiner da.
Allein in München habe ich jemals erlebt, dass in den Abendstunden in den S-Bahnen Sicherheitspersonal in den Abteilen mitfährt. Sobald man am einsamen Bahnhof aussteigt, ist man aber trotzdem allein. Und deswegen ist es auch keine Lösung, was eifrige selbsternannte feministische Bündnisse in Berlin fordern, dass es Abteile nur für Frauen geben soll. Was soll es bringen, außer dass die Herren Vergewaltiger dann besser wissen, wo sie einen ganzen Haufen an wehrlosen Frauen auf einmal finden oder aus welchem Abteil sie gleich steigen werden. Es ist kein Fortschritt für eine Gesellschaft, wenn man Geschlechterseparation einführt, die man doch überwinden will. Und noch einmal Stichwort Hamburg: Auch Frauen können also zuschlagen.
Interessant sind nun die über 1.200 Kommentare, die sich unter meiner eigenen Betriebsanleitung für die Eigensicherung der Frau auf Bahnhöfen angesammelt hatten, die sich in vier Kategorien teilen lassen: jene, die die Hinweise dankbar aufnehmen und an ihre Töchter und Freundinnen weiterreichen. Jene, die berichten, dass sie selbst bereits seit Jahren gar nicht mehr mit öffentlichen Verkehrsmitteln fahren und längst auf das eigene Auto umgestiegen sind, weil sie sich nicht sicher fühlen und dann sind es nicht nur Frauen, sondern sehr viele Männer. Jene, die diese Zustände zu Recht mit dem vergleichen, was man in den 80er und 90er Jahren in Mexico City oder der U-Bahn von New York beobachten konnte und jetzt als das erkennen, was es ist: ein Rückfall in Zustände, die man nur aus Gangsterfilmen kannte und in Deutschland nie hatte.

## Hab doch keine Angst

Und dann ist da noch die breite Front jener, die Frauen wie mir einen guten Arzt empfehlen, um die unbegründete Paranoia und die Angststörungen zu behandeln, an denen wir leiden müssen, schließlich sei die gesteigerte Gefahrenlage nicht etwa in der Polizeistatistik nachzulesen, sondern nur das Ergebnis unseres vorurteilsbeladenen Rassismus und/oder von krankhaftem Verfolgungswahn.
Da fiel mir wieder ein, dass genau dieses Abwiegeln, Kleinreden und Beschuldigen der Frauen selbst bereits 2015 eine Standardreaktion war, wenn man auf die gesteigerte Angst und Gefährdung von Frauen im öffentlichen Raum hinwies. Höhepunkt war die Kollegin, die mir in einem Leitartikel Rassismus vorwarf, während sie vorbildlich ihre eigene Angst überwunden und als Vorurteil entlarvt habe.
Wir sind nun 10 Jahre weiter, die Sicherheitslage im öffentlichen Raum hat sich dramatisch verschlechtert, die Zahl der Vergewaltigungen und sexuellen Belästigungen vor allem durch Männer mit Migrationshintergrund ist explodiert und immer noch muss man sich als Frau vorwerfen lassen, man habe nicht etwa ein berechtigtes Anliegen, sondern eine Angststörung. Solange es solche Ignoranten selbst unter Frauen gibt, denen ihr festgefahrenes Weltbild wichtiger ist, als die Sicherheit ihrer eigenen Mütter, Frauen, Schwestern und Töchter, bleibt Frauen gar nichts anderes übrig als sich selbst zu schützen, denn es wird kein anderer tun.
Die wahre Frauenfeindlichkeit einer Gesellschaft zeigt sich nicht durch fehlende Gendersterne, einen Gender-Pay-Gap oder einen geringen Frauenanteil in DAX-Vorständen, sondern durch eine politische Klasse, der die körperliche Unversehrtheit ihrer Frauen egal ist.
Lesen Sie auch von Birgit Kelle:
Ist Keir Starmer jetzt auch rechts? Der linke Premierminister spricht bei der Migration aus, wofür man in Deutschland vom Verfassungsschutz beobachtet wird."
c4a6dbd2-5156-4b22-94a1-af90a616328f,Von Roosevelt bis Merkel: Vertuschte Krankheiten der Mächtigen,<span>Von Roosevelt bis Merkel: Vertuschte Krankheiten der Mächtigen</span>,,/politik/news/von-roosevelt-bis-merkel-vertuschte-krankheiten-der-maechtigen/c4a6dbd2-5156-4b22-94a1-af90a616328f,/politik,/articles/von-roosevelt-bis-merkel-vertuschte-krankheiten-der-maechtigen/c4a6dbd2-5156-4b22-94a1-af90a616328f,"{'big_1x': 'https://api.nius.de/api/assets/office-hr/7d53ae7b-d37a-4a13-8e1a-a023bb77e977?width=1400&height=1000&mode=CropUpsize', 'big_2x': 'https://api.nius.de/api/assets/office-hr/7d53ae7b-d37a-4a13-8e1a-a023bb77e977?width=2000&height=1500&mode=CropUpsize', 'medium': 'https://api.nius.de/api/assets/office-hr/7d53ae7b-d37a-4a13-8e1a-a023bb77e977?width=800&height=600&mode=CropUpsize', 'small': 'https://api.nius.de/api/assets/office-hr/7d53ae7b-d37a-4a13-8e1a-a023bb77e977?width=400&height=300&mode=CropUpsize', 'portrait_1x': 'https://api.nius.de/api/assets/office-hr/7d53ae7b-d37a-4a13-8e1a-a023bb77e977?width=375&height=500&mode=CropUpsize', 'portrait_2x': 'https://api.nius.de/api/assets/office-hr/7d53ae7b-d37a-4a13-8e1a-a023bb77e977?width=750&height=1000&mode=CropUpsize', 'original': 'https://api.nius.de/api/assets/office-hr/7d53ae7b-d37a-4a13-8e1a-a023bb77e977', 'title': '', 'id': '7d53ae7b-d37a-4a13-8e1a-a023bb77e977'}",[],,['Politik'],von-roosevelt-bis-merkel-vertuschte-krankheiten-der-maechtigen,2025-07-12T22:50:37Z,2025-05-26T15:51:45Z,2025-05-27 08:55:08.029000+00:00,System Teaser,"[{'id': '6566440a2c300120e3fcdf27', 'email': 'louis.hagen@vius.com', 'name': 'Louis Hagen', 'active': True, 'permissions': [], 'slug': 'louis-hagen', 'firstName': '', 'authorSlug': 'louis-hagen', 'lastName': '', 'role': 'ADMIN', 'bio': '', 'profileImage': {'big_1x': 'https://api.nius.de/api/users/6566440a2c300120e3fcdf27/picture', 'big_2x': 'https://api.nius.de/api/users/6566440a2c300120e3fcdf27/picture', 'medium': 'https://api.nius.de/api/users/6566440a2c300120e3fcdf27/picture', 'small': 'https://api.nius.de/api/users/6566440a2c300120e3fcdf27/picture', 'portrait_1x': 'https://api.nius.de/api/users/6566440a2c300120e3fcdf27/picture', 'portrait_2x': 'https://api.nius.de/api/users/6566440a2c300120e3fcdf27/picture', 'original': 'https://api.nius.de/api/users/6566440a2c300120e3fcdf27/picture', 'title': '', 'id': '6566440a2c300120e3fcdf27'}}]","{'big_1x': 'https://api.nius.de/api/assets/office-hr/bb9c43cc-4905-4722-858c-ceb17974436b?width=1400&height=1000&mode=CropUpsize', 'big_2x': 'https://api.nius.de/api/assets/office-hr/bb9c43cc-4905-4722-858c-ceb17974436b?width=2000&height=1500&mode=CropUpsize', 'medium': 'https://api.nius.de/api/assets/office-hr/bb9c43cc-4905-4722-858c-ceb17974436b?width=800&height=600&mode=CropUpsize', 'small': 'https://api.nius.de/api/assets/office-hr/bb9c43cc-4905-4722-858c-ceb17974436b?width=400&height=300&mode=CropUpsize', 'portrait_1x': 'https://api.nius.de/api/assets/office-hr/bb9c43cc-4905-4722-858c-ceb17974436b?width=375&height=500&mode=CropUpsize', 'portrait_2x': 'https://api.nius.de/api/assets/office-hr/bb9c43cc-4905-4722-858c-ceb17974436b?width=750&height=1000&mode=CropUpsize', 'original': 'https://api.nius.de/api/assets/office-hr/bb9c43cc-4905-4722-858c-ceb17974436b', 'title': '', 'id': 'bb9c43cc-4905-4722-858c-ceb17974436b'}",,False,False,[],True,"{'title': 'Von Roosevelt bis Merkel: Vertuschte Krankheiten der Mächtigen', 'description': 'Viele Staats- und Regierungschefs litten an ernsthaften Erkrankungen, die sie aus politischen Gründen vor der Öffentlichkeit verbargen.', 'image': 'https://api.nius.de/api/assets/office-hr/7d53ae7b-d37a-4a13-8e1a-a023bb77e977/c4a6dbd2-5156-4b22-94a1-af90a616328f.jpg', 'locale': 'office-hr', 'url': None, 'publishedAt': '2025-05-26T15:51:45Z', 'modifiedAt': '2025-05-27T08:55:08.029Z', 'author': None, 'category': 'Politik', 'tags': []}",https://www.nius.de/politik/news/von-roosevelt-bis-merkel-vertuschte-krankheiten-der-maechtigen/c4a6dbd2-5156-4b22-94a1-af90a616328f,2025-05-27,"# Von Roosevelt bis Merkel: Vertuschte Krankheiten der Mächtigen

Einen Tag nach dem japanischen Überfall auf den amerikanischen Flottenstützpunkt Pearl Harbor auf Hawaii im Dezember 1941 stand US-Präsident Franklin D. Roosevelt vor der wichtigsten Rede seiner langen Amtszeit – er würde den Kongress um eine Kriegserklärung gegen Japan bitten. Gegen halb eins betrat er den Saal des Repräsentantenhauses. Gestützt auf seinen Sohn James, ging er zum Podium. Das klickende Geräusch seiner metallenen Beinstützen war im Raum deutlich zu vernehmen. Und die Fotografen und Kameras blieben still.
US-Präsident Franklin Delano Roosevelt erklärte Japan am 8. Dezember 1941 vor dem Kongress den Krieg.
Erst als Roosevelt sicher hinter dem Pult stand, begannen die Fotografen zu knipsen und die Kameramänner zu filmen – Roosevelts körperlicher Zustand sollte der Öffentlichkeit so gut es ging verborgen bleiben. Der Präsident litt an den Folgen einer Polio-Erkrankung.

## Kennedy trug ein Korsett gegen die Schmerzen

Von Roosevelt über Kennedy und Biden bis Angela Merkel – schon immer versuchten die Mächtigen ihre Krankheiten zu vertuschen oder vertuschen zu lassen, berichtet die FAZ.
John F. Kennedy, der strahlend und jugendlich wirkte, war alles andere als gesund. Seit seiner Kindheit hatte er mit Darmproblemen zu kämpfen, und in seiner Jugend kamen Rückenprobleme hinzu. Er hat wahrscheinlich keinen Tag seines Erwachsenenlebens ohne Schmerzen verbracht. An manchen Tagen soll sein Rücken so steif gewesen sein, dass er sich nicht einmal vorbeugen konnte, um seine Schuhe zu binden. Wegen dieser Schmerzen trug Kennedy oft eine Art Korsett, um seinen Rücken zu unterstützen. Kennedys schwerwiegendste Krankheit aber war eine Nebenniereninsuffizienz. Zeit seines Lebens musste Kennedy deshalb Steroide nehmen, die seine Rückenprobleme noch verstärkten – was in der Öffentlichkeit verheimlicht wurde.
John F. Kennedy trug häufig ein Korsett, das seine Rückenschmerzen erträglicher machen sollte.

## Pompidou hatte Blutkrebs – auch das wurde der Öffentlichkeit verschwiegen

Roosevelt und Kennedy sind nur die beiden prominentesten Beispiele für die Täuschung der Amerikaner, was die Gesundheit ihres Staatsoberhaupts angeht. Der Fall von Joe Biden ist da nur ein weiterer Eintrag in diese illustre Liste. Die Amerikaner sind aber nicht die einzigen, die versuchen, den Gesundheitszustand ihres Staatsoberhaupts zu vertuschen. Frankreichs Präsident Georges Pompidou starb 1974 an Blutkrebs – der Öffentlichkeit war die Krankheit monatelang verschwiegen worden.
Die ganze Welt wurde Zeuge von Joe Bidens Aussetzern, dennoch versuchte seine Familie und sein politisches Umfeld seinen Zustand zu verheimlichen.
In Deutschland lautet die Auskunft, wenn es um die Gesundheit des Kanzlers nicht gut bestellt ist, meist: Erkältung. So war es bei Konrad Adenauer, der eigentlich unter einer Lungenentzündung litt. Helmut Schmidt wurde während seiner Amtszeit, späteren Aussagen zufolge, mehr als 100-mal bewusstlos. Mit einer Erkältung waren die Zitteranfälle von Angela Merkel nicht zu erklären. Bei Nachfragen, wie es der Kanzlerin gehe, mauerten die Sprecher. Alles sei gut, hieß es. In ihren Memoiren, die vergangenes Jahr erschienen, schreibt sie, dass keine Krankheit dazu geführt habe, sondern ihr Körper „dabei war, Spannungen abzubauen, die er über lange Zeit aufgebaut hatte“.
Ein Schelm, der Falsches dabei denkt.
Lesen Sie auch:
Kennedy-Leibwächter Clint Hill († 92): Helden sterben nie"
4d3a772e-498c-4bd5-981a-7acb4bf98726,Vulvenfalten und Dosenwerfen gegen patriarchale Strukturen: Staatstheater Oldenburg veranstaltet skurrilen „Sheroes-Jahrmarkt“,<span>Vulvenfalten und Dosenwerfen gegen patriarchale Strukturen: Staatstheater Oldenburg veranstaltet skurrilen „Sheroes-Jahrmarkt“</span>,,/gesellschaft/news/vulvenfalten-und-dosenwerfen-gegen-patriarchale-strukturen-staatstheater-oldenburg-veranstaltet-skurrilen-sheroes-jahrmarkt/4d3a772e-498c-4bd5-981a-7acb4bf98726,/gesellschaft,/articles/vulvenfalten-und-dosenwerfen-gegen-patriarchale-strukturen-staatstheater-oldenburg-veranstaltet-skurrilen-sheroes-jahrmarkt/4d3a772e-498c-4bd5-981a-7acb4bf98726,"{'big_1x': 'https://api.nius.de/api/assets/office-hr/8fb9d7dd-af47-4c6d-aedf-fa2e99c64f89?width=1400&height=1000&mode=CropUpsize', 'big_2x': 'https://api.nius.de/api/assets/office-hr/8fb9d7dd-af47-4c6d-aedf-fa2e99c64f89?width=2000&height=1500&mode=CropUpsize', 'medium': 'https://api.nius.de/api/assets/office-hr/8fb9d7dd-af47-4c6d-aedf-fa2e99c64f89?width=800&height=600&mode=CropUpsize', 'small': 'https://api.nius.de/api/assets/office-hr/8fb9d7dd-af47-4c6d-aedf-fa2e99c64f89?width=400&height=300&mode=CropUpsize', 'portrait_1x': 'https://api.nius.de/api/assets/office-hr/8fb9d7dd-af47-4c6d-aedf-fa2e99c64f89?width=375&height=500&mode=CropUpsize', 'portrait_2x': 'https://api.nius.de/api/assets/office-hr/8fb9d7dd-af47-4c6d-aedf-fa2e99c64f89?width=750&height=1000&mode=CropUpsize', 'original': 'https://api.nius.de/api/assets/office-hr/8fb9d7dd-af47-4c6d-aedf-fa2e99c64f89', 'title': '', 'id': '8fb9d7dd-af47-4c6d-aedf-fa2e99c64f89'}","['Oldenburg', 'Sheroes-jahrmarkt', 'Queerfeministischer Jahrmarkt', 'Oldenburgisches Staatstheater', 'Sparte 7', 'FLINTA']",,['Gesellschaft'],vulvenfalten-und-dosenwerfen-gegen-patriarchale-strukturen-staatstheater-oldenburg-veranstaltet-skurrilen-sheroes-jahrmarkt,2025-07-12T22:52:34Z,2025-05-27T10:37:09Z,2025-05-27 12:11:10.582000+00:00,System Teaser,"[{'id': '6683ea50e46fea7f34181ca9', 'email': 'claudio.casula@vius.com', 'name': 'Claudio Casula', 'active': True, 'permissions': [], 'slug': 'claudio-casula', 'firstName': '', 'authorSlug': 'claudio-casula', 'lastName': '', 'role': 'ADMIN', 'bio': '', 'profileImage': {'big_1x': 'https://api.nius.de/api/users/6683ea50e46fea7f34181ca9/picture', 'big_2x': 'https://api.nius.de/api/users/6683ea50e46fea7f34181ca9/picture', 'medium': 'https://api.nius.de/api/users/6683ea50e46fea7f34181ca9/picture', 'small': 'https://api.nius.de/api/users/6683ea50e46fea7f34181ca9/picture', 'portrait_1x': 'https://api.nius.de/api/users/6683ea50e46fea7f34181ca9/picture', 'portrait_2x': 'https://api.nius.de/api/users/6683ea50e46fea7f34181ca9/picture', 'original': 'https://api.nius.de/api/users/6683ea50e46fea7f34181ca9/picture', 'title': '', 'id': '6683ea50e46fea7f34181ca9'}}]","{'big_1x': 'https://api.nius.de/api/assets/office-hr/d7f4f521-953e-4757-844d-24bdaa793792?width=1400&height=1000&mode=CropUpsize', 'big_2x': 'https://api.nius.de/api/assets/office-hr/d7f4f521-953e-4757-844d-24bdaa793792?width=2000&height=1500&mode=CropUpsize', 'medium': 'https://api.nius.de/api/assets/office-hr/d7f4f521-953e-4757-844d-24bdaa793792?width=800&height=600&mode=CropUpsize', 'small': 'https://api.nius.de/api/assets/office-hr/d7f4f521-953e-4757-844d-24bdaa793792?width=400&height=300&mode=CropUpsize', 'portrait_1x': 'https://api.nius.de/api/assets/office-hr/d7f4f521-953e-4757-844d-24bdaa793792?width=375&height=500&mode=CropUpsize', 'portrait_2x': 'https://api.nius.de/api/assets/office-hr/d7f4f521-953e-4757-844d-24bdaa793792?width=750&height=1000&mode=CropUpsize', 'original': 'https://api.nius.de/api/assets/office-hr/d7f4f521-953e-4757-844d-24bdaa793792', 'title': '', 'id': 'd7f4f521-953e-4757-844d-24bdaa793792'}",,False,False,[],True,"{'title': 'Vulvenfalten und Dosenwerfen gegen patriarchale Strukturen: Staatstheater Oldenburg veranstaltet skurrilen „Sheroes-Jahrmarkt“', 'description': 'In Oldenburg lockt ab heute etwa ein kleiner „queerfeministischer“ Jahrmarkt mit interaktivem Gedöns, das „Spaß machen“ soll. Bei diesem bizarren Event wird beinharte Ideologie spielerisch vermittelt.', 'image': 'https://api.nius.de/api/assets/office-hr/977d0d37-7567-4825-893c-11b1dc4f70b1/4d3a772e-498c-4bd5-981a-7acb4bf98726.jpg', 'locale': 'office-hr', 'url': None, 'publishedAt': '2025-05-27T10:37:09Z', 'modifiedAt': '2025-05-27T12:11:10.582Z', 'author': None, 'category': 'Gesellschaft', 'tags': []}",https://www.nius.de/gesellschaft/news/vulvenfalten-und-dosenwerfen-gegen-patriarchale-strukturen-staatstheater-oldenburg-veranstaltet-skurrilen-sheroes-jahrmarkt/4d3a772e-498c-4bd5-981a-7acb4bf98726,2025-05-27,"# Vulvenfalten und Dosenwerfen gegen patriarchale Strukturen: Staatstheater Oldenburg veranstaltet skurrilen „Sheroes-Jahrmarkt“

Die Ausgeburten verrückter „queerfeministischer“ Aktivisten nehmen bisweilen bizarre Formen an. In Oldenburg startet etwa ein kleiner Jahrmarkt, der einen recht eigenwilligen Blick auf Geschichte und Gegenwart wirft und mit interaktivem Gedöns lockt, das „Spaß machen“ soll. Inklusive Infos über Schwangerschaftsabbrüche.
Heute startet die dritte Edition von „Sheroes“: Die Sparte 7 des Oldenburgischen Staatstheaters veranstaltet einen mobilen „queerfeministischen Jahrmarkt“, mit dem „patriarchale Denkmuster spielerisch ins Wanken gebracht“ werden sollen. Weitere Termine gibt es am 31. Mai sowie am 1., 3. und 5. Juni (dann in Bremen).
Beim interaktiven Spektakel rund um den Kiosk begegnen die Besucher an verschiedenen Stationen „vergessenen FLINTA-Persönlichkeiten“ (Akronym, das für Frauen, Lesben, intergeschlechtliche, nichtbinäre, transgeschlechtliche und agender Personen steht), die von der Geschichtsschreibung vergessen wurden. Kein Wunder, schließlich beklagen die Veranstalter, dass „unsere Welt vor allem von weißen Männern gestaltet wurde – und dass vor allem weiße Männer darüber berichtet haben“. Biografie-Karten der von der Historie vernachlässigten „queeren“ Personen können erspielt, ertauscht oder verdient werden – etwa beim Umwerfen von Dosen mit sexistischen Begriffen oder beim Quiz zur queeren Geschichte.

## Geschichte im feministischen Sinn umschreiben

Die Besucher haben auch die Möglichkeit, Vulven zu falten, eine „Burnout-Ente“ zu angeln oder mehr über die „feministische Geschichte des Fahrrads“ zu erfahren, womit wohl die Revolutionierung der Mobilität von Frauen als Motor der Emanzipation gemeint ist, worüber in der Szene schon ganze Bücher geschrieben wurden. Aber ob es im Sinne der Feministen ist, wenn das Objekt Fahrrad zum Subjekt gemacht wird? Laut Veranstalterin Gesine Geppert, Leiterin der Sparte 7 und Mitglied in mehreren Kollektiven, soll das alles jedenfalls „Spaß machen“ – etwa die Einnahme einer ganz anderen Perspektive auf die Geschichte, die es ja, wie jeder Kenner von Orwells dystopischem Roman „1984“ weiß, zuallererst umzuschreiben gilt.
Die Behauptung, Geschichtsschreibung sei bisher von einer „ausschließlich eurozentristischen, weißen und männlichen Perspektive“ geprägt, ist dabei durchaus fragwürdig, doch geht es den Aktivisten erklärtermaßen darum, weibliche, diverse, migrantische oder klassistische Perspektiven zu entdecken. Die Besucher können auch eigene Vorschläge für „Sheroes“ machen, die dann ins wohl recht überschaubare Archiv eingehen.
Demonstration „Flinta* March 2025“ für feministische Politik.
An den Stationen können die Besucher des „Sheroes“-Jahrmarkts vor der Exerzierhalle, der jeweils drei Stunden für Feinschmecker skurrilen linken Gedankenguts geöffnet ist, Coins erspielen, die sich am Kiosk gegen die Biografie einer „unbekannten“ Frau eintauschen lassen, „sexistische Dinge in unserer Müllsammelstation abgeben“ oder ganz allgemein „die Diversität der Gesellschaft feiern“: Musik hören, sich die Zukunft vorhersagen lassen, chillen und dabei in feministischen Schriften schmökern. Bei so viel Spaß dürfen auch Informationen zu Abtreibungen, eine Fotoausstellung zum Thema Scham und Fakten zur Menstruation nicht fehlen.

## Spielerische Vermittlung von beinharter Ideologie

Offiziell ist das Projekt „ein innovatives Beispiel für modernes, partizipatives Theater, das gesellschaftliche Themen spielerisch und inklusiv vermittelt“ – tatsächlich ein subventioniertes Event für eine sehr überschaubare Szene, die sich gern selbst feiert und das als „Sichtbarmachung marginalisierter Gruppen“ verkauft. Dazu tritt das Sheroes-Mobil verschiedenen öffentlichen Orten auf, auch in Schulen, wie etwa am Mariengymnasium Jever.
Ob sich eine signifikante Anzahl binärer Bürger auf den queerfeministischen Jahrmarkt verirrt, darf mit Fug bezweifelt werden. Gleichwohl dürfen sie ihn mit ihrem Steuergeld bezahlen: Die Sparte 7 des Oldenburgischen Staatstheaters, ein „Zukunftslabor“, das experimentelle und spartenübergreifende Formate fördert und dieses zweifelhafte Event veranstaltet, ist Teil des Oldenburgischen Staatstheaters, das wiederum mit Mitteln des Niedersächsischen Ministeriums für Wissenschaft und Kultur und der Stadt Oldenburg am Leben gehalten wird. Im Kampf gegen die „patriarchalen Strukturen“, und sei es durch das Werfen aus Dosen mit schlimmen Begriffen, sollte uns das wert sein.
Lesen Sie dazu auch:
Queere Tiere, „Wir schaffen das“ und Zutritt für weiße Kinder verboten: Der NIUS-Report vom irren Kirchentag"
0d874498-20ee-4cc3-a16b-6ef22aca2ae8,"„Was bin ich jetzt, trans oder schwul?“ Die erfundenen Geschichten und falschen Pässe der afghanischen „Ortskräfte“","<span>„Was bin ich jetzt, trans oder schwul?“ Die erfundenen Geschichten und falschen Pässe der afghanischen „Ortskräfte“</span>",,/politik/news/falsche-paesse-afghanische-ortskraefte/0d874498-20ee-4cc3-a16b-6ef22aca2ae8,/politik,/articles/falsche-paesse-afghanische-ortskraefte/0d874498-20ee-4cc3-a16b-6ef22aca2ae8,"{'big_1x': 'https://api.nius.de/api/assets/office-hr/35295916-0200-41e2-a0e3-91004d5eee36?width=1400&height=1000&mode=CropUpsize', 'big_2x': 'https://api.nius.de/api/assets/office-hr/35295916-0200-41e2-a0e3-91004d5eee36?width=2000&height=1500&mode=CropUpsize', 'medium': 'https://api.nius.de/api/assets/office-hr/35295916-0200-41e2-a0e3-91004d5eee36?width=800&height=600&mode=CropUpsize', 'small': 'https://api.nius.de/api/assets/office-hr/35295916-0200-41e2-a0e3-91004d5eee36?width=400&height=300&mode=CropUpsize', 'portrait_1x': 'https://api.nius.de/api/assets/office-hr/35295916-0200-41e2-a0e3-91004d5eee36?width=375&height=500&mode=CropUpsize', 'portrait_2x': 'https://api.nius.de/api/assets/office-hr/35295916-0200-41e2-a0e3-91004d5eee36?width=750&height=1000&mode=CropUpsize', 'original': 'https://api.nius.de/api/assets/office-hr/35295916-0200-41e2-a0e3-91004d5eee36', 'title': '', 'id': '35295916-0200-41e2-a0e3-91004d5eee36'}",[],,['Politik'],falsche-paesse-afghanische-ortskraefte,2025-05-27T13:37:07Z,2025-05-27T10:15:05Z,2025-05-27 12:59:31.680000+00:00,System Teaser,"[{'id': '644f639cf03076c588c404f5', 'email': 'redaktion@nius.de', 'name': 'Redaktion', 'active': True, 'permissions': [], 'slug': 'redaktion', 'firstName': '', 'authorSlug': 'redaktion', 'lastName': '', 'role': 'ADMIN', 'bio': '', 'profileImage': {'big_1x': 'https://api.nius.de/api/users/644f639cf03076c588c404f5/picture', 'big_2x': 'https://api.nius.de/api/users/644f639cf03076c588c404f5/picture', 'medium': 'https://api.nius.de/api/users/644f639cf03076c588c404f5/picture', 'small': 'https://api.nius.de/api/users/644f639cf03076c588c404f5/picture', 'portrait_1x': 'https://api.nius.de/api/users/644f639cf03076c588c404f5/picture', 'portrait_2x': 'https://api.nius.de/api/users/644f639cf03076c588c404f5/picture', 'original': 'https://api.nius.de/api/users/644f639cf03076c588c404f5/picture', 'title': '', 'id': '644f639cf03076c588c404f5'}}]","{'big_1x': 'https://api.nius.de/api/assets/office-hr/24e1992e-80eb-430d-95a5-c4bf7246c10c?width=1400&height=1000&mode=CropUpsize', 'big_2x': 'https://api.nius.de/api/assets/office-hr/24e1992e-80eb-430d-95a5-c4bf7246c10c?width=2000&height=1500&mode=CropUpsize', 'medium': 'https://api.nius.de/api/assets/office-hr/24e1992e-80eb-430d-95a5-c4bf7246c10c?width=800&height=600&mode=CropUpsize', 'small': 'https://api.nius.de/api/assets/office-hr/24e1992e-80eb-430d-95a5-c4bf7246c10c?width=400&height=300&mode=CropUpsize', 'portrait_1x': 'https://api.nius.de/api/assets/office-hr/24e1992e-80eb-430d-95a5-c4bf7246c10c?width=375&height=500&mode=CropUpsize', 'portrait_2x': 'https://api.nius.de/api/assets/office-hr/24e1992e-80eb-430d-95a5-c4bf7246c10c?width=750&height=1000&mode=CropUpsize', 'original': 'https://api.nius.de/api/assets/office-hr/24e1992e-80eb-430d-95a5-c4bf7246c10c', 'title': '', 'id': '24e1992e-80eb-430d-95a5-c4bf7246c10c'}",,False,False,[],True,"{'title': '„Was bin ich jetzt, trans oder schwul?“ Die erfundenen Geschichten und falschen Pässe der afghanischen „Ortskräfte“', 'description': 'Aktivisten haben Afghanen gefälschte Dokumente besorgt und ihnen dabei geholfen, „abweichende Angaben im Visumverfahren zu machen“, um in Deutschland aufgenommen zu werden. Bei Befragungen durch Botschaftsmitarbeiter sollten sie notfalls lügen. Das geht aus internen Dokumenten hervor, die der Spiegel erhalten hat. Chats, die dem Blatt vorliegen, dokumentieren absolut haarsträubende Betrugsversuche.', 'image': 'https://api.nius.de/api/assets/office-hr/35295916-0200-41e2-a0e3-91004d5eee36/0d874498-20ee-4cc3-a16b-6ef22aca2ae8.jpg', 'locale': 'office-hr', 'url': None, 'publishedAt': '2025-05-27T10:15:05Z', 'modifiedAt': '2025-05-27T12:59:31.680Z', 'author': None, 'category': 'Politik', 'tags': []}",https://www.nius.de/politik/news/falsche-paesse-afghanische-ortskraefte/0d874498-20ee-4cc3-a16b-6ef22aca2ae8,2025-05-27,"# „Was bin ich jetzt, trans oder schwul?“ Die erfundenen Geschichten und falschen Pässe der afghanischen „Ortskräfte“

NGO-Aktivisten haben Afghanen gefälschte Dokumente besorgt und ihnen dabei geholfen, „abweichende Angaben im Visumverfahren zu machen“, um in Deutschland aufgenommen zu werden. Bei Befragungen durch Botschaftsmitarbeiter sollten sie notfalls lügen. Das geht aus Dokumenten hervor, die dem Spiegel vorliegen. Interne Chats dokumentieren haarsträubende Betrugsversuche.
So wird beispielsweise über einen Fall berichtet, bei dem ein Berliner Aktivist von einem Afghanen kontaktiert wurde, der um Einsicht in seine Akte bat. Der Grund: Dem Mann war offenbar nicht bekannt, welche Geschichte darin stand. Er fragte, was er denn nun sei: „Trans oder schwul“? Nur zwei Minuten später schickte der NGO-Mitarbeiter ihm die Akte. Der entsprechende Aktivist soll mehrmals so vorgegangen sein.
Vertrauliche Dokumente und Angaben von Insidern belegen laut Spiegel, dass „es offenbar einen erheblichen Anteil an Personen“ gebe, „die sich die Einreise nach Deutschland ermogeln konnten.“ Grund für die Betrugsanfälligkeit ist folgende Regelung: Die NGOs wählen die (angeblich) gefährdeten Personen aus, denen das Auswärtige Amt (AA) und das Bundesinnenministerium (BMI) danach eine vorläufige Aufnahmezusage für die Einreise nach Deutschland geben.
Der Spiegel berichtet über weitere abenteuerliche Fälle, die in den Sicherheitsbehörden die Runde machten, beispielsweise den eines siebenjährigen Mädchens, das laut eingereichten Unterlagen drei Kinder hatte; identische Fotos von Leichen oder Gefolterten wurden als Belege genutzt, um die Verfolgung verschiedener Personen zu belegen; vermeintliche Homosexuelle, die bei Fragen zu ihrer schwulen Neigung dem Botschaftspersonal an die Gurgel wollten. Mutmaßliche Pakistaner, die mit neuen afghanischen Ausweisen als Gefährdete auftraten. Das sind nur einige Beispiele, in denen der Betrug aufflog.

## Ermittler sprechen von „staatlich legalisierten Schleusungen“

E-Mails aus dem Auswärtigen Amt unter Ex-Ministerin Annalena Baerbock, die bereits im vergangenen Jahr an die Öffentlichkeit gerieten, zeigen, dass im Ministerium lange auf oberflächliche Prüfungen bei Aufnahmeprogrammen gedrängt wurde, um möglichst viele Afghanen einzufliegen, während Sicherheitsaspekte vernachlässigt wurden. Berliner Ermittler sprechen laut Spiegel-Recherche von „staatlich legalisierten Schleusungen“ und kritisieren die „jahrelang fahrlässige Rolle“ des Ministeriums.
Anfang 2023 berichtete Cicero, dass auf den Visa-Listen nicht nur Afghanen mit zweifelhaftem Minderheitenstatus, sondern auch Islamisten und stockkonservative Gelehrte, darunter Scharia-Richter aus Koranschulen, standen. Die deutsche Botschaft in Islamabad schlug Alarm, da diese Personen, etwa 900 inklusive Angehöriger, teils radikalen islamistischen Gruppen nahestehen könnten und ihre Aufnahme die deutsche Rechtsordnung gefährde. Wie viele Aufnahmezusagen zurückgenommen wurden, ist unklar.
Wolfgang Kubicki, stellvertretender Vorsitzender der FDP, forderte am Dienstag auf X Konsequenzen für die ehemalige Außenministerin: „Frau Baerbock und ihre grüne Außenpolitik führten zu dem, was ein Sicherheitsbeamter „staatlich legalisierte Schleusung“ nannte. Ein Sicherheitsrisiko für das Land und ein triftiger Grund für einen parlamentarischen Untersuchungsausschuss.“

## Afghanen mit Taliban-Kontakten standen auf den Visa-Listen

Laut Spiegel-Recherchen standen auch Afghanen mit Taliban-Kontakten auf den Visa-Listen, darunter Ahmad Wali H., der mit dem Haqqani-Netzwerk verbunden ist, sowie Mohammed Hashem S., Leiter des afghanischen Kunstarchivs, der 2022 für die Taliban nach Katar reiste. Beide wurden nach Bundespolizei-Intervention offenbar nicht nach Deutschland eingelassen.
Annalena Baerbock (hier mit der afghanischen Aktivistin Negina Yari) wollte so viele Afghanen wie möglich nach Deutschland bringen.
Über viele Dokumenten-Seiten erstreckt sich die Berichterstattung über gravierende Missstände an der deutschen Auslandsvertretung in Pakistan, die sich bis heute um die große Mehrzahl der Migranten aus Afghanistan gekümmert hat. Seit der Machtübernahme der Taliban 2021 wurden über 36.400 Afghanen im Rahmen verschiedener Aufnahmeprogramme, meist über Pakistan, nach Deutschland gebracht, wobei die Mehrheit bis März 2023 ausgeflogen wurde.
Die Aufnahmeprogramme sind mittlerweile so umstritten, dass sie kürzlich ausgesetzt wurden. Die neue Regierung plant, sie gemäß dem Koalitionsvertrag „so weit wie möglich“ zu beenden.
Auch Julius Böhm berichtete in seinem Format „RealTalk“ bereits den verschwiegenen Baerbock-Skandal.
Lesen Sie auch:"
24782047-edf2-452a-aaa0-83a33df334bb,NIUS-Leser empören sich über Carsten Linnemann: „Holt endlich die vielen Nichtstuer von der Couch!“,<span>NIUS-Leser empören sich über Carsten Linnemann: „Holt endlich die vielen Nichtstuer von der Couch!“</span>,,/nius-live/news/holt-endlich-die-vielen-nichtstuer-von-der-couch/24782047-edf2-452a-aaa0-83a33df334bb,/nius-live,/articles/holt-endlich-die-vielen-nichtstuer-von-der-couch/24782047-edf2-452a-aaa0-83a33df334bb,"{'big_1x': 'https://api.nius.de/api/assets/office-hr/b13fee19-960b-4f70-a873-0eb7e7dcf2de?width=1400&height=1000&mode=CropUpsize', 'big_2x': 'https://api.nius.de/api/assets/office-hr/b13fee19-960b-4f70-a873-0eb7e7dcf2de?width=2000&height=1500&mode=CropUpsize', 'medium': 'https://api.nius.de/api/assets/office-hr/b13fee19-960b-4f70-a873-0eb7e7dcf2de?width=800&height=600&mode=CropUpsize', 'small': 'https://api.nius.de/api/assets/office-hr/b13fee19-960b-4f70-a873-0eb7e7dcf2de?width=400&height=300&mode=CropUpsize', 'portrait_1x': 'https://api.nius.de/api/assets/office-hr/b13fee19-960b-4f70-a873-0eb7e7dcf2de?width=375&height=500&mode=CropUpsize', 'portrait_2x': 'https://api.nius.de/api/assets/office-hr/b13fee19-960b-4f70-a873-0eb7e7dcf2de?width=750&height=1000&mode=CropUpsize', 'original': 'https://api.nius.de/api/assets/office-hr/b13fee19-960b-4f70-a873-0eb7e7dcf2de', 'title': '', 'id': 'b13fee19-960b-4f70-a873-0eb7e7dcf2de'}",[],,['NIUS Live'],holt-endlich-die-vielen-nichtstuer-von-der-couch,2025-05-27T14:07:16Z,2025-05-27T13:47:13Z,2025-05-27 14:07:16.111000+00:00,System Teaser,"[{'id': '644f639cf03076c588c404f5', 'email': 'redaktion@nius.de', 'name': 'Redaktion', 'active': True, 'permissions': [], 'slug': 'redaktion', 'firstName': '', 'authorSlug': 'redaktion', 'lastName': '', 'role': 'ADMIN', 'bio': '', 'profileImage': {'big_1x': 'https://api.nius.de/api/users/644f639cf03076c588c404f5/picture', 'big_2x': 'https://api.nius.de/api/users/644f639cf03076c588c404f5/picture', 'medium': 'https://api.nius.de/api/users/644f639cf03076c588c404f5/picture', 'small': 'https://api.nius.de/api/users/644f639cf03076c588c404f5/picture', 'portrait_1x': 'https://api.nius.de/api/users/644f639cf03076c588c404f5/picture', 'portrait_2x': 'https://api.nius.de/api/users/644f639cf03076c588c404f5/picture', 'original': 'https://api.nius.de/api/users/644f639cf03076c588c404f5/picture', 'title': '', 'id': '644f639cf03076c588c404f5'}}]","{'big_1x': 'https://api.nius.de/api/assets/office-hr/a73b55d1-5327-40f2-84e1-57c44c04c2b6?width=1400&height=1000&mode=CropUpsize', 'big_2x': 'https://api.nius.de/api/assets/office-hr/a73b55d1-5327-40f2-84e1-57c44c04c2b6?width=2000&height=1500&mode=CropUpsize', 'medium': 'https://api.nius.de/api/assets/office-hr/a73b55d1-5327-40f2-84e1-57c44c04c2b6?width=800&height=600&mode=CropUpsize', 'small': 'https://api.nius.de/api/assets/office-hr/a73b55d1-5327-40f2-84e1-57c44c04c2b6?width=400&height=300&mode=CropUpsize', 'portrait_1x': 'https://api.nius.de/api/assets/office-hr/a73b55d1-5327-40f2-84e1-57c44c04c2b6?width=375&height=500&mode=CropUpsize', 'portrait_2x': 'https://api.nius.de/api/assets/office-hr/a73b55d1-5327-40f2-84e1-57c44c04c2b6?width=750&height=1000&mode=CropUpsize', 'original': 'https://api.nius.de/api/assets/office-hr/a73b55d1-5327-40f2-84e1-57c44c04c2b6', 'title': '', 'id': 'a73b55d1-5327-40f2-84e1-57c44c04c2b6'}",,False,False,[],True,"{'title': 'NIUS-Leser empören sich über Carsten Linnemann: „Holt endlich die vielen Nichtstuer von der Couch!“', 'description': 'Die Bemerkung von Carsten Linnemann, dass Rentner in Deutschland mehr arbeiten sollten, hat viele NIUS-User aufgebracht und verärgert.', 'image': 'https://api.nius.de/api/assets/office-hr/b13fee19-960b-4f70-a873-0eb7e7dcf2de/24782047-edf2-452a-aaa0-83a33df334bb.jpg', 'locale': 'office-hr', 'url': None, 'publishedAt': '2025-05-27T13:47:13Z', 'modifiedAt': '2025-05-27T14:07:16.111Z', 'author': None, 'category': 'NIUS Live', 'tags': []}",https://www.nius.de/nius-live/news/holt-endlich-die-vielen-nichtstuer-von-der-couch/24782047-edf2-452a-aaa0-83a33df334bb,2025-05-27,"# NIUS-Leser empören sich über Carsten Linnemann: „Holt endlich die vielen Nichtstuer von der Couch!“

Die Bemerkung von Carsten Linnemann, dass Rentner in Deutschland mehr arbeiten sollten, hat viele NIUS-User aufgebracht und verärgert.
Schauen Sie hier:
Hier einige Stimmen der Empörung aus unserem NIUS Live-Chat:
„Der soll mal lieber diejenigen in Arbeit bringen, die noch nie gearbeitet und Steuern bezahlt habe, anstatt die Arbeitenden noch länger arbeiten zu lassen. Im Übrigen wissen Merz & Co selbst nicht, was körperliche schweißtreibende Arbeit bedeutet. Rentner haben sich ihre Rente und ihren Ruhestand wortwörtlich verdient.“ Folgejesus3057

## „Das ist doch der Sinn der Rente“

„Es ist schon paradox. Jahrzehntelang arbeiten Menschen, tragen die Gesellschaft, zahlen Steuern und Rentenbeiträge – und wenn sie endlich in den Ruhestand kommen, wird ihnen vorgeworfen, zu wenig zu arbeiten. Dabei ist das doch genau der Sinn der Rente, dass man sich zurückziehen darf, weil Körper und Geist nicht mehr auf dem gleichen Energielevel sind wie mit 30 oder 40. Dass mit 65 Jahren Schluss ist, wurde ja nicht aus Langeweile beschlossen, sondern weil der natürliche Alterungsprozess bei den meisten Menschen eine dauerhafte Erwerbsarbeit nicht zulässt. Wer 45 Jahre gearbeitet hat, der hat seinen Ruhestand nicht zu erklären. Er hat ihn verdient.“ Ygraphics
„Ist es lukrativer, wenn man arbeitet, bis man so lange arbeitet, bis man keine Leistung mehr bringt und bald die Löffel abgibt und so möglichst wenig in die Rentenkasse greift?“ Elisabeth-T57
„Dann muss ich mich erst einmal bei meiner Mutter beschweren, die mit 58 in den Ruhestand gegangen ist und 91 Jahre alt geworden ist. Aber ich habe satte acht Jahre länger gearbeitet. Und das find ich vollkommen ok.“ Anonymus

## „Der Kanzler verhält sich wie ein Wetterhahn“

„Wer vertraut noch Deutschland, wenn das eigene Volk einen Regierungswechsel will und der neue Kanzler sich verhält wie ein Wetterhahn?“  RolfLustig
„Wenn Politiker über Arbeit reden, kann man nur kotzen oder lachen.“  Bvbdragühn
„Es ist leider so, dass man heute erst mit 64 Jahren und sechs Monaten in die Rente gehen kann. Außerdem ist es so, dass diese Generation bereits mit 15/16 Jahren anfing, zu arbeiten.“ deingewissen4831
„Bürgergeldempfänger und Politiker arbeiten zu wenig“
„In erster Linie arbeiten doch wohl Bürgergeldempfänger und Politiker zu wenig. Rentner können wenigstens sagen, dass sie über Jahrzehnte gearbeitet und Steuern gezahlt haben.“ Froschi3044
„Mittlerweile sind es nur noch 13 Millionen Menschen, die circa 85 Millionen Menschen versorgen. Diese Rechnung geht nicht mehr auf!“ carolaschetti3482
„Ich bin 40, ich arbeite Vollzeit. Ich zahle jede Menge von Steuern, mein Mann arbeitet ebenso. Von meinem Steuergeld werden Millionen Menschen ernährt, ohne etwas dafür zu leisten.“ filemonka85
„Die Alten sollen es jetzt richten! Frechheit! Holt doch endlich die vielen Nichtstuer von der Couch!“ Kerstindolz1663
Lesen Sie auch:
Liebe CDU, ich bin Rentner und arbeite zu viel"
23f28e0d-37fd-4778-b1a5-f51a8838ef0d,Ode an die Eier,<span>Ode an die Eier</span>,,/kommentar/news/ode-an-die-eier/23f28e0d-37fd-4778-b1a5-f51a8838ef0d,/kommentar,/articles/ode-an-die-eier/23f28e0d-37fd-4778-b1a5-f51a8838ef0d,"{'big_1x': 'https://api.nius.de/api/assets/office-hr/6ffc37f2-7426-4f3f-84e8-3129ffd2ed46?width=1400&height=1000&mode=CropUpsize', 'big_2x': 'https://api.nius.de/api/assets/office-hr/6ffc37f2-7426-4f3f-84e8-3129ffd2ed46?width=2000&height=1500&mode=CropUpsize', 'medium': 'https://api.nius.de/api/assets/office-hr/6ffc37f2-7426-4f3f-84e8-3129ffd2ed46?width=800&height=600&mode=CropUpsize', 'small': 'https://api.nius.de/api/assets/office-hr/6ffc37f2-7426-4f3f-84e8-3129ffd2ed46?width=400&height=300&mode=CropUpsize', 'portrait_1x': 'https://api.nius.de/api/assets/office-hr/6ffc37f2-7426-4f3f-84e8-3129ffd2ed46?width=375&height=500&mode=CropUpsize', 'portrait_2x': 'https://api.nius.de/api/assets/office-hr/6ffc37f2-7426-4f3f-84e8-3129ffd2ed46?width=750&height=1000&mode=CropUpsize', 'original': 'https://api.nius.de/api/assets/office-hr/6ffc37f2-7426-4f3f-84e8-3129ffd2ed46', 'title': '', 'id': '6ffc37f2-7426-4f3f-84e8-3129ffd2ed46'}",[],,['Kommentar'],ode-an-die-eier,2025-07-12T22:50:36Z,2025-05-27T15:03:59Z,2025-05-27 15:07:12.963000+00:00,System Teaser,"[{'id': '6566440a2c300120e3fcdf27', 'email': 'louis.hagen@vius.com', 'name': 'Louis Hagen', 'active': True, 'permissions': [], 'slug': 'louis-hagen', 'firstName': '', 'authorSlug': 'louis-hagen', 'lastName': '', 'role': 'ADMIN', 'bio': '', 'profileImage': {'big_1x': 'https://api.nius.de/api/users/6566440a2c300120e3fcdf27/picture', 'big_2x': 'https://api.nius.de/api/users/6566440a2c300120e3fcdf27/picture', 'medium': 'https://api.nius.de/api/users/6566440a2c300120e3fcdf27/picture', 'small': 'https://api.nius.de/api/users/6566440a2c300120e3fcdf27/picture', 'portrait_1x': 'https://api.nius.de/api/users/6566440a2c300120e3fcdf27/picture', 'portrait_2x': 'https://api.nius.de/api/users/6566440a2c300120e3fcdf27/picture', 'original': 'https://api.nius.de/api/users/6566440a2c300120e3fcdf27/picture', 'title': '', 'id': '6566440a2c300120e3fcdf27'}}]","{'big_1x': 'https://api.nius.de/api/assets/office-hr/96ae4c49-d075-4b43-937c-ed5dd7b52ef6?width=1400&height=1000&mode=CropUpsize', 'big_2x': 'https://api.nius.de/api/assets/office-hr/96ae4c49-d075-4b43-937c-ed5dd7b52ef6?width=2000&height=1500&mode=CropUpsize', 'medium': 'https://api.nius.de/api/assets/office-hr/96ae4c49-d075-4b43-937c-ed5dd7b52ef6?width=800&height=600&mode=CropUpsize', 'small': 'https://api.nius.de/api/assets/office-hr/96ae4c49-d075-4b43-937c-ed5dd7b52ef6?width=400&height=300&mode=CropUpsize', 'portrait_1x': 'https://api.nius.de/api/assets/office-hr/96ae4c49-d075-4b43-937c-ed5dd7b52ef6?width=375&height=500&mode=CropUpsize', 'portrait_2x': 'https://api.nius.de/api/assets/office-hr/96ae4c49-d075-4b43-937c-ed5dd7b52ef6?width=750&height=1000&mode=CropUpsize', 'original': 'https://api.nius.de/api/assets/office-hr/96ae4c49-d075-4b43-937c-ed5dd7b52ef6', 'title': '', 'id': '96ae4c49-d075-4b43-937c-ed5dd7b52ef6'}",,False,False,[],True,"{'title': 'Ode an die Eier', 'description': 'Nach neuesten Untersuchungen sind Eier in jeder Form gesund.', 'image': 'https://api.nius.de/api/assets/office-hr/6ffc37f2-7426-4f3f-84e8-3129ffd2ed46/23f28e0d-37fd-4778-b1a5-f51a8838ef0d.jpg', 'locale': 'office-hr', 'url': None, 'publishedAt': '2025-05-27T15:03:59Z', 'modifiedAt': '2025-05-27T15:07:12.963Z', 'author': None, 'category': 'Kommentar', 'tags': []}",https://www.nius.de/kommentar/news/ode-an-die-eier/23f28e0d-37fd-4778-b1a5-f51a8838ef0d,2025-05-27,"# Ode an die Eier

Woran denken Sie, liebe Leser, wenn Sie das Wort „Hühnerei“ hören? Hoffentlich nicht an das eine Wort, denn das klingt böse – das Wort Cholesterin. Es ist nicht lange her, da hat man Hühnereier verteufelt – und zwar weltweit. Lange Zeit galt das Ei als ein Lebensmittel, das man mit Vorsicht genießen sollte. Denn Eier enthalten recht viel Cholesterin: 100 Gramm Ei (rund zwei kleine Eier) haben etwa 300 Milligramm Cholesterin. Das Problem: Ein zu hoher Cholesterinspiegel im Blut kann zu Herz-Kreislauf-Erkrankungen führen.

## Cholesterin ist nicht automatisch schlecht

So weit, so schlecht. Was man erst seit kurzem weiß, hat die Neue Zürcher Zeitung jetzt mit wissenschaftlichen Zahlen der schweizerischen Gesundheitsbehörden belegt: Das Cholesterin im Blut steigt nicht automatisch, wenn wir etwas Cholesterinhaltiges essen. Denn vor allem die Leber reguliert den Cholesterinspiegel. Wie gut das funktioniert, bestimmen auch die Gene. Manche Menschen haben also unabhängig von ihrem Lebenswandel eine Veranlagung für zu hohe Cholesterinwerte.
Ein gesundes Frühstück: Zwei Spiegeleier und eine Scheibe Vollkornbrot.
Also: Von jetzt ab nur noch gute Nachrichten in dieser Ode an die Eier.
Das Eigelb besteht zu einem Drittel aus Fett – mehrheitlich aus ungesättigten Fettsäuren. Das Eiweiß hingegen enthält so gut wie kein Fett. Und dieser Fakt hat zur Folge, dass das Eigelb deutlich mehr Kilokalorien (kcal) hat als das Eiweiß, nämlich rund 350 kcal pro 100 Gramm contra etwa 45 kcal pro 100 Gramm Eiweiß. Das mag ein Grund sein, weshalb manche Menschen ihr Rührei nur aus Eiweiß zubereiten und das Eigelb beiseitelassen. Doch wer das tut, verpasst eine Menge wertvoller Nährstoffe, die das Eigelb liefert.
Ich möchte Ihnen, liebe Leser, am Schluss noch einmal die Essenz dieser Ode an die Eier vermitteln:
Nach neuesten Untersuchungen sind Eier in jeder Form gesund. Es gibt keine natürliche Begrenzung in der Menge, ich kenne einen Kollegen, der isst jeden Tag drei Eier. Und der sieht ziemlich fit aus.
Mehr NIUS: Neue Ernährungs-Pyramide: Regierung macht unser Fleisch schlecht"
c3fc5d08-0be4-45a7-90cd-46c882d383ea," Außenminister Wadephul geht auf Israels Regierung los: „Die Regierung Israels, die man vom Volk unterscheiden muss, wird uns nicht in eine Zwangssolidarität zwingen“","<span> Außenminister Wadephul geht auf Israels Regierung los: „Die Regierung Israels, die man vom Volk unterscheiden muss, wird uns nicht in eine Zwangssolidarität zwingen“</span>",,/politik/news/aussenminister-wadephul-geht-auf-israels-regierung-los/c3fc5d08-0be4-45a7-90cd-46c882d383ea,/politik,/articles/aussenminister-wadephul-geht-auf-israels-regierung-los/c3fc5d08-0be4-45a7-90cd-46c882d383ea,"{'big_1x': 'https://api.nius.de/api/assets/office-hr/846ec258-14a1-405e-96ed-a139ca40936d?width=1400&height=1000&mode=CropUpsize', 'big_2x': 'https://api.nius.de/api/assets/office-hr/846ec258-14a1-405e-96ed-a139ca40936d?width=2000&height=1500&mode=CropUpsize', 'medium': 'https://api.nius.de/api/assets/office-hr/846ec258-14a1-405e-96ed-a139ca40936d?width=800&height=600&mode=CropUpsize', 'small': 'https://api.nius.de/api/assets/office-hr/846ec258-14a1-405e-96ed-a139ca40936d?width=400&height=300&mode=CropUpsize', 'portrait_1x': 'https://api.nius.de/api/assets/office-hr/846ec258-14a1-405e-96ed-a139ca40936d?width=375&height=500&mode=CropUpsize', 'portrait_2x': 'https://api.nius.de/api/assets/office-hr/846ec258-14a1-405e-96ed-a139ca40936d?width=750&height=1000&mode=CropUpsize', 'original': 'https://api.nius.de/api/assets/office-hr/846ec258-14a1-405e-96ed-a139ca40936d', 'title': '', 'id': '846ec258-14a1-405e-96ed-a139ca40936d'}",[],,['Politik'],aussenminister-wadephul-geht-auf-israels-regierung-los,2025-05-27T19:32:16Z,2025-05-27T15:57:49Z,2025-05-27 16:09:41.938000+00:00,,"[{'id': '644f639cf03076c588c404f5', 'email': 'redaktion@nius.de', 'name': 'Redaktion', 'active': True, 'permissions': [], 'slug': 'redaktion', 'firstName': '', 'authorSlug': 'redaktion', 'lastName': '', 'role': 'ADMIN', 'bio': '', 'profileImage': {'big_1x': 'https://api.nius.de/api/users/644f639cf03076c588c404f5/picture', 'big_2x': 'https://api.nius.de/api/users/644f639cf03076c588c404f5/picture', 'medium': 'https://api.nius.de/api/users/644f639cf03076c588c404f5/picture', 'small': 'https://api.nius.de/api/users/644f639cf03076c588c404f5/picture', 'portrait_1x': 'https://api.nius.de/api/users/644f639cf03076c588c404f5/picture', 'portrait_2x': 'https://api.nius.de/api/users/644f639cf03076c588c404f5/picture', 'original': 'https://api.nius.de/api/users/644f639cf03076c588c404f5/picture', 'title': '', 'id': '644f639cf03076c588c404f5'}}]",,,False,False,[],True,"{'title': ' Außenminister Wadephul geht auf Israels Regierung los: „Die Regierung Israels, die man vom Volk unterscheiden muss, wird uns nicht in eine Zwangssolidarität zwingen“', 'description': 'Außenminister Johann Wadephul (CDU) hat der israelischen Regierung vorgeworfen, die deutsche Solidarität mit dem Staat Israel für ihre Kriegsführung im Gazastreifen instrumentalisieren zu wollen. ', 'image': 'https://api.nius.de/api/assets/office-hr/846ec258-14a1-405e-96ed-a139ca40936d/c3fc5d08-0be4-45a7-90cd-46c882d383ea.jpg', 'locale': 'office-hr', 'url': None, 'publishedAt': '2025-05-27T15:57:49Z', 'modifiedAt': '2025-05-27T16:09:41.938Z', 'author': None, 'category': 'Politik', 'tags': []}",https://www.nius.de/politik/news/aussenminister-wadephul-geht-auf-israels-regierung-los/c3fc5d08-0be4-45a7-90cd-46c882d383ea,2025-05-27,"# Außenminister Wadephul geht auf Israels Regierung los: „Die Regierung Israels, die man vom Volk unterscheiden muss, wird uns nicht in eine Zwangssolidarität zwingen“

Außenminister Johann Wadephul (CDU) hat der israelischen Regierung vorgeworfen, die deutsche Solidarität mit dem Staat Israel für ihre Kriegsführung im Gazastreifen instrumentalisieren zu wollen. Beim WDR-Europaforum 2025 auf der re:publica in Berlin sagte er: „Die Regierung des Staates Israel, die man aus meiner Sicht völlig unterscheiden muss vom Volk, was im Staat Israel lebt – ich glaube, diese Regierung muss ganz klar wissen, dass wir uns nicht instrumentalisieren lassen.“
Der CDU-Politiker betonte, dass die deutsche Unterstützung für das Existenzrecht Israels und der Kampf gegen Antisemitismus nicht für militärische Ziele missbraucht werden dürften.
Wadephul erklärte: „So lassen wir uns politisch auch als deutsche Bundesregierung nicht unter Druck setzen und in eine Position bringen, dass wir zu einer Zwangssolidarität gezwungen werden. Die wird es in der Form nicht geben können.“
Israel habe selbstverständlich das Recht, gegen die Hamas vorzugehen, die noch immer Geiseln festhält, so Wadephul. Jedoch sei dabei die Verhältnismäßigkeit „überschritten in der Dauer, in der Härte, in der Konsequenz, wie die israelische Armee dort vorgeht“.
Laut Wadephul sei völlig inakzeptabel, dass die Menschen im Gazastreifen nicht mit Grundnahrungsmitteln und Medikamenten versorgt werden. Deutschland stehe zum Staat Israel und haben dafür auch eine besondere Verantwortung. „Aber wir stehen auch zu den Menschen im Gazastreifen.“"
