title,date,url,author,teaser,article_text
Roms Weltreich: Von Klimas Gnaden?,2026-01-23,https://www.tichyseinblick.de/feuilleton/buecher/roms-weltreich-von-klimas-gnaden/,Buchauszug,"In den hitzigen Debatten, wie dem aktuellen Klimawandel zu begegnen sei, kommt der Blick auf historische Klimaveränderungen und deren Auswirkungen auf die Menschheitsgeschichte zu kurz. In einem neuen Buch erzählt der Physiker Werner Huber wie unsere Vorfahren diesen Herausforderungen begegnet sind.","Roms riesige Expansion durch Urwälder und über Berge, Meere und Kontinente hinweg – mit den damaligen Mitteln und in relativ kurzer Zeit – gehört zu den Großphänomenen der Weltgeschichte. Möglich war sie nur durch das Römische Klimaoptimum. Die tedils noch höheren Temperaturen als heute ermöglichten das ganzjährige Passieren der Alpenpässe. Der Hochalpenbergbau, etwa in den Hohen Tauern, lieferte Eisen und Gold für Aufrüstung und Finanzierung. Moderate Niederschläge ließen frühere Sumpfgebiete trocknen und erlaubten den Bau strategischer Fernstraßennetze. Beispielhaft die Via Appia: Vom Herzen Roms führte sie hinunter in den Süden nach Brindisi, wo dann Truppen und Nachschub für die östlichen Mittelmeerregionen eingeschifft wurden. Dank Gunstklima war Roms Mare nostrum bis auf wenige Wintermonate weitgehend sturmfrei und gefahrlos befahrbar.

Nur deshalb gelang es auch, die schon zur Augustus-Zeit auf eine Million angewachsene Bevölkerung Roms zu ernähren. Tag für Tag verschlang die Kapitale tausend Tonnen Getreide, flossen 430 Hektoliter Öl in die Küchen – und Schönheitssalons –, sowie 500 000 Liter Wein in die Kehlen. Dass Korn und Öl an die Plebs kostenlos verteilt wurde, war sicher kein Anreiz zum Einhalten. Sehr viel kam übers Meer. Im globalisierten Wettbewerb konkurrierten die Kornkammern Siziliens, Nordafrikas und der kaiserlichen Ländereien Ägyptens. Beim Olivenöl war mal Andalusien angesagt, mal Nordafrika. Griechische Inseln wechselten sich beim Wein ab mit Südfrankreich und Spanien. Und das hochbegehrte Garum, laut dem Chronisten Plinius eine „nach Verwesung stinkende“ Fischsoße, kam von der Atlantikküste, heute Portugal. Das meiste wurde in Roms Haupthafen Ostia angelandet, den Augustus stark ausbauen ließ mit großem Hafenbecken und zahlreichen enormen Speichern für die Amphoren – die Standardbehältnisse für Getreide bis zu Wein und Garum. Übrigens: Roms Monte Testaccio, der Scherbenberg, besteht aus nichts anderem als aus den Scherben von geschätzt 53 Millionen zerschlagener Amphoren.

Weiteres Indiz für die römische Warmzeit: Laut dem römischen Gelehrten Plinius konnten Wein und Oliven weiter nördlich in Italien angebaut werden als in früherer Zeit. Und ein kaiserliches Edikt verbot den Weinanbau nördlich der Alpen: Beleg, dass es möglich gewesen wäre. (…)

Gegen den grassierenden Klimapopulismus

Klimawandel im Wandel der Zeit

Im damaligen globalen Klimaoptimum lebten in Rom über eine Million Menschen, im gesamten Imperium Romanum 75 Millionen (einschließlich Nordafrika, Ägypten und Mesopotamien mit ihren hohen Bevölkerungszahlen). Weltweit waren es 300 Millionen, allein 150 Millionen in den zwei alten Hochkulturen Asiens, China und Indien. Die Zahlen hatten keinen Bestand – es nahten dunkle Zeiten, das Klima würde dafür sorgen. Ein erstes Wetterleuchten war eine Abkühlphase etwas vor 200 n. Chr. Immerhin trieb sie schon einige Germanenvölker nach Süden: Die Goten zogen von Ostsee und Weichsel zum Schwarzen Meer, die Vandalen drangen über die Karpaten in die Donau-Ebene vor. Dies sollte Konsequenzen haben … (…)

Die Imperatoren hatten die Christen, die die Staatsgötteranbetung ablehnten, immer schärfer und grausamer verfolgen lassen. Ohne Erfolg, ihre Zahl wuchs weiter. Dank der Anziehungskraft der christlichen Heilsbotschaft und weil viele Römer angesichts der Unglücksschläge nicht mehr an die Staatsgötter glaubten. Kaiser Konstantin – eine weitere epochale Gestalt, residierend zeitweise in Trier: sehr imposant die monumentale Konstantin-Basilika! – gestand schließlich 313 n. Chr. im Mailänder Toleranzedikt den Christen die Religionsfreiheit zu. Er begann die Christen sogar zu fördern in der Hoffnung auf eine neue staatstragende Kraft und Klammer für die divergierenden Reichsvölker. Vielleicht auch aus eigenem Glauben und Hoffen auf Gottesbeistand. Beeinflusst wurde er dabei wohl durch seine früh getaufte Mutter Helena, die Heilige Helena, die lange bei ihm lebte, schon in Trier. (…)

Konstantin gilt jedenfalls als erfolgreicher, großer Herrscher, der das Imperium noch einmal festigen konnte. Auch eine neue, strategisch günstiger gelegene Reichshauptstadt begründete er und ließ sie prachtvoll ausbauen: Konstantinopel. Sie sollte nach der Reichsteilung 395 n. Chr. zur Hauptstadt von Ostrom werden.

Die Teilung kam nicht zuletzt, weil immer härtere Schläge über das Reich hereinbrachen. Eine globale Klimaverschlechterung brachte weitab in Zentralasien, von Tibet bis ans Kaspische Meer, Trockenheit und noch eisigere Winter als sonst. Und ließ den dortigen Reiternomaden kaum noch das nackte Leben. Schon bisher brachte der Winter Monate des Hungers für Mensch und Tier, die kleinen Pferdchen magerten ab, die Stuten gaben keine Milch mehr. Das ab 370 n. Chr. nochmal feindlichere Klima veranlasste die Steppenbewohner sich ein milderes Land zu suchen. Besonders zog sie der ferne Weltteil weit jenseits der Steppen an, der sowohl fabelhaft warm als auch reich sein sollte. So schwangen sie sich auf ihre Pferde, gerüstet mit Pfeil und Bogen und Kurzschwert, und setzten sich gen Westen in Bewegung. Richtung Schwarzes Meer und Gotenreich. Nicht lange, und dort erschallte der Schreckensruf: „Die Hunnen kommen!“

Der römische Chronist und hohe Offizier Marcellinus schildert den Einfall der Hunnen ins Gotenland, der die Völkerwanderungszeit anstieß: „Nachdem diese unbändigen Invasoren plündernd und mordend die Grenzen überwunden, die Verteidiger geschlagen und Städte und Dörfer verwüstet hatten, beschlossen die Bewohner, von Hunger geschwächt, sich eine neue Zuflucht zu suchen. Wegen der Fruchtbarkeit seiner Weiden und dem Schutz, den die breite Donau bot, fiel ihre Wahl auf Thrakien [heute Bulgarien], unweit Konstantinopel.“ Und bald darauf: „Eine Masse Barbaren, durch Gewalt aus ihren Wohnsitzen verdrängt, trieb unstet mit Weib und Kind in einzelnen Gruppen am Donau-Ufer umher.“ Auf Ochsenkarren irrten die Goten am Strom entlang, wollten auf die Südseite übersetzen.

TRENDWENDE

Der Siegeszug der Ökorealisten

Der Kaiser befahl, in der Hoffnung auf gotische Söldner für sein geschwächtes Heer, eine Gruppe ins Reich zu lassen. Mit Booten, Flößen oder Baumstämmen setzten die Goten über, Tag und Nacht, immer mehr. Viele schwammen neben ihren Pferden her, verzweifelt bemüht, von der Macht des Stroms nicht abgetrieben zu werden. Alle wollten hinüber. Und dank überforderter römischer Grenzsoldaten schafften sie es auch: geschätzt 90.000, darunter 15.000 Kämpfer. Ausgehungert und voll Ingrimm über ausbleibende römische Hilfe gehen sie auf Beutezug, ziehen plündernd und brandschatzend auf Konstantinopel. Die Römer planen ihre Zerschlagung: Tötung der Anführer bei einem Gastmahl, wahlweise Vernichtung durch das Heer. Der Plan scheitert, stattdessen schlagen umgekehrt die Goten das Römerheer. Maßgeblich dank ihrer den Hunnen abgeschauten Bogenschützenreiterei. „Wohin auch die Augen sich richteten, lagen die Gefallenen zu Bergen aufgetürmt“, so der Chronist. Gezwungenermaßen muss Rom ihnen Land zugestehen.

Was ein paar Jahre Frieden bringt. Bis die Hunnen nun direkt ins Reich einfallen, ausgerechnet die Goten wieder angreifen und sie zu neuer Flucht zwingen: Nun fallen sie unter ihrem Führer Alarich in Italien ein. In diesem eisigen Winter 406 n. Chr. aber steht das Kaiserheer im Abwehrkampf gegen eine beispiellose Invasion am Oberrhein: Wohl über 100 000 Germanen aus zahlreichen Stämmen überqueren samt Kind und Kegel den zugefrorenen Rhein, überrennen die römischen Verteidigungslinien und dringen in Gallien nach Süden vor. Ihre Antriebe ähnlich denen der Hunnen: Verheißungen von Reichtum und besserem, milderen Land. Das Ergebnis aus Sicht der Betroffenen: „Ganz Gallien war erfüllt vom Rauch eines einzigen Scheiterhaufens.“ Das Kaiserheer weiß kaum wo anfangen.

Die Goten in Italien jedenfalls haben freie Bahn. Wütend, dass man ihnen gutes Siedlungsland verweigert, ziehen sie gegen Rom, stürmen 410 n. Chr. zu Zehntausenden die mächtigen Mauern der Hauptstadt der Welt. Drei Tage wird geplündert und geraubt, besonders aus den Prachtvillen der Patrizier. Verschont werden jene, die sich in Kirchen flüchten – Alarich ist bereits Christ. Beim Abzug werden Römer verschleppt, darunter die Halbschwester des Kaisers, Galla Placidia. Sie wird später durch Heirat die Königin des späteren Gotenreichs in Südgallien und dann Spanien, wo die Goten endlich Heimat finden werden.

Der mit Tragödien gefüllte bittere Becher, den Europas Bevölkerung leeren muss, quillt über, als um 450 n. Chr. nun auch noch 50 000 Hunnen-Krieger, darunter die gefürchteten Bogenschützen, sengend und mordend quer durch Germanien und Gallien ziehen, wo sie erst durch die Schlacht auf den Katalaunischen Feldern, unter Mithilfe der Goten, aufgehalten werden. Dann aber nach Italien einfallen. Nicht genug damit: Nachdem das wankende Reich sie mühsam abgedrängt hat, fallen germanische Vandalen, ebenfalls vertrieben von den Hunnen – bis nach Nordafrika sogar – per Schiffsinvasion ein. Erneut wird Rom gestürmt und beraubt: Mit Schätzen und Gefangenen beladen kehren die Vandalen nach Karthago zurück. Mit dem Verlust Nordafrikas ist Rom nun von lebenswichtigen Getreidelieferungen abgeschnitten: Auch ökonomisch taumelt das Westreich nun seinem Ende entgegen. Das verwüstete Rom wird entthront, der Regierungssitz nach Ravenna verlegt.

Die Kaiser sind nur noch die purpurgekleideten Hüllen einstiger Macht. Diese liegt inzwischen bei den – nun meist germanischen – Heermeistern. 476 n. Chr. erheben die von Germanensöldnern dominierten Truppen ihren Heermeister Odoaker zum rex italiae – in der germanischen Stammestradition der Königsherrschaft. Kaiser ist da gerade Romulus Augustulus, das fremdgelenkte, noch kindliche Kaiserlein – als groteske Figur die passende Vorlage für eine Realsatire, siehe Dürrenmatts Romulus der Große. Odoaker setzt das Kaiserlein ab und begründet das germanische Königtum auf der Apenninenhalbinsel. Ein gutes Jahrzehnt kann er das Westreich stabilisieren. Doch dann tritt ein neuer Gotenstamm auf den Plan: Mit 100 000 Menschen zieht der Führer Theoderich gegen Odoakers Residenz Ravenna, erobert sie nach dreijähriger Belagerung, tötet Odoaker und erhebt sich zum neuen König über Italiker und Goten.

Menschliche Unergründlichkeit: Der Mörder führt über lange drei Jahrzehnte ein kluges Regiment und verewigt sich nebenher im grandiosen Mosaikenparadies Ravennas, heute ein Star der Welterbekulturstätten.

Nach Theoderichs Tod 526 n. Chr. aber sinkt das Westreich ins Dunkel der Geschichte. Anders als das Ostreich, das mit seiner prächtig-kunstreichen Hauptstadt Konstantinopel, später umbenannt in Byzanz, die römische Zivilisation noch fast tausend Jahre weitertragen wird. Manifestiert im monumentalen Ewigkeitsbau der Hagia Sophia, dem Leuchtstern der Ost-Christenheit. Der dann im Jahr 1453 mit der Erstürmung von Byzanz durch die Türken für eine andere Religion zu leuchten beginnt.

Werner Huber,

Klima-Wahrheit.

Ewiger Wandel, Geschichtsmacht, Klimastreit, Klima- und Energiezukunft.

GHV, Klappenbroschur, 300 Seiten, 17 Abbildungen, 22,80 €.

Mit Ihrem Einkauf im TE-Shop unterstützen Sie den unabhängigen Journalismus von Tichys Einblick! Dafür unseren herzlichen Dank!!>>>"
Dänemark oder Israel – Leben in einer Lüge,2026-01-23,https://www.tichyseinblick.de/kolumnen/aus-aller-welt/daenemark-israel-lebensluege/,Godel Rosenberg,"Dänemark wird, zumindest verbal, verteidigt, Israel aber immer wieder verurteilt. Der Westen lebt von einer Lebenslüge. Solidarität gilt nur, wenn sie bequem ist und mit dem herrschenden Dogma. Die verlogene Illusion der Zwei-Staaten-Lösung im Nahen Osten ist das Lebenselixier für linke Realitätsverdrängung. Und die ist wichtiger als Sicherheit und Wohlstand.","Natürlich, jeder Mensch ist vor Gott und dem Gesetz gleich. Aber in der realen Welt sind manche etwas gleicher als die anderen. Der Vorhang für dieses Drama ist gerade auf der Weltbühne aufgegangen. Aktuelles Opfer ist Dänemark, für das die Europäische Union und Kanada erstaunlich schnell in die Bresche gesprungen sind. Für Israel, das seit Jahrzehnten Opfer eines ähnlichen Dramas ist, rührt außer den USA niemand einen Finger. Zum Glück kann es sich weitgehend selbst helfen. Kanadas Premierminister Mark Carney (oder einer seiner Vorgänger) hätte die eindrucksvolle Davos-2026-Rede schon längst vor der UNO halten müssen. Tenor: „Schluss mit der Lebenslüge“.

Aber Dänemark musste erst Ziel einer Trump-Attacke werden. So schnell hat die EU nicht einmal bei der Ukraine reagiert, Solidarität mit Kopenhagen erklärt und sogar multinationale Erkundungstrupps, wenn auch nur für 48 Stunden, nach Grönland entsandt. Der gemeinsame Gegner ist längst ausgemacht: Donald J. Trump, immerhin Präsident jener Macht, die Europa vor 80 Jahren von Nazi-Deutschland befreit hat, einen hohen Blutzoll dafür bezahlte und seither kostengünstig Frieden in Freiheit garantiert. Alles längst vergessen. Oder wie es Carney formulierte: „Nostalgie ist keine Strategie“, den bröckelnden Frieden zu bewahren.

Israel ist zwar nur halb so groß wie Dänemark, hat aber doppelt so viele Einwohner und ein wesentlich höheres Bruttosozialprodukt. Sein Arrow-3-Luftabwehrsystem ist mindestens so begehrt wie die Bodenschätze Grönlands. Es liegt als einzige lebendige Demokratie im ölreichen Nahen Osten, auf der Energie-Lebenslinie der Weltwirtschaft. Aber niemand würdigt dort den Überlebenskampf Israels, das für eine wertorientierte westliche Welt mindestens so wichtig ist wie Grönland.

Die Mehrheit der UNO und der EU glaubt seit über einem halben Jahrhundert an die Lebenslüge „Zwei-Staaten-Lösung“. Selbst das größte Massaker an Juden seit Auschwitz hat nichts daran geändert. Mehr noch: Die Täter sollen nach dem Massenmord an mehrheitlich Zivilisten belohnt werden. Es ist den arabisch-muslimischen Barbaren am 7. Oktober 2023 gelungen, EU-Länder, Universitäten und die Straßen in Europa, Australien und den USA gegen den Judenstaat aufzubringen. Eine Hetz-Veranstaltung gegen das Opferland Israel, wie es sie in diesem Ausmaß zuvor noch nie gegeben hat. Extrem-Linke, Extrem-Rechte, extreme Islamisten, Antisemiten, Judenhasser und Israel-Feinde singen Hand-in-Hand: „From the River to the Sea – Palestine Free“, was bekanntlich nichts anderes bedeuten kann als die Vernichtung Israels.

Kanadas Carney erinnert an Václav Havels unvergessene Rede von 1978. Darin stellte er eine einfache Frage: Wie konnte sich das (Terror-)kommunistische System aufrechterhalten? Seine Antwort begann mit einem Gemüsehändler. Jeden Morgen hängt dieser Ladenbesitzer ein Schild in sein Fenster: „Arbeiter aller Länder, vereinigt euch!“ Er glaubt nicht daran. Niemand glaubt daran. Aber er hängt das Schild trotzdem auf – um Ärger zu vermeiden, um Konformität zu signalisieren, um sich anzupassen. Und weil jeder Ladenbesitzer in jeder Straße dasselbe tut, bleibt das System bestehen. Nicht allein durch Gewalt, sondern durch die Teilnahme gewöhnlicher Menschen an Ritualen, von denen sie insgeheim wissen, dass sie falsch sind. Havel nannte dies „Leben in einer Lüge“. Die Macht des Systems beruht nicht auf seiner Wahrheit, sondern auf der Bereitschaft aller, so zu tun, als wäre es wahr. Und seine Fragilität hat denselben Ursprung: Wenn auch nur eine Person aufhört, so zu tun – wenn der Gemüsehändler sein Schild entfernt –, beginnt die Illusion zu bröckeln.

Nicht nur Israel wartet darauf, dass der erste „Gemüsehändler“ sein Schild der „Zwei-Staaten-Lösung“ entfernt. Denn niemand weiß, wo dieser Staat liegen soll, keiner kann auch nur annähernd akzeptable Grenzen benennen. Außer Terror-Organisationen gibt es auch keine mögliche Führung, die die Nahost-Welt bereichern könnte. Und nicht zuletzt: Die Täter und Handlager des 7. Oktober wollen ausdrücklich keinen zweiten Staat zwischen „the River and the Sea“, sondern nur einen und der darf nicht Israel heißen. Seine Bürger sollen tunlichst verschwinden, dorthin, wo sie hergekommen sind.

Kanada ist 450-mal größer als Israel, kann aber ohne Abstriche Carneys Selbstauskunft unterschreiben: „Wir (Israel) sind ein stabiler, verlässlicher Partner – in einer Welt, die alles andere als stabil und verlässlich ist –, ein Partner, der langfristige Beziehungen aufbaut und schätzt.“ Die Abraham-Accords aus dem Jahr 2020, von Trump initiiert, haben den Weg gezeigt und warten auf Zulauf aus den arabischen Nachbarstaaten.

Israel kann Dänemark in diesen Tagen dankbar sein. Der Eisklotz im Norden hat den Nahen Osten vorerst aus den Schlagzeilen verdrängt. Die Akteure können von Medien weitgehend ungestört den „Friedensrat für Gaza“ gestalten. Deutschland, Frankreich und Großbritannien lehnen eine Teilnahme ab. Sie lieben den „Friedensrat“ UNO. Dort können sie ihre Lebenslüge weiter pflegen, Israel regelmäßig verurteilen, sich feige der Stimme enthalten und damit vor „Palästina“ in die Knie gehen. Israels Benyamin Netanyahu hat Trumps Friedensrats-Einladung angenommen. Sein Name steht neben den Führern von Saudi-Arabien, Katar, Türkei, den Vereinigten Arabischen Emiraten sowie Argentinien und Paraguay. Aus der EU haben vorerst nur Ungarns Viktor Orbán und der britische Ex-Premier Tony Blair zugesagt.

Netanyahu hätte der Welt in Davos gerne detailliert erzählt, warum er Truppen aus Katar und Türkei in Gaza ablehnt. Aber er darf nicht anreisen. Gegen den einzigen demokratisch gewählten Ministerpräsidenten liegt ein Haftbefehl vor, ausgestellt in Den Haag. Es wäre höchste Zeit, dass das „Leben in einer Lüge“ ein Ende findet.

Der alte Hass neu aufgelegt

Antijüdische Demonstration startet am Holocaust-Denkmal

Interview mit Prof. Susanne Schröter

Wer islamkritisch forscht, verliert die Karriere"
"Trumps Friedensrat soll lösen, was die UN verdösen",2026-01-23,https://www.tichyseinblick.de/kolumnen/goergens-feder/trump-uno/,Fritz Goergen,"Eine Garantie für das Gelingen der Vorhaben des Friedensrats gibt es nicht. Auf den unermüdlichen Einsatz von Trump, Deals im Orient genauso wie in allen anderen Konfliktzonen zwischen China und Amerika zustande zu bringen, ist Verlass. UN adé.","Auf der offiziellen Website

The White House

steht seit heute früh: Die Vereinigten Staaten sind aus der Weltgesundheitsorganisation (WHO) ausgetreten. Damit vollzieht President Trump die vor einem Jahr unterzeichnete Exekutivanordnung.

Als Anlass wird das Versagen der WHO im Umgang mit COVID-19 genannt sowie ihr anhaltender Mangel an Reformen, Rechenschaftspflicht und Transparenz.

Ich bin damit einverstanden, dass mir Inhalte von Twitter angezeigt werden.

Nach seiner Jahrzehnt-Rede beim World Economic Forum (WEF), der Propaganda-Bühne in den Schweizer Bergen, zelebrierte US President Donald Trump in Davos die Unterzeichnung der Charta seines „Board of Peace.“ Diesen Friedensrat hatte er zur Verwirklichung seines Friedensplanes in Gaza entwerfen lassen, von Anfang an aber weit über den Problemkreis Vorderer und Mittlerer Osten hinaus angelegt.

Den vollständigen

Text der Charta des Friedensvorstands

dokumentierte die

Times of Israel.

Ausgangsaufgabe ist die strategische Aufsicht der Gaza-Rekonstruktion, Demilitarisierung der Hamas, Etablierung einer „technokratischen palästinensischen Regierung“ als

Teil der

Phase 2

des 20-Punkte-Friedensplans vom September 2025. Die Aufgabenbeschreibung auf Englisch, das als Verfahrenssprache festgelegt ist, was keine Übersetzung empfiehlt:

The Board of Peace is an international organization that seeks to promote stability, restore dependable and lawful governance, and secure enduring peace in areas affected or threatened by conflict. The Board of Peace shall undertake such peace-building functions in accordance with international law and as may be approved in accordance with this Charter, including the development and dissemination of best practices capable of being applied by all nations and communities seeking peace.

An Präsidenten oder Premiers unterzeichneten in Davos die von Argentinien, Armenien, Aserbeidschan, Bulgarien, Ungarn, Qatar, Indonesien, Kasachstan, Pakistan, Usbekistan – und offizielle Vertreter von Bahrain, Marokko, Jordanien, Kosovo, Paraguay, Saudi Arabien, Türkei, United Arab Emirates und Mongolei. Zugesagt haben Ägypten, Israel, Kuwait, Belarus, Albanien und Vietnam.

Nein sagten Frankreich, UK und Deutschland – na ja, nicht so ganz. Putin bewies mal wieder Witz, er sei zum Mitgliedsbeitrag von einer Milliarde bereit – aus den im Westen eingefrorenen Milliarden russischer Gelder.

Medial ging das Mittagessen im Hotel Seehof in Davos unter, bei dem Wortführer aus Israel, Saudi-Arabien, Bahrain und den VAE nach der Unterzeichnungszeremonie die Wirkung der Abraham-Abkommen seit Trumps erster Amtszeit und seinem Vorschlag des Friedensrats für Gaza besprachen.

Der vielgenannte Mitgliedsbeitrag von einer Milliarde Dollar ist laut Charta keine Pflicht, hat aber eine unbefristete Mitgliedschaft zur Folge, während die kostenlose Mitgliedschaft auf drei Jahre befristet ist. Die Beiträge sollen zum Aufbau von Gaza eingesetzt werden. Trump ist Vorsitzender des Vorstands, so lange er will. Der ausgefeilte Charta-Text lässt jeden e.V.-Fan in Deutschland neidisch werden. Mitglieder von Vereinen wissen wie Kartenspieler, wer schreibt, bleibt.

Manche Beiträge auf X – wie der folgende – versprechen sicher mehr, als der Imperator selbst seriös versprechen könnte. Zeigen aber, wie weit die Hoffnungen gesponnen werden.

Ich bin damit einverstanden, dass mir Inhalte von Twitter angezeigt werden.

— TRUTH NOW ⭐️⭐️⭐️🗽 🎺 (@sxdoc)

January 22, 2026"
"Joseph Beuys, der gläubige Populist",2026-01-23,https://www.tichyseinblick.de/feuilleton/joseph-beuys-der-glaeubige-populist/,Alexander Heiden,Als Bürgerschreck galt Joseph Beuys zu seinen Lebzeiten. Tatsächlich war er ein überzeugter Staatsgegner und ein radikaler Demokrat – und ein durchaus frommer Christ. Der heutige grün-linke Zeitgeist würde ihn anwidern.,"Wulst, pflegte er zu sagen, ist das Gegenteil von Kunst. Kunst kommt von Können. Wulst kommt von Wollen. Wer kann, macht Kunst. Wer nur will, macht – nun ja, eben nur Wulst.

Handwerk war für Joseph Beuys unverzichtbar. Er selbst war handwerkliche Spitzenklasse, das wird bis heute oft übersehen. Viele Betrachter moderner Werke schütteln verständnislos den Kopf, häufig ist dazu der Satz zu hören: „Das kann ja jeder.“ Nur allzu oft stimmt das auch, leider. Nur allzu oft fehlt nicht nur künstlerisches Talent, sondern schon die reine handwerkliche Fertigkeit.

Beuys hatte beides: Talent und Können.

Begabter Künstler, begeisterter Soldat

Sein Vater war Düngemittelhändler, seine Mutter Hausfrau. Die Eltern verpassten dem Einzelkind eine humanistische Bildung, schickten ihn erst auf eine katholische Volksschule, danach aufs Gymnasium und sorgten dafür, dass er Klavier- sowie Cellospielen lernte. Überliefert sind ein frühes zeichnerisches Talent und ein ausgeprägtes Kunstinteresse des Jungen.

Gerade, als er sich entschlossen hatte, Bildhauer zu werden, kamen die Nazis und der Krieg. Freiwillig, wie so viele seiner Generation, verpflichtete sich Beuys für zwölf Jahre bei der Luftwaffe. Im Jahr 1944 stürzte er über der Krim ab und überlebte nur knapp. Er erlitt zahlreiche Knochenbrüche. Unter anderem brach das Nasenbein, das er sich nie richten ließ.

Später erzählte Beuys immer wieder, wie er von Krim-Tataren gefunden und acht Tage lang aufopfernd mit Hausmitteln gepflegt worden sei – vor allem mit Filz zum Warmhalten und mit tierischem Fett zur Behandlung seiner Wunden. Mit dieser Geschichte wollte Beuys seine spätere künstlerische Vorliebe für die Materialien Fett und Filz erklären.

Doch es war nur eine Legende (wenn auch, zugegeben, eine hübsche). In Wahrheit fand ihn ein deutsches Suchkommando bei den Trümmern der Ju 87 und brachte ihn in ein mobiles Militärlazarett. Dann geriet er in britische Gefangenschaft. Nach Kriegsende, körperlich schwer angeschlagen, begann er ein Kunststudium in Düsseldorf.

Freier Geist, strenger Lehrer

Als Meisterschüler machte er sich schnell einen Namen. Unter dem Eindruck seiner eigenen Kriegserlebnisse nahm Beuys 1959 den öffentlichen Auftrag für das monumentale Eichenkreuz sowie für das Tor am „Büdericher Mahnmal für die Toten der Weltkriege“ im Alten Kirchturm in Meerbusch-Büderich an.

Zeitlebens war Beuys ein gläubiger Christ. Seine Frau Eva-Maria Wurmbach heiratete er 1959 in der Doppelkirche Schwarzrheindorf. Parallel begann er, mit den – künstlerisch damals komplett exotischen – Materialien Fett und Filz zu experimentieren.

Die Staatliche Kunstakademie Düsseldorf berief ihn 1961 auf den Lehrstuhl für monumentale Bildhauerei. Von Anfang an rebellierte Beuys gegen die gängigen künstlerischen Grenzen seines Lehrbereichs: Er propagierte einen „erweiterten Kunstbegriff“ für alle Menschen. Das führte zu wachsenden Konflikten mit der staatlichen Wissenschaftsverwaltung.

Quasi täglich war Beuys an der Akademie präsent, auch an den Wochenenden und in den Semesterferien. Das war für eine Lehrkraft für damalige Verhältnisse revolutionär – genau wie seine Auffassung, dass es jedermann erlaubt sein müsse, Kunst zu studieren. Zulassungsverfahren, etwa den Numerus Clausus oder Bewerbungsmappen, lehnte er kategorisch ab.

Als Anfang der 1970er-Jahre von 232 Bewerbern für ein Lehramtsstudium 142 im normalen Zulassungsverfahren abgelehnt wurden, nahm Beuys alle Abgewiesenen in seine Klasse auf. Im folgenden Semester betreute er dadurch 400 Studenten. Der damalige Wissenschaftsminister Johannes Rau von der SPD widerrief die Zulassung. Daraufhin besetzte Beuys mit einer Gruppe Studenten das Ministerbüro. Letztlich durfte die Kunstakademie diese Bewerber mit der Empfehlung des Wissenschaftsministeriums aufnehmen.

Zwar war Beuys dafür, dass jedermann ein Kunststudium beginnen darf. Das hieß für ihn aber nicht, dass jeder auch erfolgreich einen Abschluss macht. Beuys galt als überaus strenger Lehrer und war ein überzeugter Verfechter des Leistungsprinzips.

Doch es gab immer häufiger Scharmützel zwischen dem Freigeist und dem Staat. Als Beuys 1972 erneut zusammen mit abgewiesenen Studienbewerbern das Ministerbüro besetzte, wurde er trotz heftiger öffentlicher Proteste fristlos entlassen. Auch von einem der bedeutendsten Künstler der deutschen Nachkriegsgeschichte wollte sich die Bürokratie nicht auf der Nase herumtanzen lassen.

Genie der Inszenierung, Gegner des Staates

Längst war Joseph Beuys international angesehen und auch kommerziell erfolgreich. Das lag nicht zuletzt daran, dass er als einer der wenigen Künstler seiner Zeit die Mechanismen des anbrechenden Medienzeitalters verstand.

Damals war die Gegenwartskunst nur etwas für ein sehr begrenztes Fachpublikum in den Galerien. In den Zeitungen und erst im Fernsehen fand sie nicht statt. Kataloge zeigten keine Fotos der Künstler. Beuys‘ kontroverse Kunstaktionen dagegen schufen kräftige Bilder und machten plötzlich auch den Künstler selbst für ein breiteres Publikum interessant – sei es auch nur als Projektionsfläche für Ärger, Empörung und Ablehnung.

Das förderte Beuys sehr bewusst, indem er seine Kleidung zum Markenzeichen machte: Jeans, ein weißes Hemd, eine Anglerweste und ein Filzhut. Wie gut das funktionierte, zeigt sich daran, dass er nach 1980 öffentlich im Prinzip überall nur der „Mann mit dem Filzhut“ genannt wurde.

Den Staat mochte er nie. Er war ein radikaler Demokrat, er trat konsequent für Volksabstimmungen und für eine selbstbestimmte Gestaltung aller Lebensverhältnisse des Einzelnen ein. Den „rechten“ Privatkapitalismus sah er zwar ebenso skeptisch wie den „linken“ Staatskapitalismus, aber er hatte nichts gegen Luxus und besaß einen Bentley.

Kern seines Weltbildes war die Arbeit des freien Menschen an sich selbst. Der Mensch könne sich ändern, und zwar mit den Mitteln der Kunst. Als wichtigsten Werkstoff sah er die eigene Person. Der Mensch habe die Aufgabe, diesen Stoff eigenverantwortlich wie eine Plastik als Kunstwerk zu formen. Konzepte von Zwangsbeglückung lehnte er ab: „Ich kann mit dem Klassenbegriff nicht arbeiten. (…) Es geht um den Menschenbegriff.“ Kunst war für ihn Befreiungspolitik. Weltverbesserung ohne Selbstverbesserung war ihm suspekt.

Das brachte ihm den Zorn des linken Establishments ein. Rudi Dutschke ätzte: „Joseph war glänzend in der Kunst und unwissend in der Ökonomie.“ Günter Grass notierte abschätzig, dass es unter Beuys’ Einfluss „christlich bis anthroposophisch zuging“.

Radikal unangepasst bis in den Tod

Die „herrschende Meinung“, was auch immer das gerade sein mochte, war für Beuys der Hauptfeind des freien Menschen. Er regte an, wenigstens einmal monatlich Künstlern das Fernsehen als Diskussionsforum zur Verfügung zu stellen: So könne die breite Öffentlichkeit die Ideen der wahren Opposition kennenlernen – denn die habe „keine andere Informationsebene als die Straße“.

Deshalb bat er „um eine entsprechende Befreiung der Medien“. Das würde ihn heute absehbar zu einem Feind von „Unsere Demokratie“ machen.

Ein Staatsfeind war er sowieso. In Kassel ließ er 7.000 Eichen pflanzen unter dem Motto: „Stadtverwaldung statt Stadtverwaltung“. Das Ende der aufwändigen Pflanzaktion erlebte er nicht mehr. Am 23. Januar 1986 starb er im Alter von 64 Jahren in seinem Atelier in Düsseldorf an Herzversagen.

„Sueno“ ist italienisch und bedeutet Traum, wahlweise auch Schlaf. „Sueno“ hieß ein kleines Motorboot, das am 14. April 1986 in die Helgoländer Bucht fuhr. An Bord hatte es drei Bronzegefäße mit der Asche von Joseph Beuys.

Seine Überreste wurden der Nordsee übergeben. Er hätte das sicher gemocht."
Minister Schnieder fehlt das Geld für den Schienenbau,2026-01-23,https://www.tichyseinblick.de/wirtschaft/mobilitaet/trotz-schuldenorgie-kein-schienenbau-schnieder/,Mario Thurnes,Die Schuldenorgie sei für Investitionen gedacht und nicht für Luxusprojekte. So haben es Friedrich Merz und Lars Klingbeil versprochen. In der Realität verteilen die beiden das Geld an ihre Freunde – und für den Schienenbau fehlt es nach wie vor.,"Die Deutsche Bahn ist in einem verheerenden Zustand. Der Vorstand kündigt offen an, dass die Verspätungen mindestens dieses Jahr noch außer jeder Kontrolle sein werden. Während der Fußball-Europameisterschaft wurde der deutsche Schienenverkehr zum Gespött aller anderen Nationen auf dem Kontinent. Keine andere Baustelle legt das Versagen bisheriger christ- und sozialdemokratischer Bundesregierungen so offen wie auch das Versagen der aktuellen schwarz-roten Regierung.

Christ- und Sozialdemokraten versagen nach allgemeinen Maßstäben ebenso wie nach denen, die sie selbst festgelegt haben: Um den Grünen nach dem Mund zu reden, führten Angela Merkel (CDU), Olaf Scholz (SPD) und führt Friedrich Merz (CDU) den Umstieg vom Auto als zentrales Anliegen im Munde. Dieser Umstieg scheitert aber am miserablen Zustand des Schienennetzes. Während die Straßen ebenfalls verfallen und Brücken gesperrt werden müssen, weil Merkel, Scholz und Merz auch in diesem Bereich versagt haben. Die Infrastruktur, einst ein Vorteil der deutschen Wirtschaft und eines der Argumente, die das hohe Lohnniveau hierzulande rechtfertigten, wird allmählich zum Problem für den Standort.

Deutsche Entwicklungshilfe

4,3 Millionen Euro: Kühlschränke für Kolumbien sind die neuen Radwege in Peru

Das frei werdende Geld gehe vor allem in den Straßenbau und ins Schienennetz. So verteidigten Merz und sein Vizekanzler Lars Klingbeil (SPD) die Schuldenorgie über 850 Milliarden Euro, die sie noch vor Amtsantritt ausgelöst haben. Doch das Geld fließt überall hin: Berlin pflanzt Bäume an. Das Saarland baut Schwimmbäder. Merz streicht nicht – wie er es eigentlich versprochen hat – den NGOs das Geld, sondern zahlt ihnen noch mehr aus. Radwege in Peru und Kühlschränke in Kolumbien finanziert weiterhin der deutsche Steuerzahler. Alle Abgeordneten fliegen künftig auf Staatskosten erster Klasse. Und der Umbau des Präsidialamtes wäre ein beispiellos teurer Prachtbau. Wenn die Regierung Merz sich nicht so viele andere Beispiele gönnen würde. Etwa den Ausbau des Kanzleramtes.

Alle Kritiker haben davor gewarnt, dass Finanzminister Klingbeil einen Bauerntrick anwenden wird. Klingbeil hat das mit aller Energie dementiert – um dann den Bauerntrick halt doch anzuwenden: Er hat Ausgaben für den Bau von Straßen und Schienen ins „Sondervermögen“ verschoben, um so behaupten zu können, die Schulden seien eben zu diesem Zweck gedacht. Den dadurch frei gewordenen Spielraum im eigentlichen Haushalt nutzt der Finanzminister für alles, was der Regierung Merz-Klingbeil wichtig ist: die eigene Gehaltserhöhung, die Zuschüsse für die Projekte der Parteifreunde oder die drastisch erhöhten Zahlungen an die nachweislich korrupte ukrainische Regierung.

Das Geld für die Schiene fehlt immer noch. Das ergab die Antwort auf eine Anfrage, die Matthias Gastel, Tarek Al-Wazir und Victoria Broßart (alle Grüne) im Bundestag gestellt haben. Demnach fehlen im laufenden Jahr 100 Millionen Euro, um wenigstens die Bauprojekte umsetzen zu können, die der Bund als wirklich dringend eingesteht. Im nächsten Jahr fehlen dann 300 Millionen Euro, darauf 500 Millionen Euro und 2029 – am Ende der Wahlperiode – sind es schon 1,1 Milliarden Euro. Der Fehlbetrag im Schienenbau steigt ebenso wie die Bezüge der grünen und roten Parteigänger in den NGOs. Das nächste Versprechen, das Friedrich Merz gebrochen hat.

E-Mobilität im Social Leasing

Verkehrsminister Schnieder: Mit der Brechstange gegen den Markt

Apropos Versprechen. Im Oktober – also vor drei Monaten – hatte Verkehrsminister Patrick Schnieder (CDU) im Bundestag noch zugesagt, dass alle baureifen Bahnprojekte auch finanziert und umgesetzt würden. Die grünen Fragesteller machen nun deutlich, wie sich Schnieder aus diesem Versprechen mogelt. Zum einen wird die Baureife neu definiert, zum anderen sind die Projekte unterfinanziert.

Schnieder hält nun mit einer Jubelmeldung dagegen. Zumindest soll: „Mittel für Erhalt und Sanierung in 2025 vollständig verbaut“ eine Jubelmeldung sein. Die insgesamt 32 Milliarden Euro für Straßenbau, Schienen und Wasserstraßen zusammen seien bereits zu 95 Prozent verarbeitet. Die Summe fällt auch dadurch höher aus als gedacht, weil es nach dem Aus der Ampel unter der rot-grünen Minderheitsregierung einen faktischen Ausgabenstopp gegeben hat. „Dennoch ist es gelungen, mit Beginn der Legislaturperiode einen sofortigen Hochlauf der Investitionen in die Verkehrsinfrastruktur zu starten“, lobt sich Schnieder.

Das Bundesverkehrsministerium geht gezielt den Abbau des infrastrukturellen Nachholbedarfes an, sagt Schnieder – ohne die Unterfinanzierung zu erwähnen. Dafür verspricht der Minister: „Mehr Tempo aufnehmen muss die Digitalisierung der Schiene sowie des rollenden Materials.“ Und Schnieder ist keiner, der Tempo aufnehmen vortäuscht, indem er einen Arbeitskreis gründet oder eine Kommission, oder der einen Gipfel inszeniert.

Nein. Patrick Schnieder gründet einen „Runden Tisch“. Das ist was ganz anderes als ein Arbeitskreis, weil … Lesen wir, was das Ministerium selbst schreibt: „Auf Basis dessen werden die Sektorvertreter bis Ende dieses Jahr beraten, wie die bundeseigene Schieneninfrastruktur insgesamt digitalisiert werden kann. Der Bund wird anschließend seine Digitalisierungsstrategie für die Schiene konkretisieren …“

Immer, wenn die Regierung Friedrich Merz Tempo verspricht, ziehen sich Beamte zum Reden zurück und dann passiert erstmal nichts mehr. Noch so eine Baustelle, die typisch für die Kanzler Merkel, Scholz und Merz ist."
„Nicht happy“ über den „Dammbruch“ – die Grünen entlarven sich auf allen Ebenen,2026-01-23,https://www.tichyseinblick.de/meinungen/bruessel-mercosur-abstimmung-gruene-dammbruch/,Mario Thurnes,Die Grünen haben in Brüssel gegen ein Freihandelsabkommen gestimmt. Vermeintlich keine große Nachricht. Doch sie entlarven sich damit auf allen Ebenen selbst – und gefährden die für sie wichtigste Wahl.,"Der größte Feind der Grünen ist das Archiv. Es dokumentiert, wie sehr sie sich aufregen können, wenn jemand die „Brandmauer“ durchbricht. Etwa, indem er im Europaparlament mit den Rechten stimmt. Dann ist das mindestens ein „Dammbruch in Brüssel“. Die Schuldigen seien „Mehrheiten mit den Radikalen“ eingegangen. Und für die Grünen steht dann fest: „Das dürfen wir denen nicht durchgehen lassen. Das müssen wir erzählen.“ So äußerte sich die Grünen-Vorsitzende Franziska Brantner, als im November die Christdemokraten mit den Rechten das Lieferkettengesetz in seiner bürokratischen Wucht minderten.

Nun haben die Grünen mit den Rechten abgestimmt. Um das Freihandelsabkommen „Mercosur“ entscheidend zu bremsen, wofür es denn auch im Europaparlament eine knappe Mehrheit gab. Das wird der Grünen-Vorstand doch seinen Abgeordneten kaum durchgehen lassen. Da gilt doch sicher auch: „Das müssen wir erzählen.“ Brantner überlässt es dieses Mal dem anderen Vorsitzenden der Grünen, die Schelte auszusprechen. Felix Banaszak. Das passt. Der lässt sich gerne mal als der „Schimanski“ der Politik inszenieren. Im

Deutschlandfunk

haut Banaszak einen raus. Er sei mit der Abstimmung seiner Parteifreunde „nicht happy“. Huiuiuiuiuiuiui. Wenn das mal nicht für Tränen in der Grünen Europafraktion sorgt.

Machtverfall in Brüssel

Mercosur auf Eis: EU-Parlament stoppt von der Leyens Deal

Die Grünen sind die Partei des moralischen Furors – wenn es gegen andere geht. Sie sind die Partei der harten Worte – wenn es gegen andere geht. Sie sind großzügig – wenn es um sie selbst geht. Die Grünen sind so selbstgerecht und so selbstverliebt, dass sie die Ehe mit sich selbst eingehen würden, sich dann aber mit sich selbst betrügen würden. Wenn die Grünen etwas begehen, was sie selbst als Untat definiert haben, dann ist „nicht happy“ die härteste Kritik, die sie zulassen. Die Grünen sind die Partei der Doppelmoral. Das hat sie so unbeliebt gemacht, dass sie zur Zehn-Prozent-Partei geschrumpft sind, obwohl die Medien und der Kulturbetrieb auf breiter Front einen grünen Zeitgeist inszenieren.

Die Bigotterie der Grünen fällt nicht zum ersten Mal auf. Aber dieses Mal outen sich die Grünen zum für sie denkbar ungünstigsten Zeitpunkt: Am 8. März, in sieben Wochen, endet die für sie wichtigste Wahl dieses Wahlzyklus – die Landtagswahl in Baden-Württemberg. In Stuttgart steht die einzige Staatskanzlei, die ein grüner Ministerpräsident hält. Der tritt nicht mehr an. Cem Özdemir will auf seinen Parteifreund Winfried Kretschmann nachfolgen. Die „Brandmauer“ spielt in diesem Wahlkampf eine entscheidende Rolle.

Die SPD kann froh sein, wenn sie ein zweistelliges Ergebnis holt. Die Linke ist im Ländle auch nicht so stark wie in finanzschwachen Bundesländern wie etwa Berlin. Ein rot-rot-grünes Bündnis hat also kaum eine Chance. Es geht faktisch nur um die Frage, ob die CDU vor den Grünen landet und wer entsprechend die nächste grün-schwarze oder eben schwarz-grüne Koalition anführt. Allerdings fürchten die regierenden Parteien eine starke AfD, die in Umfragen mehr als doppelt so stark ist wie die SPD.

Entsprechend ist es wahrscheinlich, dass die anderen Parteien in den nächsten Wochen gegen die AfD mehr polarisieren als ohnehin schon. Solche Wahlkämpfe hat es in deutschen Landtagen zuletzt immer wieder gegeben. Dann profitierte immer der Amtsinhaber und erreichte ein starkes Ergebnis, die AfD konnte ihre Umfragewerte knapp halten und die anderen regierenden Parteien zahlten entsprechend den Preis. Özdemir drohte ohnehin die Situation, dass er nicht von dieser Polarisierung profitieren würde, weil er eben nicht der Amtsinhaber ist.

Deutsche Entwicklungshilfe

4,3 Millionen Euro: Kühlschränke für Kolumbien sind die neuen Radwege in Peru

Nun haben die Brüsseler Parteifreunde dem „Schwäbischen Anatolen“ ein Ei ins Nest gelegt. Zum einen, weil sie wieder mal die unsympathische Bigotterie der Grünen für alle offen gelegt haben. Zum anderen ist eine Partei wenig glaubwürdig und zugkräftig, wenn sie vor einem unverzeihlichen „Dammbruch“ warnen, den dann aber selbst begehen, weil es gerade passt – um als höchste Form der Selbstkritik zuzugeben, dass sie damit „nicht happy“ sind.

Entsprechend distanzierte sich Kandidat Özdemir von seinen Parteifreunden. Die Veteranen finden härtere Worte als „Schimanski“ Banaszak. Der ehemalige Bundesumweltminister Jürgen Trittin nennt die Abstimmung „total bescheuert“. Der grüne Delegationsleiter in Brüssel, Erik Marquardt, lässt sich zitieren mit: „Wir werden uns genau überlegen, wie wir so etwas in der Zukunft vermeiden können.“

Zur Erinnerung: In der Welt der Grünen ist ein gemeinsames Abstimmen mit den Rechten ein „Dammbruch“. Wie sie diesen verhindern wollen, das werden sie jetzt „genau überlegen“. Wer hinter einem Damm wohnt, über den Deichgraf Erik hütet, der sollte Taschenlampe, Gummistiefel und Ruderboot ständig parat haben. In der Selbstkritik ist Marquardt genauso hart wie „Schimanski“ Banaszak. Selbstverliebtheit und Selbstgerechtigkeit sind bei den Grünen nicht nur in Berlin zuhause.

Die Mercosur-Abstimmung deckt einiges offen: die Bigotterie der Partei. Ihre Selbstverliebtheit. Ihre Führungsschwäche, die Darsteller wie Marquart, Banaszak oder Brantner nach oben spült. Es entzaubert das Märchen der Wirtschaftspartei, das die Grünen sich selbst so gerne glauben würden: Wenn es aber darum geht, Unternehmen weiter mit dem Bürokratiemonster Lieferkettengesetz zu knebeln, gilt die „Brandmauer“ als unantastbar. Wenn es darum geht, Freihandel zu verhindern, ist die gleiche „Brandmauer“ plötzlich nicht mehr so wichtig.

Noch eine Erzählung der Grünen ist in Brüssel gescheitert. Seit dem Überfall Russlands auf die Ukraine wären sie gerne die stärksten Verfechter eines militärisch starken Deutschlands. Seit der Wiederwahl Donald Trumps pochen sie wie keine andere Partei darauf, Deutschland und die EU müssten autark gegenüber den USA werden. Doch sind die USA zusammen mit China Deutschlands wichtigster Handelspartner.

Das Mercosur-Abkommen sollte ein Schritt dahin sei, diese Abhängigkeit zurückzufahren und die wirtschaftliche Stärke zu erhalten, die eine Voraussetzung für militärische Stärke ist. Doch eben dieses Freihandelsabkommen sabotieren sie und begehen dafür sogar aus ihrer Sicht den „Dammbruch“ einer Abstimmung mit den Rechten. Die Grünen lieben den Sound ihrer Worte. Doch diese Worte bedeuten nichts. Deswegen ist diese Partei auch zehn Prozent geschrumpft, obwohl Medien und Kulturbetrieb alles tun, um den Zeitgeist grün zu halten. Nur das Archiv ist gegen die Grünen – aber das genügt."
Werkzeugmaschinen: Deutschland fällt hinter China zurück,2026-01-23,https://www.tichyseinblick.de/wirtschaft/werkzeugmaschinen-china-deutschland/,Alexander Heiden,"Die Automobilindustrie und der Werkzeugmaschinenbau waren die beiden wichtigsten Pfeiler der deutschen Wirtschaft. Das ist vorbei. Unsere Autos fahren nur noch hinterher, jetzt knickt auch das andere große Standbein weg.","Jahrzehnte lang galt der Werkzeugmaschinenbau als der Kernbereich deutscher Wirtschaftskompetenz. Jetzt hat China auch hier der Bundesrepublik auf dem Weltmarkt den Rang abgelaufen.

Im Jahr 2025 fiel der deutsche Marktanteil am weltweiten Werkzeugmaschinenexport auf nur noch 16,7 Prozent. China liegt mit 21,6 Prozent an die Spitze. Hauptursache ist der Export: Die chinesischen Ausfuhren in dem Segment wuchsen um satte 18 Prozent, während der deutsche Export um zehn Prozent einbrach.

Der Branchenverband VDW (Verein deutscher Werkzeugmaschinenfabriken) beklagte auf seiner Jahrespressekonferenz hohe Kosten, mangelnde Planungssicherheit und das Ausbleiben wirtschaftlicher Reformen zur Stärkung des Produktionsstandorts. Im Jahr 2025 ist die Produktion um acht Prozent gesunken. Der Abstand zum bisher besten Ergebnis 2018 beträgt gut ein Fünftel, preisbereinigt sogar 35 Prozent.

Werkzeugmaschinen sind das Herzstück jeder modernen Industrieproduktion. Rohmaterialien, die durch Schneiden, Fräsen, Pressen oder Schleifen in Form gebracht wurden, werden überall benötigt: beim Bau von Autos und Flugzeugen, bei der Konstruktion von Windrädern, in der Medizintechnik oder im Maschinenbau. Für die Volkswirtschaft gilt die Branche als zentraler Indikator. Geht es im Werkzeugmaschinenbau aufwärts, ist fast immer ein Aufschwung in der gesamten Industrie zu erwarten.

Derzeit passiert das Gegenteil.

Zur Wirtschaftsstrategie des Regimes in Peking gehört offiziell eine Export-Offensive im Werkzeugmaschinenbau. Die wird erfolgreich umgesetzt – zu Lasten Deutschlands. Nicht nur bei den Ausfuhren hat China uns überholt, sondern auch bei den weltweiten Produktionsmengen: Dort führt China mit einem Anteil von 36,9 Prozent vor Deutschland, das nur noch auf 11,7 Prozent kommt.

Vor mehr als 20 Jahren hatte Peking den Werkzeugmaschinenbau als zentrales strategisches Industriefeld identifiziert. Seitdem sichern Regierungsprogramme wie „Made in China 2025” oder der „Large Scale Equipment Renewal Plan“ chinesischen Unternehmen Subventionen, günstige Kredite und sogar Hilfen beim gezielten Austausch alter Maschinen.

Mit einer aggressiven Politik erobert China den Markt. Niedrige Löhne und die hohe Inlandsnachfrage sorgen zudem für Skalengewinne dank großer Produktionsmengen. Im Export arbeitet Peking zusätzlich vor allem im mittleren Qualitätssegment mit Kampfpreisen.

Stellenabbau und Auslandsproduktion

In Deutschland hinterlässt das Spuren. Betriebe mit mehr als 50 Mitarbeitern haben per Oktober 2025 im Vergleich zum Vorjahr 3,9 Prozent aller Jobs gestrichen. Jetzt beschäftigt die Branche nur noch etwa 63.300 Menschen.

Ihr Heil suchen viele Betriebe zunehmend im Ausland. Zwölf größere deutsche Werkzeugmaschinenhersteller produzieren mittlerweile außerhalb der Bundesrepublik. Mehr als 20 Prozent aller deutschen Werkzeugmaschinen werden nicht mehr auf deutschem Boden gefertigt.

Ein drängendes Zukunftsproblem ist die chronische KI-Schwäche der EU und Deutschlands. Der Trend in der industriellen Produktion geht weg von Einzelmaschinen – und hin zu Fertigungs-Netzwerken, die vollautomatisiert und zunehmend KI-gestützt arbeiten.

Überall auf der Welt ist China in diesem Bereich sehr präsent. Deutschland nicht."
Mediendrama trifft auf Realpolitik,2026-01-23,https://www.tichyseinblick.de/wirtschaft/davos-wef-medien-drama-realpolitik/,Thomas Kolbe,"Donald Trumps Gastspiel beim World Economic Forum wurde von deutschen Medien zum Auftritt des Bösen in der weißen Reinheit der Davoser Schneelandschaft stilisiert. Ausgerechnet Politiker wie von der Leyen, Merz und Macron im Kontrast zu diesem Medienbild als die Guten zu präsentieren, entlarvt das Medienspiel als das, was es ist: Klamauk.","Zwischen US-Präsident Donald Trump und den deutschen Medien hat sich eine Hassliebe etabliert. Kaum tritt der Amerikaner öffentlich in Erscheinung – was tatsächlich täglich der Fall ist –, reagieren die

Etatisten in den Redaktionsstuben mit einem pawlowschen Beißreflex

. Selbst seine Davoser Rede am Mittwoch beim World Economic Forum, angesichts der spürbar ablehnenden Haltung der Europäer gegenüber den USA ganz ohne Ranküne vorgetragen, löste einen maximalen Abwehrreflex aus. Eine Analyse der Rede finden Sie hier:

TE-Live-Gespräch heute um 18 Uhr

Trump vor dem WEF: Verlangt er die totale Kapitulation?

Etablierung des Kontrasts

Der

Stern

sieht in Trump den Isolierer des Westens, einen Machtpolitiker, der in Davos Kreide fraß, und wertet seine Rede zugleich als Bankrotterklärung für die NATO. Ganz so, als wolle man den deutschen Kampfgeist gegen Trump um jeden Preis am Leben halten, warnte die

Frankfurter Rundschau

davor, sich vom moderaten Ton des US-Präsidenten nicht einlullen zu lassen. Der Sound ist martialisch – Trump im Titel verkauft sich verlässlich gut.

Und es passt den deutschen Medien gar nicht, dass Trump regelmäßig dazu neigt, europäische Spitzenpolitiker wie Emmanuel Macron öffentlich der Lächerlichkeit preiszugeben. Natürlich setzt auch die

Tagesschau

ihre Faktenfüchse auf den Amerikaner an. Seine Rede sei gespickt mit zahlreichen ungenauen Aussagen und Falschbehauptungen.

Wären sie doch nur einmal so präzise und aufmerksam, wenn Macron, Merz und von der Leyen Lüge auf Lüge reihen – sei es mit Blick auf die eigene Politik, die Lage der Ökonomie, die Situation im Ukraine-Konflikt oder vor dem Hintergrund der gescheiterten Energiewende, die die Europäer nun in eine Armutsspirale drängt.

Selbst die Tatsache, dass sich vor unseren Augen unter massiver deutscher Unterstützung ein Überwachungsstaat orwellschen Ausmaßes erhebt, ficht deutsche Medienmacher in keiner Weise an. Kurz gesagt: Die Guten, das sind wir. Die Bösen, die sitzen im Weißen Haus. Und wir, die Guten, wollen die braven europäischen Lämmer doch nur vor dem toxischen Gift der patriotischen Gesinnung abschirmen, die uns die Amerikaner im virilen Machbarkeitswahn zu injizieren versuchen.

Sie stören sich am gesunden Patriotismus, an der Forderung nach einem schlanken Staat, am ostentativen Kampf um Meinungsfreiheit und am Sturz des NGO-Kraken – all diese üblen Errungenschaften einer überreifen Zivilisation, die man im Geiste des Brüsseler Zentralismus zum Wohle der Allgemeinheit im europäischen Hyper- und Kontrollstaat auflösen will.

Gemeinsam mit der Politik gelang es deutschen Medien, ein manichäisches Weltbild zu etablieren. Und jeder überdrehte Auftritt des US-Präsidenten, für den europäischen Geschmack möglicherweise tatsächlich nur schwer zu verdauen, erleichtert dieses Geschäft der Camouflage. Die machtpolitischen Interessen der Amerikaner – erklärbar durch innenpolitischen Druck, von außen finanzierte Protestwellen, die Fentanyl-Krise und die von Europa stillschweigend akzeptierte, kostspielige Pax Americana – finden in den

strategischen Überlegungen der deutschen Medien

keine Beachtung.

Sie haben sich auf die Seite des vermeintlich Guten geschlagen, auf die Seite jener, die das Geschäft mit der Klimaapokalypse, dem Euro-Protektionismus und dem systematischen Abbau bürgerlicher Rechte betreiben. Man muss es nur lange genug betonen und den Zorn der Menschen über die zunehmend kritische Lage im Land auf eine Hassfigur projizieren, um vom eigenen Scheitern abzulenken. Und diese Figur ist Donald Trump.

Wachsende Distanz

Muss man Trump mit Blick auf die Migrationskrise in Europa und die katastrophale Energiewende nicht in der Sache unbedingt Recht geben? Die überhebliche Arroganz des deutschen Kommentariats spiegelt dabei lediglich die Abgehobenheit seiner politischen Kaste wider. Aus der Perspektive eines von Deutschland angetriebenen Eurosozialismus wird der amerikanische Geist, die vermeintliche Cowboy-Mentalität und das Spontane ins Lächerliche gezogen. Man will einander nicht mehr zuhören, die amerikanische Haltung gilt als antagonistisch und im Kontext des woken Zeitgeistes als verwerflich.

Ein Reflex, der von einer derartigen Dummheit zeugt, dass es schwerfällt, dieser Art von Presseberichterstattung zu folgen, ohne dass es beinahe körperlichen Schmerz bereitet. Wäre es nicht die Aufgabe der Medien, die tatsächliche geopolitische Lage Europas zu erklären und jene Probleme zu benennen, die uns angesichts der Ressourcen- und Energieknappheit durch die Politik der Energiebegrenzung erwachsen?

Die europäischen Staaten wären gut beraten, einen Schulterschluss mit den Amerikanern zu suchen, Frieden mit Russland zu schließen und zur politischen Ratio zurückzukehren. Für die

Westdeutsche Zeitung

hingegen betrieb Trump in seiner Davoser Rede ausschließlich Selbstlob. Er habe Lügen und Bosheiten über den alten Kontinent verbreitet.

Über all dem schwebt die Hoffnung, dass auf Trump in drei Jahren der nächste pro-europäische, globalistische Präsident folgen wird. Einer, der im Duktus Barack Obamas den roten Faden des Klimasozialismus wieder aufnimmt und so die Europäer vor ihrem isolierten, vor ihrem eigentümlichen Isolationismus und dessen Folgen bewahrt.

Kollabiert das klimasozialistische Projekt der EU auf absehbare Zeit, dann wäre eine autonome, ökonomisch starke USA der Zielort einer panikartigen Kapitalflucht – es wäre das Ende des Brüsseler Zentralapparats. Die Rückkehr in den Kreis der Klimasozialisten würde dies durch die gemeinschaftliche Einführung von digitalen Kontrollwährungen und Kapitalverkehrsschranken erfolgreich verhindern. Darum geht es im Wesentlichen bei den Angriffen der Europäer auf die Präsidentschaft Donald Trumps. Dass sich im Norden der USA mit dem ehemaligen Gouverneur der Bank of England, Mark Carney, nun ein kanadischer Ministerpräsident der europäischen Politik verschrieben hat, verleiht dem Versuch der USA, die eigene Hemisphäre unter politische Kontrolle zu bringen, eine besondere Brisanz.

Das Scheitern des patriotischen Projekts der Regierung von Donald Trump liegt also ganz im Interesse der Eurosozialisten. An der Manifestierung des Bildes eines erratisch agierenden, irrationalen und intellektuell anspruchslosen Chauvinisten arbeitet der deutsche Mediensektor nun seit einer Dekade mit großem Erfolg. Die stetige Wiederholung immer gleicher Deutungsmuster seines Handelns, ihre moralische Bewertung und die dramaturgische Zuspitzung mit Blick auf die inzwischen mantraartig beschworene regelbasierte Weltordnung haben ein geschlossenes Narrativ erzeugt, das keinerlei Ambivalenzen mehr zulässt. Ganz manichäisch eben.

Auf der einen Seite Trump, das personifizierte Böse, der mit seiner Zollpolitik die europäischen Humanisten in die Ecke treibt, nun auch noch versucht, mit Blick auf Grönland eine aggressive Landnahme ins Spiel zu bringen. Er ist der Luzifer im Weißen Haus. Auf der anderen Seite das Licht, das Gute: die Europäische Union, das große Friedensprojekt, das zwar ursprünglich lediglich als Bollwerk gegen die Sowjetunion geplant war, sich über die Jahrzehnte jedoch eine neue Erzählung gegeben hat – ein Friedensprojekt, die Klimaretter, die letzte moralische Instanz des Westens.

Falsches Spiel

Es ist genau diese Kraft, die nun seit vier Jahren mit aller Macht dazu beiträgt, den desaströsen Abnutzungskrieg im Donbass am Leben zu halten. Und es ist nicht Trump, es sind europäische Vertreter der europäischen Politik, die das Gespenst einer unmittelbar bevorstehenden russischen Invasion mit immer schrilleren Tönen über sämtliche Medienkanäle hinweg in die Köpfe und Seelen der Menschen einbrennen. Tag für Tag, Woche für Woche wird ein Szenario maximaler Bedrohung beschworen, das jede Abweichung vom eingeschlagenen Kriegskurs moralisch diskreditiert und jede Form von Verhandlungsbereitschaft als Schwäche oder gar als Verrat überzeichnet.

Gerade das Massensterben in der Ukraine enthüllt den ethischen Verfall der europäischen Politik gnadenlos. Abgesehen von der Tatsache, dass eine Eskalation des Konflikts mit einer Atommacht militärisch aussichtslos, ökonomisch ein Himmelfahrtskommando und ethisch verwerflich ist.

Macron, Merz und von der Leyen wissen seit geraumer Zeit, dass dieser Krieg gegen Russland nicht zu gewinnen ist

– ganz gleich, wie hoch die Kreditsummen sind, die man der Ukraine noch zur Verfügung stellt.

Es geht lediglich noch darum, den Staatsbankrott der Ukraine in der Hoffnung auf ein militärisches Wunder hinauszuzögern. Dieses militärische Wunder könnten nur die Amerikaner erzwingen. Und dazu bedarf es, wie gesagt, eines neuen, pro-europäischen Präsidenten im Weißen Haus.

Staaten und europäische Banken sind gleichermaßen massiv in das Projekt Ukraine investiert. Ein ungeordneter Staatsbankrott des Landes besitzt das Potenzial, das europäische Finanzsystem so schwer zu erschüttern, dass selbst die große Schuldenkrise vor anderthalb Jahrzehnten im Rückblick wie ein bloßes Präludium erscheinen könnte.

Trump strebt auch in diesem Konflikt eine Verhandlungslösung an. Sie wäre das Ende des europäischen Traums vom Regimewechsel in Moskau und von einem kontrollierten Zugriff auf russische Ressourcen, die bei der Rekapitalisierung der europäischen Staaten und ihres Bankensystems eine fundamentale Rolle spielen sollten.

Die fatale Wirkung des manichäischen Medieneffekts gegenüber der amerikanischen Politik gewinnt mit Blick auf den wachsenden europäischen Zensurapparat zusätzliche Brisanz. Vielen ist nicht bewusst, dass das Scheitern des Projekts der Trump-Regierung zugleich die politische Eliminierung des letzten einflussreichen Advokaten der Meinungsfreiheit, der Marktwirtschaft und einer rationalen Politik der Deregulierung bedeutete.

Und es waren Amerikaner – Vizepräsident J. D. Vance und Außenminister Marco Rubio –, die in den vergangenen Monaten wiederholt in Brüssel intervenierten, als die Meinungsfreiheit auf digitalen Plattformen wie X, Telegram oder Meta akut bedroht war.

Die Liste der europäischen Verteidiger der Freiheit ist hingegen erschreckend kurz geworden."
Die SPD und ihre Liebe zur Todessteuer,2026-01-23,https://www.tichyseinblick.de/meinungen/spd-erbschaftssteuer/,Redaktion,"Wenn es nach den Sozialdemokraten geht, soll der Staat bei Erbschaften viel stärker zugreifen – was vor allem den Mittelstand gefährden würde. Andere Länder behandeln Erben sehr viel pragmatischer.","Das nächste Bundestags-Wahlkampfthema der SPD steht schon fest – und die Intensität, mit der die Partei es vorbereitet, spricht dafür, dass sie mit einem Ende der Koalition noch vor 2029 rechnet. Die Überschrift lautet: Reform der Erbschaftssteuer. Und das ganz große überwölbende Motto: Gerechtigkeit. Den Genossen, ihren Kollegen von den Grünen, der Linkspartei und etlichen Medien ist es mittlerweile gelungen, die Gleichung „Erbe gleich leistungsloses Einkommen“ in vielen Köpfen zu verankern.

Welches Bild die Sozialdemokraten von Familienunternehmern und Bürgern mit Wohneigentum pflegen – denn diese beiden Gruppen würde eine Verschärfung der Erbschaftssteuer nach SPD-Plänen hauptsächlich betreffen –, zeigte sie kürzlich in einer Social-Media-Grafik: Ein überzüchtetes Schoßhündchen thront dort zwischen einer Champagnerflasche und Geldbündeln. Bei mittelständischen Unternehmern und Bürgern mit einem Haus in Familienbesitz beziehungsweise deren Kindern, so die Botschaft, handelt es sich um Personen, die im Luxus schwelgen und dem Staat viel mehr schulden als die Steuern, die bisher schon gezahlt werden müssen.

Parallel dazu erschien auf

SPIEGEL Online

ein Kommentar mit der Überschrift: „Auch über Omas Häuschen müssen wir reden“. Dort lobt die Autorin zwar die Ideen der SPD als „richtigen Schritt“, urteilt aber auch: „Die bisherigen Vorschläge reichen nicht aus.“ Damit kommen zwei Dinge zusammen: die Verachtung der SPD für Privatwirtschaft und Leistung – und die Neigung von Medien wie dem SPIEGEL, jeden neuen staatlichen Zugriff zu begrüßen, um im gleichen Atemzug noch mehr Druck zu fordern.

Ich bin damit einverstanden, dass mir Inhalte von Twitter angezeigt werden.

Schon jetzt fallen die Freibeträge bei Erbschaften innerhalb der Familie angesichts der stark gestiegenen Immobilienbewertungen nicht gerade üppig aus: Für Ehepartner 500.000, für Kinder 400.000 und für Enkel 200.000 Euro. Für Familienunternehmen gelten ab einem bestimmten Erbvolumen Verschonungsregeln, um zu verhindern, dass Nachkommen ein Unternehmen verkaufen müssen, um die Forderung des Staates zu begleichen. Das Konzept der SPD besteht darin, künftig alle Freibeträge für Privatleute durch einen „Lebensfreibetrag“ für Erben von einer Million Euro zu ersetzen – 900.000 für Erbschaften aus der unmittelbaren Familie, weitere 100.000 für Nachlässe von entfernt verwandten oder nicht verwandten Personen. Dafür soll die Möglichkeit entfallen, alle zehn Jahre Vermögen in Höhe des Freibetrags steuerfrei zu verschenken.

Schon jetzt kostet eine Eigentumswohnung durchschnittlicher Größe in besseren Lagen von München, Hamburg oder Düsseldorf meist eine Million Euro und mehr. Für ein Reihenhaus mit kleinem Grundstück in einem Ballungszentrum liegen die Preise in der Regel noch höher. Durch den Wegfall des steuerfreien Verschenkens zu Lebzeiten dürften also etliche Erben schon für ein Reihenhaus, etwas Geld und Aktien mehr Steuern zahlen als nach der jetzigen Regelung – oder sie würden dann überhaupt von der Steuer erfasst, während die nach aktuellem Stand noch davonkommen.

Aus dem SPD-Wörterbuch

Das Leben selbst soll steuerpflichtig werden

Dafür sorgt auch ein zweiter Punkt in dem SPD-Papier „FairErben“: Bisher legten die Finanzämter für die zu zahlende Erbschaftssteuer den individuellen Steuersatz zugrunde. Für Enkel, die beim Eintreten des Erbfalls vielleicht noch studierten, wirkt sich das ebenso günstig aus wie für Erben, die sich schon im Vorruhestand oder Rente befinden, wenn ihre betagten Eltern sterben. Nach dem Papier von SPD-Generalsekretär Tim Klüssendorf und Fraktionsvize Wiebke Esdar soll es in Zukunft einen progressiv gestaffelten Einheitssteuersatz für alle Erben gehen. Der Clou: Über dessen Höhe schweigt sich die Partei bisher aus.

Der SPIEGEL liegt schon richtig: Es geht – auch wenn Politiker das noch regelmäßig bestreiten – tatsächlich schon um Omas Haus, und nicht nur um die viel bemühten „Superreichen“. Die treffen ohnehin meist Vorsorge mit einer Vermögensverwaltung außerhalb Deutschlands. Bisher zahlten bei rund einer Million Todesfällen jährlich in der Bundesrepublik durch die Möglichkeit steuerfreier Schenkung und der Freibeträge Nachkommen gerade in 175.000 Fällen Erbschaftssteuer. Der SPD geht es darum, diesen Kreis erstens auszuweiten – und zweitens bei Unternehmern richtig zuzulangen.

Denn den deutschen Mittelstand würden die Pläne in existenzbedrohender Weise treffen. Die SPD möchte alle bisherigen Möglichkeiten beseitigen, die es bisher zum Schutz des Betriebsvermögens gibt – beispielsweise die Befreiung von Erbschaftssteuer gegen die Verpflichtung der Erben, sieben Jahre lang keine Unternehmensteile zu verkaufen und die bisherige Lohnsumme konstant zu halten, faktisch also eine Arbeitsplatzgarantie. Davon profitierten drei Parteien: Unternehmer, Arbeitnehmer und langfristig auch der Staat. Diese Regelung plant die SPD abzuschaffen zugunsten eines pauschalen Freibetrags für Betriebsvermögen von fünf Millionen Euro. Der Wert sehr vieler Mittelstandsunternehmen liegt allerdings über dieser Grenze. Dass Unternehmensvermögen eben nicht im Champagnerkeller und in Geldbündeln steckt, sondern in Maschinen, Gebäuden, Markenrechten und Patenten – dieses volkswirtschaftliche Grundwissen hat sich offenkundig immer noch nicht in sozialdemokratischen Kreise herumgesprochen. Käme es so, wie die SPD es will, dann müssten die Erben in vielen Fällen dem Unternehmen Liquidität entziehen, um das Finanzamt zu befriedigen. Das Geld fehlt dann zwangsläufig bei den Investitionen.

Sehr viele Eigentümer von über Generationen geführten Unternehmen dürften allerdings nicht abwarten, bis die Erbschaftssteuer à la Klingbeil zuschlägt – sondern schon vorher ihren Firmensitz in Länder verlagern, die entweder gar keine Erbschaftssteuer kennen, oder sie so gestalten, dass Betriebsvermögen weitgehend unangetastet bleiben. Während die deutschen Sozialdemokraten suggerieren, der Staat müsste trotz Gesamtsteuereinnahmen von insgesamt eine Billion Euro pro Jahr auch noch bei Erbschaften viel mehr abschöpfen als bisher, verzichten etliche Staaten entweder ganz auf das, was Kritiker „Todessteuer“ nennen, oder setzen hier nur sehr zurückhaltend an.

Österreich und Schweden schafften die Erbschaftssteuer komplett ab, Österreich im Jahr 2008 (inklusive Schenkungssteuer), das skandinavische Land schon 2004 – übrigens unter einer sozialdemokratisch geführten Regierung. Die Slowakei, Rumänien und Zypern lassen Erben ebenfalls komplett in Ruhe. In Österreich gilt zwar für die Übertragung von Immobilien eine erneut zu zahlende Grunderwerbssteuer, allerdings mit einer sehr geringen Bemessungsgrundlage: Für Transfers innerhalb der Familie beträgt sie nur 0,5 bis 3,5 Prozent des Verkehrswerts. In der Schweiz bestimmen die Kantone Bemessungsgrundlage und Sätze der Erbschaftssteuer, es herrscht also Steuerwettbewerb, der dazu führt, dass keine Region sich zu sehr an Hinterlassenschaften bedient. Für Betriebserben gewähren die Kantone in der Regel große Rabatte, wenn die Firmenbeteiligung dem Lebensunterhalt dient. Ein Vorstoß der Jungsozialisten zur Einführung einer zusätzlichen nationalen Erbschaftssteuer scheiterte am Schweizer Stimmvolk.

Harmonie zwischen Union und Linken

Bürgerschreck SPD in der Erbschaftsteuerdebatte

Der Fiskus in Italien verzichtet ganz auf Erbschaftssteuern bei Betriebsvermögen, wenn die Nachkommen sich zur Weiterführung der Firma über mindestens fünf Jahre verpflichten. Dort, wo es trotzdem zur Besteuerung kommt, legt der Staat nicht wie in Deutschland den Verkehrswert eines Unternehmens zugrunde, sondern nur das Eigenkapital im letzten Jahresabschluss. Fazit: Um die Erbschaftssteuer müssen sich Familienunternehmer in Bel paese keine großen Gedanken machen. Übrigens: Wer seinen ständigen Wohnsitz in Italien hat, der zahlt – auch als Nicht-Staatsbürger – keine Steuer auf Erbschaften, die Wirtschaftsgüter im Ausland betreffen. In den USA hob die Trump-Regierung mit dem „One Big Beautiful Bill Act“ den Freibetrag für die bundesstaatliche Erbschaftssteuer von 11,18 auf 15 Millionen Dollar an, der ab 2026 gilt. Außerdem ist es möglich, jedes Jahr Werte bis zu 19.000 Dollar steuerfrei an Nachkommen zu verschenken.

Am stärksten greift bisher Frankreich innerhalb der EU zu, mit geringen Freibeträgen für Kinder und hohen Steuersätzen. Allerdings erben immerhin Ehepartner steuerfrei (wie auch in Großbritannien); bei der Vererbung von Betriebsvermögen innerhalb der Familie kann der Firmenwert bei der Bemessung um 75 Prozent reduziert werden, wenn die Nachkommen ihre Anteile mindestens fünf Jahre halten. Käme es zu der SPD-Erbschaftssteuer, würde Deutschland das etatistische Frankreich noch übertreffen.

Bisher sperrt sich die Union gegen die Vorstellungen des Koalitionspartners. Nur dürften sich viele Bürger daran erinnern, dass CDU und CSU im Wahlkampf auch schon die Schuldenbremse wortreich verteidigten, die Abschaffung des Bürgergelds in Aussicht stellten und so taten, als wollten sie die Finanzierung linker Vorfeldorganisationen aus der Staatskasse beenden. Bekanntlich kam es in jedem dieser Fälle anders.

Es gäbe übrigens einen sehr einfachen Weg, um die von SPD, Grünen, Linken und ihnen nahestehenden Medienleuten beklagten Ungerechtigkeiten innerhalb der deutschen Erbschaftssteuer zu beseitigen: indem man sie komplett streicht. In Österreich und Schweden vermisst sie heute niemand."
Dank Merz und Klingbeil: Deutschland in Europa unbeliebt und allein,2026-01-23,https://www.tichyseinblick.de/meinungen/merz-rede-davos-aussenpolitik-innenpolitik/,Klaus-Rüdiger Mai,"Die Bilanz der deutschen Innen- und Außenpolitik ist desaströs. Friedrich Merz’ dilettantische Politik gipfelt in seiner Rede in Davos, in der er sich mit völliger Unkenntnis der Geschichte blamiert. Eine Ansammlung von Phrasen, die nichts mit der historischen Wirklichkeit und politischen Machbarkeit zu tun haben.","Deutschlands Unglück in der Weltgeschichte scheint darin zu bestehen, dass in Achsenzeiten, um von Karl Jaspers auszugehen – oder, wenn man es viel linker haben will, von Antonio Gramsci, in Zeiten des Interregnums, Zeiten, in denen es „drauf ankommt“, in Dekaden großer Chancen und großer Gefahren – , Deutschland mit unfähigen Eliten gestraft ist, deren einzige beiden Fähigkeiten sich darin gefallen, sich an – und die anderen fern von – der Macht zu halten. Apropos Karl Jaspers, wie schrieb ihm doch Hannah Arendt in sehr gut nachempfindbarer Erbitterung aus den USA am 29. Oktober 1962:

„Es ist ja doch erbitternd zu sehen, mit welcher Gemütsruhe die Deutschen gehorchen, und ausgerechnet Herrn Ulbricht, dem letzten Stalinisten, der da auch nur sitzt, weil die Russen die Deutschen bestrafen wollen. Die Deutschen können halt nicht begreifen, daß in der Politik im Unterschied zur Kinderstube Gehorsam und Unterstützung ein und dasselbe sind.“

Schattenboxen und Gratismut

Mainzer Papiertiger: CDU spielt Wirtschaft – und bleibt SPD-geführt

Nun, also Lars Klingbeil. Nun, also Friedrich Merz. Über Herrn Klingbeil braucht man eigentlich nur zu sagen, dass er in einer frühen Antifa-Schulung als einzige Aufgabe eines Finanzministers verinnerlicht haben muss, Schulden zu machen, um der reinen Lehre der Befreiung aller willen: Der einen von den Früchten ihrer Arbeit – der anderen von der Pflicht zu arbeiten. Man muss nicht einmal im Osten eine Kreisparteischule oder im Westen einen

Demokratielunch „unserer Demokratie“ zum „innerdemokratischen Austausch“ besucht haben,

um zu wissen, wie das ausgeht, wenn statt Gewinne erwirtschaftet Subventionen verwirtschaftet werden. Man muss sich nicht länger beim SPD-Vorsitzenden aufhalten, dessen komplexe Auswirkungen seiner Politik umgekehrt proportional zur Komplexität des Begründungszusammenhangs seiner Politik steht.

Friedrich Merz und die Union, die ohnehin seit Angela Merkel wirtschaftspolitisch androgyn ist, hat aus diesem Grund Lars Klingbeil und Bärbel Bas die Innenpolitik überlassen. Wir wissen nicht, ob die Klingbeil’sche Innen- oder die Merz’sche Außenpolitik für Deutschland verhängnisvoller ist. Manchmal hat Deutschland eben kein Glück und dann kommt noch Pech dazu. Wir wissen nur, dass zwischen Innen- und Außenpolitik ein untrennbarer Zusammenhang besteht. Um es auch für die beiden Herren verständlich zu machen, ein Staat, dessen Wirtschaft, innere Sicherheit und Infrastruktur zerfallen, wird außenpolitisch keine Aufmerksamkeit mehr erlangen. Er nervt nur, man geht ihm aus dem Weg, man macht sich über ihn lustig – und schließlich rechnet man ihm noch vor, wie viele Schäden er wirtschaftlich in anderen Ländern angerichtet hat. So wie es jüngst Giorgia Meloni tat, die übrigens eine große Vorrechnerin ist. Und dafür Kompensationen forderte.

Die Bilanz der Außenpolitik von Friedrich Merz ist desaströs. Würde man heute noch einmal einen Spielfilm drehen wie „Die tollkühnen Männer in ihren fliegenden Kisten“, würde die Rolle, die damals Gert Fröbe spielte, Friedrich Merz bekommen: ein Dilettant, der aber alle belehrt, weil er es besser als alle anderen zu wissen meint.

Eigentor Umerziehung:

Anime-Girl Amelia blamiert Keir Starmer

Doch welche Resultate zeitigt die Außenpolitik des Friedrich Merz? Das Verhältnis zu Israel – noch freundlich ausgedrückt – gelockert, weil Merz einen Wunsch von Klingbeil spornstreichs erfüllte. Sein Außenminister wird in Syrien nicht hinter die Fichte, dafür aber hinter die Ruine geführt, denn Deutschland hat nicht nur Gaza, sondern auch Syrien wiederaufzubauen. Froh darüber, dass Keir Starmer – dem gerade das Anime-Girl Amelia, das er zur roten Politschulung aller Briten erfinden ließ, eine lange Nase dreht und allen Briten vorführt, wie sexy es ist, rechts zu sein – ständig geneigt ist, dem deutschen Kanzler zuzuhören, froh darüber, dass Emmanuel Macron ihm zuzuhören scheint, obwohl er vollauf damit beschäftigt ist, herauszufinden,

welche Sonnenbrille ihm am besten steht,

froh darüber, dass Ursula von der Leyen in ihrem Eifer, Zensur- und Repressionsmaßnahmen zu finden, nicht nachlässt, kann Friedrich Merz gar nicht genug europäischer Politik betreiben.

Doch Brüssel scheint für Friedrich Merz eine Eisbahn zu sein, jedenfalls rutscht er dort ständig aus. Seine Idee, die russischen Vermögenswerte zu stibitzen und sie der Ukraine zu schenken, wollte nicht einmal Macron mitmachen. Dass die politische Idee von Merz und von der Leyen eine typisch deutsche Idee – und eben gar nicht gut – ist, bemerkte der Franzose sofort. Und als Merz schon beim Ausrutschen war, drehte der Franzose noch eine Pirouette und verkündete, dass man wieder mit Putin reden müsse.

Jetzt deutet auch Merz leise an, dass das vielleicht gar keine so schlechte Idee sei. Doch warum sollten die Russen mit Merz reden? Ihm hört doch schon in Europa keiner mehr zu. Er kann wirklich froh sein,

dass Robert Fico ihn noch anruft.

Verdient hat es Deutschland nach Merkel, Scholz und Merz nicht, dass die Ungarn und die Slowaken noch gesprächsbereit sind, nach all der Hetze, die von deutschen Medien und Politikern auf sie niederprasselt. Es war auch Friedrich Merz, der Druck gemacht hat, dass das Mercosur-Abkommen unterzeichnet wird, ohne das EU-Parlament einzubeziehen. Jetzt zog das EU-Parlament die Reißleine, rief den EU-Gerichtshof an. Damit liegt das Abkommen auf Eis und Friedrich Merz auf der Nase.

Europas Niedergang ist hausgemacht

Ficos Brandbrief an von der Leyen: Mitteleuropa rechnet mit Brüssels Selbstzerstörungskurs ab

Zu Hause, obwohl man inzwischen nicht mehr weiß, ob das Zuhause von Friedrich Merz noch Berlin oder doch schon Kiew ist – denn für die Ukraine macht Merz Politik, auch mit viel deutschem Geld, für Deutschland wohl nicht – , springen die Insolvenzen nach oben, die Außenhandelsbilanz zu China verschlechtert sich weiter, Deutschland wird unter Merz vom Exportweltmeister zum Importweltmeister, wie Deutschland unter Habeck vom Nettostromexporteur zum Nettostromimporteur wurde, die Pflegeversicherung und die

Pflegekosten sprengen jede Bezahlbarkeit,

die Stahlindustrie bricht zusammen, die chemische Industrie flieht aus dem Land. Und weil über die Wirklichkeit nicht mehr geredet werden soll, zetteln die Genossen von Friedrich Merz wie Daniel Günther aus Schleswig-Holstein Zensur- und Verbotsdebatten an, übrigens mit einem Vokabular, als hätte Günther die Sprache Kurt Hagers, die Lingua Quartii Imperii (Victor Klemperer) studiert.

Das alles ficht den großen europäischen Politiker Friedrich Merz nicht an. Er blamiert sich lieber in Davos mit einer Rede, die angetrieben ist von der Verwunderung, dass die weltfremde Politik der deutschen politischen Klasse nicht mehr funktioniert, und sucht fieberhaft danach, wie sie wieder funktionieren könnte, ohne dass man freilich etwas ändert. Merz verblüfft mit völliger Unkenntnis der Geschichte, wenn er sagt: „Wir sind in ein Zeitalter der Großmachtpolitik eingetreten.“ Wo hat der arme Friedrich Merz gelebt, wo und bei wem Geschichtsunterricht gehabt? Das war die Welt doch schon immer, eine Welt der Großmachtpolitik.

Dilettanten der Geschichte wie Merz und Baerbock, Habeck und tutti quanti träumen sich aus der Realität mit der Phrase von der „regelbasierten Ordnung“. Die Regeln, von denen diese Herrschaften meinen, dass sie galten, galten nur, weil sie von Großmächten durchgesetzt worden sind und – übrigens, wenn man genauer hinschaut – nur solange die Regeln ihnen nutzten. Wenn nicht, fand man hochtönende Gründe, warum der Regelbruch die beste Befolgung der Regeln sei. Will man fündig werden, blicke man nur in die Amtszeit Obamas. „Diese neue Welt der Großmächte wird errichtet auf Macht, auf Stärke und, wenn es darauf ankommt, auf Gewalt“, meint Merz. Und auch hier würde der Prediger im gleichnamigen Buch des Alten Testaments ausrufen: nichts Neues unter der Sonne.

„Der innerdemokratische Austausch erschwert""

Karin Priens Programm wird zum Abschottungs- und Finanzierungsprogramm der Rotgrünen

Vollmundig behauptet Merz: „Dieser Welt sind wir nicht ausgeliefert. Wir können sie gestalten.“ Von seinen Fähigkeiten, die Welt zu gestalten, hat Merz in den Monaten seiner Kanzlerschaft beeindruckende Proben gegeben und stupende Erfolge erzielt. Merz behauptet, er hätte die Botschaft verstanden, doch er hat nicht mehr verstanden, als dürftig mit Worten zu spielen, wenn er als Maxime seines Gestaltungswillens formuliert: „Wir dürfen uns nicht länger allein auf die Macht unserer Werte verlassen. Wir müssen auch den Wert unserer Macht erkennen.“

Welcher Werte? Die Werte des Genderns? Die Werte der Critical Race Theory? Die Werte des Islamismus? Die Werte der Zensur? Welche Werte? Die Werte der Aufklärung wohl nicht. Welche Macht, Herr Merz? Die Macht einer durch das Klimakartell im Niedergang befindenden Wirtschaft? Die Macht der Insolvenzen? Die Macht der Staatsverschuldung?

Friedrich Merz wollte so gern eine große europäische Rede halten, so wie sie Winston Churchill, so wie sie Charles de Gaulle, so wie sie auch Helmut Kohl gehalten hatte. Vielleicht träumt er auch vom Karlspreis, doch wer will den überhaupt noch nach Mario Draghi? Herausgekommen sind Phrasen, die nichts mit der Wirklichkeit der Geschichte und nichts mit einer Politik zu tun haben, die von der Realität ausgeht, Politik nicht als das Wünschbare, sondern als das Machbare versteht. Seit Merkels Energiewende resultiert Deutschlands Politik aus den Wünschen und nicht mehr aus der Wirklichkeit.

Wenn Merz wirklich Politik machen möchte, wenn er es ernst meint, und zwar Politik für Deutschland – dann muss er nicht in Davos reden, sondern in Deutschland handeln, und zwar, indem er konkret damit beginnt, das EEG, die Novellierung des GEG, die CO2-Bepreisung, das Lieferkettenschutzgesetz zu kippen. Er könnte sich um Frieden und um Verständigung mit Russland kümmern, er könnte wieder, wie es Kohl tat, für eine enge Partnerschaft mit den mitteleuropäischen Staaten sorgen, er könnte die China-Politik auf kluge und realistische Grundlagen stellen.

Wenn der Bundeskanzler auf Bürger trifft

Merz’ Ernte auf der Grünen Woche: „Scheiß CDU“- und Buhrufe

Merz könnte, was dieses Land dringend benötigt, übrigens auch mit Blick auf die Wirtschaft, für eine wahrhafte Bildungsrevolution sorgen, indem in der Bildung wieder das Leistungsprinzip zählt, und die rotgrüne Bildungszerstörung beenden. Er müsste die Sozialsysteme reformieren, was auch bedeutet, den Nationalstaat ernstzunehmen, denn nur der Nationalstaat kann den Sozialstaat garantieren, er müsste die Turbomigration in die deutschen Sozialsysteme und die NGO-Finanzierung beenden. In Deutschland warten auf den Kanzler des Landes Arbeiten herkuleischer Dimension.

Der methodische und erkenntnistheoretische Fehler des Friedrich Merz besteht darin, dass er nur deshalb feststellt, dass die Welt sich ändert, neu ordnet, weil die anachronistische Politik dysfunktionaler Eliten in Berlin und Brüssel nicht mehr funktioniert. Friedrich Merz fragt aber nicht: Wie muss ich meine Politik ändern? Sondern: Was muss ich tun, um diese Politik dennoch fortzusetzen?

Er hat das Wesen der Neuordnung, die im Buch: „Die Zukunft gestalten wir! Wie wir den lähmenden Zeitgeist endlich überwinden“ bereits 2021 analysiert worden ist, nicht verstanden und wohl auch nicht danach gefragt. Er hat das Wesen der Paradigmenwechsel nicht begriffen, wie sie immer wieder in der Weltgeschichte mit konstanter Regelmäßigkeit geschehen. Die Regel lautet: Reiche steigen auf, andere Reiche steigen ab. Johann Wolfgang von Goethe hat diese Erkenntnis in Versen geäußert:

Geh, gehorche meinen Winken,

Nutze deine jungen Tage,

Lerne zeitig klüger sein:

Auf des Glückes großer Waage

Steht die Zunge selten ein;

Du mußt steigen oder sinken,

Du mußt herrschen und gewinnen,

Oder dienen und verlieren,

Leiden oder triumphieren,

Amboß oder Hammer sein.

Das ist das Gesetz der Welt. Doch es sieht nicht so aus, dass Deutschlands dysfunktionale Eliten das verstehen werden. Neu-Versailles berauscht sich stattdessen an den Hoffesten in Brüssel, Berlin und Davos."
"Bei Illner: Was hilft gegen den „irren“ Trump? Klar, Kernwaffen!",2026-01-23,https://www.tichyseinblick.de/feuilleton/medien/illner-was-hilft-gegen-trump/,Gastautor,"Er sei irre, größenwahnsinnig, ein Narziss. In der Beurteilung des US-Präsidenten ist sich die Runde bei Maybrit Illner einig. Nicht so sehr darüber, wie man damit umgehen sollte. Vielleicht könnte es eine europäische Atombombe richten. Von Brunhilde Plog","Wenn Kleingeist und Hybris aus deutschen Talkshows schwappen, muss sich ein Donald Trump aber mal warm anziehen. „Trumps Größenwahn – Wer hält dagegen?“, schon der Titel zeigt, auf welch hohes Ross Maybrit Illner ihre Plauderrunde zu setzen versucht. Der Verlauf der Sendung hingegen beweist, dass man auch von einem Shetland-Pony böse herunterstürzen kann.

Ratlos sitzen sie da, Politologen, Politiker und Moderatoren. Sie sind bärenstark in ihrer Meinung, jedoch schwibbeldischwach in der Analyse. So hilflos die Beurteilung, so klar die Verurteilung.

Weltmacht und Krümelkram

Grönland als Spielball der Weltpolitik – doch nur die Europäer vergaßen darüber ihre Interessen

Das eint die Plauderrunde mit den Ländern Europas, die in den Augen zahlreicher Kritiker eher amateurhaft auf die Trump-Attacke gegen Grönland reagierten. Armin Laschet, Vorsitzender des Auswärtigen Ausschusses, kritisiert die Entsendung von Truppen bzw. Trüppchen bzw. uniformierten Reisegrüppchen. Läppische 15 Soldaten nach Grönland zu schicken und auch noch am nächsten Tag gleich wieder zurückzubeordern – „ich glaub’, das war keine besonders gute Idee“, sagt Laschet. Das nimmt man ihm sofort ab. Denn mit Dingen, die keine gute Idee sind, kennt sich der

Lacher aus dem Ahrtal

ja ziemlich gut aus.

Dass Trump nun nicht mehr militärisch vorgehen will, um Grönland für die USA zu erobern, hat für Stormy-Annika Mildner (Aspen Institute Deutschland) drei Gründe: den wunderbaren Zusammenhalt der Europäer, die Börsenkurse, die nach der Ankündigung sofort absackten, und den fehlenden Rückhalt zuhause. Viele in den USA seien eben nicht auf Trumps Seite.

Ex-Moderator Claus Kleber ist sich bei Grönland allerdings „nicht sicher, ob das Thema wirklich hinter uns liegt“. Ende des vergangenen Jahrhunderts war Kleber ZDF-Korrespondent in Washington, jetzt analysiert er, gewissermaßen als Aktivrentner, die Welt aus dem plüschigen ZDF-Pensionistensessel heraus. Wie der Bundeskanzler reagierte, hat in beeindruckt. Dessen Vortrag auf dem Weltwirtschaftsforum in Davos sei sogar „die beste Merz-Rede, die ich bisher gehört habe“. Es sei „ein Appell an die Ernsthaftigkeit“ gewesen. Kleber kann kaum an sich halten: „Das war schon eine beachtenswerte Rede.“

Zwei Männer haben an diesem Abend klare Forderungen: Laschet und der Politologe Herfried Münkler. Und beide sehen Europa in der Pflicht.

Lehrstunde beim WEF in Davos

Erneut Hysterie in Europa und ein Erfolg für Trump

Laschet, ganz fatalistisch: „Wir müssen in Europa handlungsfähiger werden, und wir haben in dieser Woche wieder einmal belegt, wie unfähig wir dazu sind.“ Aus Brüssel würden immer nur „Sprüche“ kommen. Dabei könne man ja nicht einmal ein Mercosur-Abkommen verabschieden. Jetzt gelte es, eine Strategie gegen Trump zu entwickeln: „Wie redet man, wie attackiert man, und welche Dinge hat man in der Hand, mit denen man punkten kann“ – das seien doch die Fragen. Dazu müsse man aber zunächst einmal die Wirtschaft stärken, etwa die chemische Industrie und den Automobilbau. Interessant, damit spricht Laschet genau jene Branchen an, die seine CDU gerade professionell in den Abgrund regiert.

Eine „Handelsbazooka“ könne aber auch uns selbst schaden, wirft Stormy ein. Wir nennen sie nur noch Stormy, der Name ist einfach zu schön, und er passt so herrlich zur Sendung. Doch ihren Einwand lässt Münkler nicht gelten. So dürfe man einfach nicht denken, denn „dann hat man schon verloren“. Man müsse Trump jetzt Kontra geben, und nicht an die Folgen denken. Gegenbeispiele, etwa die negativen Auswirkungen der deutschen Russland-Sanktionen auf die deutsche Wirtschaft, sind an Münkler offensichtlich vorbeigegangen.

Trump habe „Europa als gegenüberliegende Küste“ offenbar aufgegeben, sagt Münkler. Deshalb brauche Trump die Kontrolle über Inseln, und die seien „relativ kostengünstig beherrschbar“. Bei der Umsetzung aber habe der US-Präsident Fehler gemacht und gezeigt, dass er „in seiner sehr narzisstischen Performanz das so nicht hinkriegt und dann so’n bisschen wild agiert“.

Ähnlich derb beschreibt auch Sarah Pagung (Körber-Stiftung) den US-Präsidenten. Dessen Idee eines Friedensrats, wie jetzt in Davos inauguriert, sei „eine Perversion des internationalen Systems“ und „ebend ein Instrument für die amerikanische Machtprojektion“. Pagung sagt tatsächlich „ebend“. Trump versuche, „sich selbst darzustellen als eine Art König oder Herrscher über die Welt“. Stormy ergänzt: Amerika handele „nicht regelbasiert, sondern machtbasiert“.

Machiavelli ist tot, lang lebe die Freiheit

Trump und Milei zerlegten die Agenda des WEF nach Strich und Faden

Auch Aktivrentner Kleber ist noch mit seinen Analysen beschäftigt. „Die Debatten hier kommen mir irgendwie so erbärmlich vor“, sagt er, und kurz schreckt der Zuschauer auf. Spricht er etwa über die Sendung? Aber nein, er meint den Umgang mit der Ukraine, mit Selenskyj, der gerade wieder in Davos so hilflos gewirkt habe, weil es für sein Land einfach zu wenig Unterstützung gebe. Bei Trump hingegen sei es „eindeutig so, dass er verliebt ist in den Gedanken, Amerika zu vergrößern. Im Sinne von Grundstücksgröße.“ Das treibe ihn um. „Da ist schon auch ein bisschen Irrsinn dabei“, diagnostiziert Aktivpsychologe Kleber. „Und vielleicht Größenwahn, ergänzt Illner. Schön, wie sich die Runde die Bälle zuspielt. Und Kleber empfiehlt ohne jegliche Ironie, bei Trump einmal „psychotherapeutisch ranzugehen“.

Münkler setzt noch einen drauf: Wie vor nur zehn Tagen bei Markus Lanz, fordert er auch jetzt wieder die ganz harte Knute gegen Trump: einen „europäischen Generalstab“ für das Militär und eine „nukleare Abschreckungskomponente“. Ein Schelm, wer Böses dabei denkt. Wieso eigentlich wird der Zuschauer in so kurzen Zeitabständen mit derart kompromisslosen Aggressions-Szenarien bombardiert?

Laschet kann sich mit der Idee nicht anfreunden. Um eine Stellungnahme gebeten, verstummt er zunächst sekundenlang, um dann einigermaßen holprig zu widersprechen. Und auch Kleber ist anderer Meinung. Doch Münkler bleibt bei seinem Ruf nach der Atombombe, denn „dann laufen viele Dinge quasi von selber“.

Damit könnte er am Ende sogar Recht haben."
Antwerpen: Vier Messertäter griffen Demonstranten an,2026-01-23,https://www.tichyseinblick.de/daili-es-sentials/antwerpen-vier-messertaeter-griffen-demonstranten-an/,Richard Schmitt,"Erschütternder Messerangriff in Antwerpen: Bei einer Solidaritätskundgebung für die kurdische Bevölkerung in Syrien wurden in Belgien am Abend sechs Menschen verletzt, zwei von ihnen schweben in akuter Lebensgefahr. Vier Täter konnten festgenommen werden – es dürfte sich um Islamisten handeln.","Die Kundgebung in Antwerpen hatte unter dem Motto „Rojava verteidigen – Stoppt die Angriffe“ gestanden. 50 Teilnehmer hatten sich im Stadtzentrum versammelt, darunter waren auch Familien mit Frauen und Kindern. Nach Berichten von Augenzeugen verlief die Veranstaltung zunächst ruhig. Erst als sich die Demonstration gegen 19.20 Uhr allmählich auflöste, kam es zu der Gewalttat. Mehrere Männer, die sich offenbar zuvor unauffällig unter die Teilnehmer gemischt hatten, zogen plötzlich Messer und stachen wahllos auf Anwesende ein.

Augenzeugen berichteten von der plötzlichen Panik vor dem Opernhaus in Antwerpen: „Die Menschen rannten in alle Richtungen – es herrschte pures Chaos“, sagte ein Zeuge.

Die Polizei bestätigte, dass sechs Menschen verletzt wurden. Alle Opfer wurden umgehend in Krankenhäuser gebracht. Zwei von ihnen befinden sich laut dem Antwerpener Polizeisprecher Wouter Bruyns in einem lebensbedrohlichen Zustand. Die mutmaßlichen Täter wurden noch in der Nähe des Opernhauses festgenommen. Zum genauen Tatmotiv äußerten sich die Behörden zunächst zurückhaltend. Der Angriff werde derzeit als versuchter Mord untersucht, aber nicht als Terrorismus, hieß es aus Polizeikreisen.

Diese Einschätzung stößt in der kurdischen Gemeinde auf Kritik: Vertreter der kurdischen Diaspora-Organisation Nav-Bel sprechen von einem gezielten Angriff auf eine bestimmte Bevölkerungsgruppe. Nav-Bel-Sprecher Orhan Kilic erklärte, es handle sich nicht um einen spontanen Gewaltausbruch, sondern um eine bewusst geplante Tat. Die Angreifer seien nach seinem Eindruck „Männer aus dem Nahen Osten“ mit extremistischer Gesinnung gewesen. Auch die kurdische Gemeinde in Antwerpen bezeichnete die Tat offen als Terroranschlag.

Warnung, dschihadistischen Extremismus zu unterschätzen

In einer Stellungnahme warnten kurdische Vertreter davor, die Gefahr durch dschihadistischen Extremismus zu unterschätzen. Die Ereignisse in Belgien stünden in direktem Zusammenhang mit der angespannten Lage im Nahen Osten. „Was in Syrien geschieht, hat Auswirkungen bis nach Europa“, hieß es. Sie fordern nationale und europäische Behörden auf, die Bedrohung ernst zu nehmen und konsequent zu handeln.

Tatsächlich stand die Kundgebung in Antwerpen im Zeichen der jüngsten Entwicklungen in Syrien: In den vergangenen Tagen waren kurdische Kämpfer im Norden und Osten des Landes durch eine Offensive syrischer Regierungstruppen aus mehreren Gebieten verdrängt worden. Die Übergangsregierung in Damaskus hatte zwar erneut eine Waffenruhe angekündigt, doch ähnliche Abkommen waren zuvor mehrfach gescheitert. Die kurdischen Kräfte erklärten, sich an die neue Feuerpause halten zu wollen, äußerten jedoch Zweifel an deren Bestand.

Der Messerangriff in Antwerpen ist für viele Kurden in Belgien ein klarer Beweis dafür, dass Extremisten aus dem Nahen Osten längst auch Europa erreicht haben."
"Macron-Starmer-Merz in der Illusion, sie hätten Trump gebremst – dessen Karawane zieht weiter",2026-01-23,https://www.tichyseinblick.de/daili-es-sentials/macron-starmer-merz-trump/,Fritz Goergen,"Das WEF in Davos geht zu Ende. Trump hat die Nutzlosigkeit von UN und EU attestiert und die versammelten Weltfunktionäre am Nasenring durch die Manege geführt. Macron-Starmer-Merz kehren heim in der Illusion, Trump zum Nachgeben bewegt zu haben.","Im Märzen der Bauer die Rösslein einspannt,

Er setzt seine Felder und Wiesen instand.

Er pflüget den Boden, er egget und sät

Und rührt seine Hände früh morgens und spät.

In

Davos

sagte Kanzler

Merz

:

Seine Wettbewerbsfähigkeit hat Europa nicht wegen China oder USA verloren, sondern selbst unter einem Berg von Bürokratie begraben.

Dieser

Redeauszug kursiert im Netz

, übesetzt in ein halbes Dutzend Sprachen: „Deutschland und die EU haben ihr eigenes Wachstum durch endlose Vorschriften, verzögerte Reformen und das reflexartige erst regulieren, dann nachdenken, selbst ausgebremst. Der Binnenmarkt sollte alle anderen überflügeln. Stattdessen wurde er zu einem Museum aus Formularen, Genehmigungen und Compliance-Abteilungen. Letztendlich hat Europa seine Wettbewerbsfähigkeit nicht gegenüber China oder den USA eingebüßt, sondern sie unter einem Berg von Bürokratie begraben.“

Leider drehte sich Merz nach dieser Wahrheit wie nach jeder Lockvogel-Botschaft um und folgt mit seinen Scheinschwarzen den neuen Anweisungen der Rotgrünroten zu den nächsten Grabesaufschüttungen der zentralen Planwirtschaft.

Ein zufälliger Blick des Beobachters erhaschte das milde Lächeln von Merz, als er im TV sagte, erleichtert über den Verzicht von Trump auf die Übernahme von Grönland zu sein. Ein mildes Lächeln wie beim Erzählen vom unmündigen kleinen Sohn, der doch wirklich fest an den Mann im Mond glaubt. Merz entgeht, der Rüpel Trump denkt nicht an den Mann im Mond, sondern an den Amerikaner auf dem Mars.

Merz zählt halt wie alle anderen an der Spitze der Gesternregierungen in Europa zur Anlernexistenz Berufspolitiker, die außer Hahnen- und Hennenkämpfen um die höher dotierten Parteienfunktionsärsplätze nichts können. Die deshalb von der Wirklichkeit des Lebens der Werktätigen und Unternehmer nichts wissen.

Gesternabend verlasen die TV-Leute doch wirklich die Sprachregelung,

Trump

habe sich dem

Druck

der

Macron-Starmer-Merz-Macht

gebeugt und bei Grönland auf die Übernahmeforderung verzichtet. Ein einziger

ORF

-Korrespondent nannte es

Trumps Methode

, sich nach überzogenen Forderungen samt Strafzöllen als Drohkulisse scheinbar auf Kompromisse einzulassen,

in Wahrheit aber zu bekommen, was er will.

Derselbe Korrespondent war es auch, der der versammelten Empörung über Trumps „Friedensrat“ als Ort von weltpolitischen Entscheidungen anstelle der UN entgegenhielt, Trump wäre bei weitem nicht der Einzige, der den Vereinten Nationen attestiere, viel Zeit und Geld für nichts zu verwenden.

Die

UN

brauchte über eine Woche, um zu registrieren, was viele längst aus dem Iran berichteten, wie

TE

ständig. Das Regime hat

über 20.000 Demonstranten getötet.

Merz

zur

NATO

: „Dieses transatlantische Bündnis gibt man nicht einfach einmal so auf. Wir haben es über 75 Jahre hinweg aufgebaut.“ Es sei das erfolgreichste politische Bündnis, das es jemals zwischen Europa und den USA gegeben habe. „Es ist kein reines Militärbündnis, sondern es ist ein politisches Bündnis.“ Trump habe allerdings damit recht, dass die Europäer mehr für die Verteidigung tun müssten.

Diesen

gestanzten Leerformeln

genügt

Dwight D. Eisenhower 1951

entgegen zu setzen: „Sind in zehn Jahren nicht alle in Europa stationierten amerikanischen Truppen in die USA zurückgekehrt, ist dieses ganze Projekt [NATO] gescheitert… Wir müssen diese Leute dazu bringen, militärisch auf eigenen Beinen zu stehen.“

– Sorry Ike, it didn’t work. Daran wird sich erst nach den Gesternregierungen etwas ändern können.

Ich bin damit einverstanden, dass mir Inhalte von Twitter angezeigt werden.

Finanzminister

Klingbeil

hält es mit dem

Atom

beim

Militär

wie beim

Strom.

Es gebe das „Angebot Frankreichs, den französischen Nuklearschirm stärker für die europäische Sicherheit nutzbar zu machen

(Spiegel).

–  Damit es in Deutschland nicht stinkt, geht man zum – Sie wissen schon – zum Nachbarn.

Ukraine. Selenskyj

kündigte in Davos ein Treffen am Wochenende mit Vertretern der Ukraine, Russlands und der USA in den Vereinigten Arabischen Emiraten als erstes Treffen dieser Art seit Kriegsbeginn an.

Witkoff

und

Kushner

verhandeln vorher in

Moskau

mit

Putin.

Ich bin damit einverstanden, dass mir Inhalte von Twitter angezeigt werden.

Iran.

Weiterhin höchste Alarmbereitschaft. Trump setzt eine komplexe Strategie der psychologischen Kriegsführung und der militärischen Positionierung gegen das iranische Regime ein. Die Welt wartet, ob die US den entscheidenden Schlag tun. Trump verbreitet einen Nebelschirm von „diplomatischem Verlangen“ aus Teheran. Führt Trump die Ayatollahs in eine tödliche Falle, oder wird er Opfer der iranischen „Basarkunst“ der Verhandlungen? Führt das Geschehen zum Zusammenbruch des Regimes oder zu dessen Überleben und Wiederaufrüsten? Trump hat sich den Ruf erarbeitet, bereit zu sein, die traditionellen Regeln zu brechen. Seine Bilanz umfasst die dramatische Beseitigung von

Qasem Suleimani,

die Verhaftung von Nicolás Maduro und die jüngsten Angriffe auf iranische Atomanlagen.

Die Bedenken sind, ob das ultimative Ziel ein totaler Regimewechsel oder nur eine schmerzhafte Strafe ist.

Adé Illusion.

Der CEO von Honeywell sagt, mit Solarenergie könne man weder Zement noch Stahl herstellen

: „Sie sind sehr energieintensiv… Das ist Physik… Erneuerbare Energien bleiben zwar Teil des Energiemixes, aber sie können nicht die Menge an Joule liefern, die wir benötigen, um diese weltweit benötigte Infrastruktur zu produzieren.“

Adé Trudeau.

Der Wokunismus auf beiden Seiten des Atlantiks bröckelt. Man freut sich ja über jeden kleinen Schritt.

Ich bin damit einverstanden, dass mir Inhalte von Twitter angezeigt werden."
Chip-Revolution in China | Tichys Börsenwecker am 23. Januar 2026,2026-01-23,https://www.tichyseinblick.de/podcast/boersenwecker-am-23-januar-2026/,Philipp Mattheis,Ab sofort jeden Tag ab 6 Uhr morgens: Tichys Börsenwecker. China steht unter Sanktionen: Modernste Mikrochips dürfen dort nicht hingeliefert werden. Eine Chance für Anleger und findige Unternehmer?,"Ich bin damit einverstanden, dass mir Inhalte von Soundcloud angezeigt werden.

Heute berichtet Philipp Mattheis über eine Revolution im Mikrochip-Markt. Jahrelang war das taiwanesische Unternehmen TSMC der einzige Produzent modernster Hochleistungschips. Chips, die derzeit nicht nach China geliefert werden dürfen. Allerdings sind Sanktionen ein zweischneidiges Schwert: Wenn chinesische Unternehmen keine Chips mehr kaufen dürfen, dann produzieren sie diese eben selbst. Ein interessantes Investment auch für europäische Anleger – doch der Aktienmarkt Chinas ist für sie eigentlich gesperrt. Aber es gibt Wege, dennoch zu profitieren. Wie, das erklärt Philipp Mattheis im heutigen Börsenwecker.

Dieser BörsenWecker wird unterstützt von der INNOMOTION AG Hier erfahren Sie mehr:

www.doppeltsteuernsparen.de

Innomotion AG – mit wissenschaftlicher Expertise in der Beratung rund um Kauf, Bewertung und Verwertung von Ideen, Innovationen und Schutzrechten. Das Innomotion-Konzept basiert auf höchstrichterlicher Steuerrechtsprechung und eröffnet eine steuerlich gesicherte, einzigartig attraktive wirtschaftliche Struktur – für massiven Mehrwert und doppelten Effekt. Hier erfahren Sie mehr:

www.doppeltsteuernsparen.de

„Bangkok ist der ideale Standort, um sowohl die schnell wachsenden Märkte Asiens wie auch die Wall Street in New York im Blick zu haben“, so Mattheis. „Und ich muss nicht mal früher aufstehen wie Weckerkollege Holger Douglas: Die Zeitzone macht den Unterschied,“ lacht Mattheis. Der renommierte Journalist und Buchautor berichtete viele Jahre über die wirtschaftlichen und politischen Entwicklungen in Asien, nicht nur für die

Wirtschaftswoche

, sondern auch für den

stern

und das Wirtschaftsmagazin

Capital

.

Mattheis ist Mitglied des Weltreporter-Netzwerks. Ab sofort arbeitet er für das Online-Portal und die Printausgabe von Tichys Einblick. Börsentäglich informiert er im Wirtschafts-Podcast „Tichys Börsenwecker“ über die aktuellen Entwicklungen an den wichtigsten Börsen Asiens und leitet aus den Kursen der Wall Street die Vorschau für Deutschland ab. Tichys Börsenwecker verschafft Einblicke in die wichtigsten Anlageklassen Aktien, Anleihen, Gold und Bitcoin.

Mattheis und der Wirtschaftsjournalist Roland Tichy kennen sich gut. Tichy, damals Chefredakteur der

WirtschaftsWoche

schickte Mattheis 2012 nach Shanghai, wo er bis 2015 als Asien-Korrespondent arbeitete. Anschließend wechselte Mattheis für drei Jahre als Nahost-Korrespondent nach Istanbul. Von 2019 bis 2021 Jahre folgten drei Jahre als Asien-Korrespondent für

stern

und

Capital

. 2024 kehrte Mattheis nach Deutschland zurück und arbeitete erneut für die

Wirtschaftswoche

als Korrespondent in München.

„Der Asien-Korrespondent Philipp Mattheis kehrt zu seinen Wurzeln zurück“, freut sich Roland Tichy, Herausgeber von

Tichys Einblick

, über die erneute Zusammenarbeit. „Es gibt nur wenige, die die politischen Zusammenhänge und wirtschaftlichen Entwicklungen Chinas und Asiens so gut kennen“, so Tichy. Mattheis’ Buch „Die dreckige Seidenstraße“ war ein Wirtschaftsbuch-Bestseller.

Tichys Börsenwecker ergänzt den erfolgreichen Morgenwecker, der Nachrichten und Kommentare zum Tagesbeginn liefert. Mit rund 200.000 Hörern am Tag ist er einer der erfolgreichsten täglichen News-Podcasts. „Diesen Erfolg wollen wir jetzt auf das Themenfeld Wirtschaft übertragen“, erläutert Roland Tichy. „Das ist heute umso wichtiger, weil der Niedergang der deutschen Wirtschaft mit dem Aufstieg der asiatischen Länder einhergeht. Mattheis wird aktuelle News und Hintergründe aus Asien noch vor Börsenöffnung in Europa liefern.“"
Der Grönland-Deal des Donald Trump – TE-Wecker am 23. Januar 2026,2026-01-23,https://www.tichyseinblick.de/podcast/te-wecker-am-23-januar-2026/,Holger Douglas,"Der TE-Wecker erscheint montags bis freitags – und bietet Ihnen einen gut informierten Start in den Tag. Ideal für den Frühstückstisch – wir freuen uns, wenn Sie regelmäßig einschalten. An Wochenenden und Feiertagen erscheint der Wecker mit einer Schwerpunktsendung.","Ich bin damit einverstanden, dass mir Inhalte von Soundcloud angezeigt werden.

Abonnieren ▼

iTunes

Amazon

Spotify

Trump bekommt, was er will – ohne einen Schuss +++ NATO zahlt, USA führen – Europas neue Realität im Hohen Norden +++ Kühlschränke für Kolumbien – deutsche Kaufkraft friert ++ Brandmauer ade: Grüne stimmen mit Rechten gegen Mercosur und toben anschließend +++ Die Deutsche Lebens-Rettungs-Gesellschaft (DLRG) will keine AfD-Sympathisanten – Rettung nur noch mit Gesinnung +++ TE-Energiewende-Wetterbericht +++

„Mit dem Code Tichy20 sparen Sie 20% ab einem Mindestbestellwert von 65 €.Gültig nur auf der Webseite

www.Sioux.de

und nur bis 31.12.2026. Gutschein gilt auch für bereits reduzierte Ware. Keine Barauszahlung möglich. Pro Bestellung kann der Gutschein nur einmal eingesetzt werden“

Neu: Webseite

www.Sioux.de

und nur bis 31.12.2026. Gutschein gilt auch für bereits reduzierte Ware. Keine Barauszahlung möglich. Pro Bestellung kann der Gutschein nur einmal eingesetzt werden“

Neu: Tichys Börsenwecker mit Philipp Mattheis >>>"
