id,title,titleHtml,intro,articleRef,categoryRef,articleAltRef,images,tags,video,categories,slug,lastModified,created,publishedAt,template,authors,graphicImages,wideImages,isPaidContent,isTopClickModule,topClickCustomContent,showSystemTeaserTitle,meta,url,day,article_text
c271ed0d-4327-46b8-b8aa-7be808f424dd,Absurde Debatte über Schutz von Frauen gegen Vergewaltigungen: „Penisfallen“ statt geschlossener Grenzen,<span>Absurde Debatte über Schutz von Frauen gegen Vergewaltigungen: „Penisfallen“ statt geschlossener Grenzen</span>,,/gesellschaft/news/penisfallen-faz-sichere-grenzen-birgit-kellea/c271ed0d-4327-46b8-b8aa-7be808f424dd,/gesellschaft,/articles/penisfallen-faz-sichere-grenzen-birgit-kellea/c271ed0d-4327-46b8-b8aa-7be808f424dd,"{'big_1x': 'https://api.nius.de/api/assets/office-hr/b7689ba0-aee0-4967-b285-827078bc315a?width=1400&height=1000&mode=CropUpsize', 'big_2x': 'https://api.nius.de/api/assets/office-hr/b7689ba0-aee0-4967-b285-827078bc315a?width=2000&height=1500&mode=CropUpsize', 'medium': 'https://api.nius.de/api/assets/office-hr/b7689ba0-aee0-4967-b285-827078bc315a?width=800&height=600&mode=CropUpsize', 'small': 'https://api.nius.de/api/assets/office-hr/b7689ba0-aee0-4967-b285-827078bc315a?width=400&height=300&mode=CropUpsize', 'portrait_1x': 'https://api.nius.de/api/assets/office-hr/b7689ba0-aee0-4967-b285-827078bc315a?width=375&height=500&mode=CropUpsize', 'portrait_2x': 'https://api.nius.de/api/assets/office-hr/b7689ba0-aee0-4967-b285-827078bc315a?width=750&height=1000&mode=CropUpsize', 'original': 'https://api.nius.de/api/assets/office-hr/b7689ba0-aee0-4967-b285-827078bc315a', 'title': '', 'id': 'b7689ba0-aee0-4967-b285-827078bc315a'}",[],,['Gesellschaft'],penisfallen-faz-sichere-grenzen-birgit-kellea,2025-07-20T07:58:55Z,2025-07-19T09:20:47Z,2025-07-20 07:24:14.904000+00:00,System Teaser,"[{'id': '65a4e950175ee0b2225eef91', 'email': 'birgit.kelle@vius.com', 'name': 'Birgit Kelle', 'active': True, 'permissions': [], 'slug': 'birgit-kelle', 'firstName': '', 'authorSlug': 'birgit-kelle', 'lastName': '', 'role': 'ADMIN', 'bio': '', 'profileImage': {'big_1x': 'https://api.nius.de/api/users/65a4e950175ee0b2225eef91/picture', 'big_2x': 'https://api.nius.de/api/users/65a4e950175ee0b2225eef91/picture', 'medium': 'https://api.nius.de/api/users/65a4e950175ee0b2225eef91/picture', 'small': 'https://api.nius.de/api/users/65a4e950175ee0b2225eef91/picture', 'portrait_1x': 'https://api.nius.de/api/users/65a4e950175ee0b2225eef91/picture', 'portrait_2x': 'https://api.nius.de/api/users/65a4e950175ee0b2225eef91/picture', 'original': 'https://api.nius.de/api/users/65a4e950175ee0b2225eef91/picture', 'title': '', 'id': '65a4e950175ee0b2225eef91'}}]","{'big_1x': 'https://api.nius.de/api/assets/office-hr/2e7b168d-4b9f-4175-9bbc-d60eef6a994e?width=1400&height=1000&mode=CropUpsize', 'big_2x': 'https://api.nius.de/api/assets/office-hr/2e7b168d-4b9f-4175-9bbc-d60eef6a994e?width=2000&height=1500&mode=CropUpsize', 'medium': 'https://api.nius.de/api/assets/office-hr/2e7b168d-4b9f-4175-9bbc-d60eef6a994e?width=800&height=600&mode=CropUpsize', 'small': 'https://api.nius.de/api/assets/office-hr/2e7b168d-4b9f-4175-9bbc-d60eef6a994e?width=400&height=300&mode=CropUpsize', 'portrait_1x': 'https://api.nius.de/api/assets/office-hr/2e7b168d-4b9f-4175-9bbc-d60eef6a994e?width=375&height=500&mode=CropUpsize', 'portrait_2x': 'https://api.nius.de/api/assets/office-hr/2e7b168d-4b9f-4175-9bbc-d60eef6a994e?width=750&height=1000&mode=CropUpsize', 'original': 'https://api.nius.de/api/assets/office-hr/2e7b168d-4b9f-4175-9bbc-d60eef6a994e', 'title': '', 'id': '2e7b168d-4b9f-4175-9bbc-d60eef6a994e'}",,False,False,[],True,"{'title': 'Absurde Debatte über Schutz von Frauen gegen Vergewaltigungen: „Penisfallen“ statt geschlossener Grenzen', 'description': '„Ist eine Penisfalle für Vergewaltiger eine gute Idee?“, fragte gerade die altehrwürdige Frankfurter Allgemeine Zeitung in einer Überschrift ihre geschätzten Leser und man reagiert fassungslos.', 'image': 'https://api.nius.de/api/assets/office-hr/b7689ba0-aee0-4967-b285-827078bc315a/c271ed0d-4327-46b8-b8aa-7be808f424dd.jpg', 'locale': 'office-hr', 'url': None, 'publishedAt': '2025-07-19T09:20:47Z', 'modifiedAt': '2025-07-20T07:24:14.904Z', 'author': None, 'category': 'Gesellschaft', 'tags': []}",https://www.nius.de/gesellschaft/news/penisfallen-faz-sichere-grenzen-birgit-kellea/c271ed0d-4327-46b8-b8aa-7be808f424dd,2025-07-20,"# Absurde Debatte über Schutz von Frauen gegen Vergewaltigungen: „Penisfallen“ statt geschlossener Grenzen

„Ist eine Penisfalle für Vergewaltiger eine gute Idee?“, fragte gerade die altehrwürdige Frankfurter Allgemeine Zeitung in einer Überschrift ihre geschätzten Leser, und man weiß spontan nicht, was einen fassungsloser hinterlässt: Dass diese Frage ernsthaft in der FAZ diskutiert wird oder dass eine derartige „Erfindung“ überhaupt von jemandem ernsthaft als Lösung für das wachsende Problem der Vergewaltigungen auf deutschen Straßen in Erwägung gezogen wird.

Für jenen Teil der Bevölkerung, der sich erfreulicherweise bislang nicht mit der Frage beschäftigen musste, was eine „Penisfalle“ überhaupt ist, sei erklärt: Es handelt sich dabei um ein Vaginalpessar aus Kunststoff, das sich Frauen wie eine Art Tampon einführen sollen und an dem sich – so die Theorie – der Vergewaltiger sein bestes Stück während des Geschlechtsakts schmerzhaft verletzen soll.
Die FAZ verfasst gewissermaßen ihre eigene Selbstkapitulation

## „Rape-aXe“, importiert aus Südafrika

Ein Patent, das in den Townships von Südafrika offenbar erstmalig von Prostituierten zur Abwehr von übergriffigen Männern verwendet wurde, unter dem vielsagenden Produktnamen „Rape-aXe“, übersetzt „Vergewaltiger-Axt“, und das dann von einem ehemaligen Manager eines deutschen Medizinartikelherstellers mit einer Stückzahl von 5.000 in Serie gebracht wurde. Erst kürzlich wurden wohl 400 Exemplare testweise nach Polen geliefert, und gerade würde das Produkt in Baden-Württemberg von einer Stuttgarter Bademeisterin und der Mitarbeiterin einer Flüchtlingsunterkunft getestet.
Beamte sichern den Tatort in einem Vorort von Kapstadt in Südafrika. Hier kam das Konzept bereits zum Einsatz.
Es drängt sich unmittelbar die Frage auf, wie man sich das erfolgreiche „Testen“ vorzustellen hat. Testet man den Tragekomfort einer Plastikfalle in der eigenen Vagina? Und welcher Mann stellt sich freiwillig zur Verfügung, um die Funktionstüchtigkeit der verletzenden Konstruktion bei erzwungener Penetration an seinem eigenen Penis mit der Bademeisterin auszuprobieren? Vielleicht soll aber auch die rein abschreckende Wirkung getestet werden, was voraussetzt, dass der potenzielle Vergewaltiger in mehreren Sprachen präventiv darauf hingewiesen wird, dass diese Frau ganz gefährlich wäre für sein bestes Stück, weswegen er besser ablassen sollte.
Vielleicht hilft ein Schild um den Hals von Frauen: „Vergewaltigen zwecklos, Vagina mit Penisfalle gesichert.“ Schließlich kennt man solche Schilder doch auch etwa von Geldautomaten: „Einbruch zwecklos, Automat ist mit Zeitschloss gesichert.“ Laut Produktbeschreibung kann die Penisfalle bei Ejakulation gleich auch die DNA-Spuren des Täters sichern, was die Ermittlungsarbeit der Polizei sicher ungemein erleichtert. Orgasmus trotz Penisfalle scheint also immer noch denkbar. Nicht, dass die Sado-Maso-Branche hier gleich auch noch Interesse bekundet.

## Der Wahnsinn hat Methode

Wir wären nicht in Deutschland, wenn die Absurdität dieser neuen Idee zur Gefahrenabwehrstrategie für Frauen nicht sofort den Ruf nach einer staatlich geförderten Studie zur Wirksamkeit der Penisfalle auslösen würde. So geschehen in diesem Fall durch einen Wissenschaftler des Stuttgarter Fraunhofer-Instituts, der es sicher gut meint. Nach eigener Auskunft war der Mediziner Urs Schneider als Entwickler von modernen Prothesen durch die Zeitungslektüre auf die steigende Zahl von Vergewaltigungen in Stuttgart aufmerksam geworden, was wir ihm auf der Habenseite hoch anrechnen wollen.
Während nun das weiblich-feministisch vorbelastete Gehirn angesichts von steigenden Vergewaltigungszahlen durch zugewanderte Frauenverächter in der Regel die Frage formuliert „Wie bezahle ich ein Taxi, um mir dunkle Ecken und den öffentlichen Nahverkehr zu ersparen?“ oder auch „Warum zum Teufel lässt die Regierung diese Frauenhasser alle ins Land und schmeißt sie nicht wieder raus?“, schaltet das männliche Erfindergehirn offensichtlich sofort weiter zur Frage, wie die Frau sich dann eben selbst „schützen“ soll, wenn sie schon von der Politik im Stich gelassen wird und die Polizei gar nicht überall vor Ort sein kann, wo sie inzwischen sein müsste. Gemeinsam mit einer Professorin für Sozialarbeit und Gesundheit will er nun die Chancen und Risiken dieser Abschreckungsstrategie durch Penisfalle erforschen; man sei dazu mit dem baden-württembergischen Sozialministerium im Gespräch.
Man will die Penisfalle auch als neue „Sicherheit“ verstanden wissen, die sie jenen Frauen geben könnte, die bereits einmal vergewaltigt wurden und sich deswegen nachts nicht mehr auf die Straße trauen, erklärte Schneider der FAZ, und er meint das ernst. Man weiß als Frau nicht so recht, soll man ihm den Kopf tätscheln angesichts von so viel Naivität, denn er scheint es ja gut zu meinen, oder soll man ihn lieber anschreien.
Flüchtlinge auf der Balkanroute: zu viele Frauenhasser in Lands gelassen.

## Mundprothesen für Oralverkehr

Anschreien, weil es eine nahezu ignorante Denkweise ist, dass eine vergewaltigte Frau sich wieder sicher fühlen könnte, nur weil sie eine von außen unsichtbare Verletzungsfalle für den nächsten Vergewaltiger in sich trägt? Sie soll sich besser fühlen, weil sie nun weiß, bei der nächsten (!) Vergewaltigung bereitet es dem Täter wenigstens auch Schmerzen? Diese – mit Verlaub sehr männliche Denkweise – lädt nicht nur die Verantwortung für die Sicherheit alleine bei der Frau ab, anstatt dass der Staat endlich seinen Schutzauftrag erfüllt – sie geht auch offensichtlich davon aus, dass alles, was sich vor oder nach dem gewaltsamen Eindringen in den Körper einer Frau ereignet, weder schlimm noch belastend und deswegen auch keine Vergewaltigung, keine Überwältigung, keine Nötigung und auch kein In-Angst-Versetzen von Frauen sei. Man wartet als Frau ja nur noch auf den sicher gut gemeinten Vorschlag, zur Prävention von erzwungenem Oralverkehr zusätzlich noch eine Mundprothese zum Zubeißen zu nutzen.
Logisch: Wer Grenzen nicht schließt, um den Einzug einer orientalischen Vergewaltigungskultur zu verhindern, muss dann eben die einheimischen Frauen animieren, sich „Penisfallen“ aus Kunststoff vaginal einzuführen, damit jene Täter, deren Hautfarbe und Herkunft wir aus Datenschutzgründen und zur Prävention vor rassistischen Narrativen an dieser Stelle nicht nennen wollen und denen man versäumt hatte beizubringen, dass Frauen im besten Deutschland, das es je gab, gar nicht jenes Freiwild sind, das sie aus ihren Herkunftsländern gewohnt sind, sich wenigstens dabei verletzen, wenn sie sich gewaltsam eine Frau zum sexuellen Vergnügen gönnen.
Vielleicht findet sich aber auch noch ein weiterer Daniel Düsentrieb, der für uns Frauen die Penisfalle derart weiterentwickelt, dass bei akutem Penetrationsversuch durch den Herrn Vergewaltiger automatisch ein Lautsprecher für die Umgebung mit aktiviert wird, der stellvertretend für die bewusstlos gewürgte Frau sofort ganz laut „Tiki“ schreit.
Lesen Sie auch von Birgit Kelle:
Das erste Transgebot: Frau, du sollst nützlich sein!"
c3c01b96-98e3-45ca-ab96-42c232a32f7e,"„Wild Wild Wedding“: Massenschlägerei, Stiche und Schüsse an einem Abend – ein Mann tot","<span>„Wild Wild Wedding“: Massenschlägerei, Stiche und Schüsse an einem Abend – ein Mann tot</span>",,/kriminalitaet/news/berlin-kriminalitaet-gesundbrunnen-wedding-massenschlaegerei-stiche-schuesse/c3c01b96-98e3-45ca-ab96-42c232a32f7e,/kriminalitaet,/articles/berlin-kriminalitaet-gesundbrunnen-wedding-massenschlaegerei-stiche-schuesse/c3c01b96-98e3-45ca-ab96-42c232a32f7e,"{'big_1x': 'https://api.nius.de/api/assets/office-hr/c18ad26b-1291-495a-9d84-77eddbda1633?width=1400&height=1000&mode=CropUpsize', 'big_2x': 'https://api.nius.de/api/assets/office-hr/c18ad26b-1291-495a-9d84-77eddbda1633?width=2000&height=1500&mode=CropUpsize', 'medium': 'https://api.nius.de/api/assets/office-hr/c18ad26b-1291-495a-9d84-77eddbda1633?width=800&height=600&mode=CropUpsize', 'small': 'https://api.nius.de/api/assets/office-hr/c18ad26b-1291-495a-9d84-77eddbda1633?width=400&height=300&mode=CropUpsize', 'portrait_1x': 'https://api.nius.de/api/assets/office-hr/c18ad26b-1291-495a-9d84-77eddbda1633?width=375&height=500&mode=CropUpsize', 'portrait_2x': 'https://api.nius.de/api/assets/office-hr/c18ad26b-1291-495a-9d84-77eddbda1633?width=750&height=1000&mode=CropUpsize', 'original': 'https://api.nius.de/api/assets/office-hr/c18ad26b-1291-495a-9d84-77eddbda1633', 'title': '', 'id': 'c18ad26b-1291-495a-9d84-77eddbda1633'}",[],,['Kriminalität'],berlin-kriminalitaet-gesundbrunnen-wedding-massenschlaegerei-stiche-schuesse,2025-07-20T10:39:51Z,2025-07-20T07:01:03Z,2025-07-20 07:47:40.296000+00:00,,"[{'id': '644f639cf03076c588c404f5', 'email': 'redaktion@nius.de', 'name': 'Redaktion', 'active': True, 'permissions': [], 'slug': 'redaktion', 'firstName': '', 'authorSlug': 'redaktion', 'lastName': '', 'role': 'ADMIN', 'bio': '', 'profileImage': {'big_1x': 'https://api.nius.de/api/users/644f639cf03076c588c404f5/picture', 'big_2x': 'https://api.nius.de/api/users/644f639cf03076c588c404f5/picture', 'medium': 'https://api.nius.de/api/users/644f639cf03076c588c404f5/picture', 'small': 'https://api.nius.de/api/users/644f639cf03076c588c404f5/picture', 'portrait_1x': 'https://api.nius.de/api/users/644f639cf03076c588c404f5/picture', 'portrait_2x': 'https://api.nius.de/api/users/644f639cf03076c588c404f5/picture', 'original': 'https://api.nius.de/api/users/644f639cf03076c588c404f5/picture', 'title': '', 'id': '644f639cf03076c588c404f5'}}]","{'big_1x': 'https://api.nius.de/api/assets/office-hr/5689dd25-fcea-4939-8610-ed52014265f1?width=1400&height=1000&mode=CropUpsize', 'big_2x': 'https://api.nius.de/api/assets/office-hr/5689dd25-fcea-4939-8610-ed52014265f1?width=2000&height=1500&mode=CropUpsize', 'medium': 'https://api.nius.de/api/assets/office-hr/5689dd25-fcea-4939-8610-ed52014265f1?width=800&height=600&mode=CropUpsize', 'small': 'https://api.nius.de/api/assets/office-hr/5689dd25-fcea-4939-8610-ed52014265f1?width=400&height=300&mode=CropUpsize', 'portrait_1x': 'https://api.nius.de/api/assets/office-hr/5689dd25-fcea-4939-8610-ed52014265f1?width=375&height=500&mode=CropUpsize', 'portrait_2x': 'https://api.nius.de/api/assets/office-hr/5689dd25-fcea-4939-8610-ed52014265f1?width=750&height=1000&mode=CropUpsize', 'original': 'https://api.nius.de/api/assets/office-hr/5689dd25-fcea-4939-8610-ed52014265f1', 'title': '', 'id': '5689dd25-fcea-4939-8610-ed52014265f1'}",,False,False,[],True,"{'title': '„Wild Wild Wedding“: Massenschlägerei, Stiche und Schüsse an einem Abend – ein Mann tot', 'description': '„Es handelt sich offenbar um Angehörige bestimmter krimineller Milieus“, sagte ein Sprecher der Polizei in der Nacht.', 'image': 'https://api.nius.de/api/assets/office-hr/c18ad26b-1291-495a-9d84-77eddbda1633/c3c01b96-98e3-45ca-ab96-42c232a32f7e.jpg', 'locale': 'office-hr', 'url': None, 'publishedAt': '2025-07-20T07:01:03Z', 'modifiedAt': '2025-07-20T07:47:40.296Z', 'author': None, 'category': 'Kriminalität', 'tags': []}",https://www.nius.de/kriminalitaet/news/berlin-kriminalitaet-gesundbrunnen-wedding-massenschlaegerei-stiche-schuesse/c3c01b96-98e3-45ca-ab96-42c232a32f7e,2025-07-20,"# „Wild Wild Wedding“: Massenschlägerei, Stiche und Schüsse an einem Abend – ein Mann tot

In der Nacht von Samstag auf Sonntag kam es in Berlin-Wedding zu einer Serie gewalttätiger Vorfälle, bei denen die Polizei einen Zusammenhang vermutet. Innerhalb weniger Stunden rückten Einsatzkräfte zu drei separaten Schauplätzen nahe dem Gesundbrunnen aus, darunter eine tödliche Auseinandersetzung, eine Schießerei und ein Messerangriff. Bei zwei der Fälle wird ein möglicher Zusammenhang untersucht.
Der schwerste Zwischenfall ereignete sich gegen 21:00 Uhr in der Bastianstraße, unweit des Bahnhofs Gesundbrunnen. Hier prügelten sich etwa 40 bis 60 Personen auf offener Straße. Ein Mann erlitt dabei lebensgefährliche Verletzungen und verstarb kurz nach seiner Einlieferung ins Krankenhaus. „Es handelt sich offenbar um Angehörige bestimmter krimineller Milieus“, sagte ein Sprecher der Polizei in der Nacht.
Schauen Sie den Zusammenschnitt mitsamt eines einordnenden Statements von Martin Stralau von der Berliner Polizei:
Sanitäter versorgen das Opfer.
Ersten Ermittlungen zufolge kannten sich die Beteiligten nicht persönlich. Die Polizei sicherte den Bereich mit einem großen Aufgebot ab, und selbst nach Mitternacht blieb die Straße vollständig gesperrt. Eine Mordkommission des Landeskriminalamts hat die Untersuchung übernommen, um die Ursachen der Eskalation zu klären – darunter, wer zugestochen hat und ob es einen spezifischen Auslöser gab.

## Zwischenfall mit Stich nahe der Brunnenstraße

Nur eine Stunde zuvor, gegen 20 Uhr, fielen in der nahen Prinzenallee an der Ecke Bellermannstraße Schüsse. Ein unbekannter Täter feuerte mehrmals auf einen Mann, der nach Angaben der B.Z. in die Beine getroffen wurde. Das Opfer wurde schwer verletzt in ein Krankenhaus gebracht und notoperiert. Der Schütze konnte entkommen.
Ein Polizeisprecher: „Wir prüfen derzeit einen Zusammenhang zwischen beiden Fällen.“ Die Behörden rufen Zeugen auf, sich mit Hinweisen bei der Berliner Polizei zu melden.
Polizisten versammeln und besprechen sich auf der Brunnenstraße.
Auch Rettungskräfte kamen zum Einsatz.
Gegen 23:00 Uhr folgte schließlich der dritte Alarm: In der Brunnenstraße wurde ein Mann mit Stichverletzungen entdeckt. Der Angreifer war bereits geflüchtet, das Opfer kam ins Krankenhaus – sein Leben ist jedoch nicht in Gefahr. Vor Ort kursierten Gerüchte, dass der Betroffene mit seiner Freundin im angrenzenden Humboldthain-Park unterwegs gewesen sein könnte und dort überfallen wurde.
Die Polizei hat Ermittlungen aufgenommen, um die genauen Umstände zu rekonstruieren.
Auch bei NIUS: Brutaler Raubüberfall in Berlin: Drei Männer fesseln 34-Jährige in ihrer Wohnung und stechen ihr in den Oberkörper"
f5ab4948-c3ab-411d-a4b9-034ab0b94ad7,„Ich kann die Uhr nicht zurückdrehen“: Außenminister Wadephul sagt Aufnahme von ausreisewilligen Afghanen zu,<span>„Ich kann die Uhr nicht zurückdrehen“: Außenminister Wadephul sagt Aufnahme von ausreisewilligen Afghanen zu</span>,,/ausland/news/aussenminister-johann-wadephul-aufnahme-afghanen-pakistan/f5ab4948-c3ab-411d-a4b9-034ab0b94ad7,/ausland,/articles/aussenminister-johann-wadephul-aufnahme-afghanen-pakistan/f5ab4948-c3ab-411d-a4b9-034ab0b94ad7,"{'big_1x': 'https://api.nius.de/api/assets/office-hr/cbb6f0aa-bfc8-420d-90e7-fc7d90420062?width=1400&height=1000&mode=CropUpsize', 'big_2x': 'https://api.nius.de/api/assets/office-hr/cbb6f0aa-bfc8-420d-90e7-fc7d90420062?width=2000&height=1500&mode=CropUpsize', 'medium': 'https://api.nius.de/api/assets/office-hr/cbb6f0aa-bfc8-420d-90e7-fc7d90420062?width=800&height=600&mode=CropUpsize', 'small': 'https://api.nius.de/api/assets/office-hr/cbb6f0aa-bfc8-420d-90e7-fc7d90420062?width=400&height=300&mode=CropUpsize', 'portrait_1x': 'https://api.nius.de/api/assets/office-hr/cbb6f0aa-bfc8-420d-90e7-fc7d90420062?width=375&height=500&mode=CropUpsize', 'portrait_2x': 'https://api.nius.de/api/assets/office-hr/cbb6f0aa-bfc8-420d-90e7-fc7d90420062?width=750&height=1000&mode=CropUpsize', 'original': 'https://api.nius.de/api/assets/office-hr/cbb6f0aa-bfc8-420d-90e7-fc7d90420062', 'title': '', 'id': 'cbb6f0aa-bfc8-420d-90e7-fc7d90420062'}",[],,['Ausland'],aussenminister-johann-wadephul-aufnahme-afghanen-pakistan,2025-07-20T10:29:44Z,2025-07-20T08:05:39Z,2025-07-20 10:10:36.228000+00:00,,"[{'id': '644f639cf03076c588c404f5', 'email': 'redaktion@nius.de', 'name': 'Redaktion', 'active': True, 'permissions': [], 'slug': 'redaktion', 'firstName': '', 'authorSlug': 'redaktion', 'lastName': '', 'role': 'ADMIN', 'bio': '', 'profileImage': {'big_1x': 'https://api.nius.de/api/users/644f639cf03076c588c404f5/picture', 'big_2x': 'https://api.nius.de/api/users/644f639cf03076c588c404f5/picture', 'medium': 'https://api.nius.de/api/users/644f639cf03076c588c404f5/picture', 'small': 'https://api.nius.de/api/users/644f639cf03076c588c404f5/picture', 'portrait_1x': 'https://api.nius.de/api/users/644f639cf03076c588c404f5/picture', 'portrait_2x': 'https://api.nius.de/api/users/644f639cf03076c588c404f5/picture', 'original': 'https://api.nius.de/api/users/644f639cf03076c588c404f5/picture', 'title': '', 'id': '644f639cf03076c588c404f5'}}]","{'big_1x': 'https://api.nius.de/api/assets/office-hr/16fb869a-c5f0-4198-a667-b8ef1cb1793b?width=1400&height=1000&mode=CropUpsize', 'big_2x': 'https://api.nius.de/api/assets/office-hr/16fb869a-c5f0-4198-a667-b8ef1cb1793b?width=2000&height=1500&mode=CropUpsize', 'medium': 'https://api.nius.de/api/assets/office-hr/16fb869a-c5f0-4198-a667-b8ef1cb1793b?width=800&height=600&mode=CropUpsize', 'small': 'https://api.nius.de/api/assets/office-hr/16fb869a-c5f0-4198-a667-b8ef1cb1793b?width=400&height=300&mode=CropUpsize', 'portrait_1x': 'https://api.nius.de/api/assets/office-hr/16fb869a-c5f0-4198-a667-b8ef1cb1793b?width=375&height=500&mode=CropUpsize', 'portrait_2x': 'https://api.nius.de/api/assets/office-hr/16fb869a-c5f0-4198-a667-b8ef1cb1793b?width=750&height=1000&mode=CropUpsize', 'original': 'https://api.nius.de/api/assets/office-hr/16fb869a-c5f0-4198-a667-b8ef1cb1793b', 'title': '', 'id': '16fb869a-c5f0-4198-a667-b8ef1cb1793b'}",,False,False,[],True,"{'title': '„Ich kann die Uhr nicht zurückdrehen“: Außenminister Wadephul sagt Aufnahme von ausreisewilligen Afghanen zu', 'description': 'Die Aufnahmezusagen der Bundesregierung dürften umstritten sein, schließlich wurden in der Vergangenheit Sicherheitsbedenken und fingierte Biografien bei Migranten festgestellt', 'image': 'https://api.nius.de/api/assets/office-hr/cbb6f0aa-bfc8-420d-90e7-fc7d90420062/f5ab4948-c3ab-411d-a4b9-034ab0b94ad7.jpg', 'locale': 'office-hr', 'url': None, 'publishedAt': '2025-07-20T08:05:39Z', 'modifiedAt': '2025-07-20T10:10:36.228Z', 'author': None, 'category': 'Ausland', 'tags': []}",https://www.nius.de/ausland/news/aussenminister-johann-wadephul-aufnahme-afghanen-pakistan/f5ab4948-c3ab-411d-a4b9-034ab0b94ad7,2025-07-20,"# „Ich kann die Uhr nicht zurückdrehen“: Außenminister Wadephul sagt Aufnahme von ausreisewilligen Afghanen zu

Der deutsche Außenminister Johann Wadephul hat angekündigt, dass Afghanen, die derzeit in Pakistan auf eine Ausreise warten, in Deutschland aufgenommen werden – sofern sie eine verbindliche Zusicherung der vorherigen Bundesregierung besitzen und keine Sicherheitsrisiken vorliegen. Der CDU-Politiker betonte in einem Interview mit der Bild am Sonntag, dass er an bestehende Verpflichtungen gebunden sei. „Ich kann die Uhr nicht zurückdrehen und Fehlentscheidungen früherer Bundesregierungen ändern“, sagte Wadephul.
Die laufenden Aufnahmeprogramme für Afghanen sollen jedoch, wenn es nach ihm geht, eingestellt werden – und es werde „keine einzige neue Anerkennung“ mehr erfolgen. Wadephul kritisierte die Praxis der Vergangenheit: „Ich halte den Umfang, in dem derartige Entscheidungen in der Vergangenheit getroffen wurden, für kritikwürdig.“ Er ergänzte: „Aber wenn eine derartige Anerkennung ein Jahr alt ist, dann kann ich sie nur mit rechtsstaatlichen Mitteln ändern. Das heißt, wenn sich herausstellt, dass die Person eine falsche Identität hat. Oder dass sie überhaupt nicht mehr an dem Ort ist“, so der Außenminister bei Bild am Sonntag.
Hintergrund der Entscheidung ist die Machtübernahme der Taliban in Afghanistan im Jahr 2021, nach der Deutschland mehrere Programme zur Aufnahme gefährdeter Personen einrichtete, die sich für Demokratie und Gleichberechtigung engagiert hatten. Die aktuelle Koalitionsregierung aus Union und SPD hat diese Initiativen gestoppt. Vor etwa zwei Wochen urteilte das Verwaltungsgericht Berlin in einem Eilverfahren zugunsten einer afghanischen Juradozentin und ihrer Familie: Die Regierung sei an Aufnahmebescheide gebunden und müsse Visa ausstellen. Laut Auswärtigem Amt vom 20. Juni harren derzeit etwa 2.400 Personen in Pakistan auf ihre Visa aus.
Ranghohe Taliban bei einer Kundgebung in Kabul
Die Aufnahmezusagen der Bundesregierung dürften umstritten sein, schließlich wurden in der Vergangenheit Sicherheitsbedenken und fingierte Biografien bei Migranten festgestellt, die nach Deutschland eingereist waren oder einreisen wollten. Auch werden Afghanen hierzulande überproportional oft straffällig – und begehen bisweilen schwere Straftaten, die für große Empörung sorgen. 93 Prozent der Deutschen sprachen sich nach dem Attentat von Mannheim, bei dem ein afghanischer Asylbewerber die islamkritische Kundgebung Michael Stürzenbergers angriff und den Polizisten Rouven Laur tötete, für Abschiebungen nach Afghanistan aus.

## Offenheit für Abschiebungen syrischer Straftäter

Zusätzlich äußerte sich Wadephul zu möglichen Abschiebungen krimineller Ausländer. Nach der kürzlichen Rückführung straffälliger Afghanen in ihr Herkunftsland zeigte er sich grundsätzlich bereit, ähnliche Maßnahmen bei syrischen Straftätern in Betracht zu ziehen – allerdings erst „in Zukunft“ und unter strengen Voraussetzungen. Angesichts der Unruhen in drusischen Gebieten im Süden Syriens forderte er die dortige Übergangsregierung auf, alle religiösen Gruppen zu integrieren und die Sicherheit aller zu gewährleisten.
„Aber zum jetzigen Zeitpunkt sind wir der Meinung: Dieser Übergangsregierung müssen wir eine ernsthafte Chance geben“, erklärte Wadephul. „Das bedeutet auch, dass wir zusammenarbeiten können – in der Weise, dass es auch grundsätzlich möglich sein kann, in Zukunft straffällig gewordene Syrer in das Land abzuschieben.“ Dies hänge jedoch davon ab, ob sich das Land positiv weiterentwickle.
Auch bei NIUS: Bundesregierung zahlt 49 Millionen Euro für Unterbringung von Afghanen in Pakistan"
adcae82e-c1b6-4d4c-b741-7b991a23fd66,Mehrheit der Deutschen spricht sich gegen ein AfD-Verbot aus,<span>Mehrheit der Deutschen spricht sich gegen ein AfD-Verbot aus</span>,,/politik/news/afd-verbot-mehrheit-der-deutschen-dagegen-cdu-csu-union/adcae82e-c1b6-4d4c-b741-7b991a23fd66,/politik,/articles/afd-verbot-mehrheit-der-deutschen-dagegen-cdu-csu-union/adcae82e-c1b6-4d4c-b741-7b991a23fd66,"{'big_1x': 'https://api.nius.de/api/assets/office-hr/c66eac57-cce1-4fd7-a5f5-81b3123541c6?width=1400&height=1000&mode=CropUpsize', 'big_2x': 'https://api.nius.de/api/assets/office-hr/c66eac57-cce1-4fd7-a5f5-81b3123541c6?width=2000&height=1500&mode=CropUpsize', 'medium': 'https://api.nius.de/api/assets/office-hr/c66eac57-cce1-4fd7-a5f5-81b3123541c6?width=800&height=600&mode=CropUpsize', 'small': 'https://api.nius.de/api/assets/office-hr/c66eac57-cce1-4fd7-a5f5-81b3123541c6?width=400&height=300&mode=CropUpsize', 'portrait_1x': 'https://api.nius.de/api/assets/office-hr/c66eac57-cce1-4fd7-a5f5-81b3123541c6?width=375&height=500&mode=CropUpsize', 'portrait_2x': 'https://api.nius.de/api/assets/office-hr/c66eac57-cce1-4fd7-a5f5-81b3123541c6?width=750&height=1000&mode=CropUpsize', 'original': 'https://api.nius.de/api/assets/office-hr/c66eac57-cce1-4fd7-a5f5-81b3123541c6', 'title': '', 'id': 'c66eac57-cce1-4fd7-a5f5-81b3123541c6'}",[],,['Politik'],afd-verbot-mehrheit-der-deutschen-dagegen-cdu-csu-union,2025-07-20T11:33:07Z,2025-07-20T08:18:30Z,2025-07-20 11:17:16.402000+00:00,,"[{'id': '644f639cf03076c588c404f5', 'email': 'redaktion@nius.de', 'name': 'Redaktion', 'active': True, 'permissions': [], 'slug': 'redaktion', 'firstName': '', 'authorSlug': 'redaktion', 'lastName': '', 'role': 'ADMIN', 'bio': '', 'profileImage': {'big_1x': 'https://api.nius.de/api/users/644f639cf03076c588c404f5/picture', 'big_2x': 'https://api.nius.de/api/users/644f639cf03076c588c404f5/picture', 'medium': 'https://api.nius.de/api/users/644f639cf03076c588c404f5/picture', 'small': 'https://api.nius.de/api/users/644f639cf03076c588c404f5/picture', 'portrait_1x': 'https://api.nius.de/api/users/644f639cf03076c588c404f5/picture', 'portrait_2x': 'https://api.nius.de/api/users/644f639cf03076c588c404f5/picture', 'original': 'https://api.nius.de/api/users/644f639cf03076c588c404f5/picture', 'title': '', 'id': '644f639cf03076c588c404f5'}}]","{'big_1x': 'https://api.nius.de/api/assets/office-hr/1f876ac4-8f79-44c7-91fa-8378a1527f37?width=1400&height=1000&mode=CropUpsize', 'big_2x': 'https://api.nius.de/api/assets/office-hr/1f876ac4-8f79-44c7-91fa-8378a1527f37?width=2000&height=1500&mode=CropUpsize', 'medium': 'https://api.nius.de/api/assets/office-hr/1f876ac4-8f79-44c7-91fa-8378a1527f37?width=800&height=600&mode=CropUpsize', 'small': 'https://api.nius.de/api/assets/office-hr/1f876ac4-8f79-44c7-91fa-8378a1527f37?width=400&height=300&mode=CropUpsize', 'portrait_1x': 'https://api.nius.de/api/assets/office-hr/1f876ac4-8f79-44c7-91fa-8378a1527f37?width=375&height=500&mode=CropUpsize', 'portrait_2x': 'https://api.nius.de/api/assets/office-hr/1f876ac4-8f79-44c7-91fa-8378a1527f37?width=750&height=1000&mode=CropUpsize', 'original': 'https://api.nius.de/api/assets/office-hr/1f876ac4-8f79-44c7-91fa-8378a1527f37', 'title': '', 'id': '1f876ac4-8f79-44c7-91fa-8378a1527f37'}",,False,False,[],True,"{'title': 'Mehrheit der Deutschen spricht sich gegen ein AfD-Verbot aus', 'description': 'Besonders in Ostdeutschland ist die Ablehnung stark: Dort lehnen 65 Prozent ein Verbot ab, im Westen sind es 49 Prozent. ', 'image': 'https://api.nius.de/api/assets/office-hr/c66eac57-cce1-4fd7-a5f5-81b3123541c6/adcae82e-c1b6-4d4c-b741-7b991a23fd66.jpg', 'locale': 'office-hr', 'url': None, 'publishedAt': '2025-07-20T08:18:30Z', 'modifiedAt': '2025-07-20T11:17:16.402Z', 'author': None, 'category': 'Politik', 'tags': []}",https://www.nius.de/politik/news/afd-verbot-mehrheit-der-deutschen-dagegen-cdu-csu-union/adcae82e-c1b6-4d4c-b741-7b991a23fd66,2025-07-20,"# Mehrheit der Deutschen spricht sich gegen ein AfD-Verbot aus

Eine klare Mehrheit der Bundesbürger spricht sich gegen ein Verbot der Alternative für Deutschland (AfD) aus. Laut einer aktuellen Umfrage des Instituts für Demoskopie Allensbach, die im Auftrag der Frankfurter Allgemeinen Zeitung (FAZ) durchgeführt wurde, sind 52 Prozent der Befragten dagegen, während nur 27 Prozent ein solches Verbot befürworten. Die Umfrage basiert auf Befragungen von 1054 Personen zwischen dem 4. und 16. Juli.
Besonders in Ostdeutschland ist die Ablehnung stark: Dort lehnen 65 Prozent ein Verbot ab, im Westen sind es 49 Prozent. Die Demoskopen identifizierten mehrere Ursachen für diese Haltung. Ein zentraler Faktor ist die persönliche Vertrautheit mit AfD-Anhängern: 67 Prozent der Westdeutschen und 88 Prozent der Ostdeutschen geben an, Sympathisanten der Partei in ihrem Umfeld zu kennen.
Der Bundesinnenminister Dobrindt sagte, es sei ein „absoluter Trugschluss“ zu glauben, man könne wachsenden Umfragewerten mit einem Verbot begegnen.
Diese werden jedoch deutlich milder bewertet als die Partei insgesamt. Während 54 Prozent der Befragten die AfD als rechtsextrem einstufen, trifft diese Einschätzung nur auf 5 Prozent der bekannten Anhänger zu. Ein weiterer Grund für die Skepsis gegenüber einem Verbot liegt in dem Verdacht, dass etablierte Parteien vor allem Konkurrenz aus dem Weg räumen wollten.

## Dobrindt positioniert sich klar gegen ein AfD-Verbot

Die Diskussion um ein AfD-Verbot hat sich verschärft, seit das Bundesamt für Verfassungsschutz die Partei als gesichert rechtsextrem klassifiziert hat. Aufgrund rechtlicher Schritte der AfD ist diese Einstufung derzeit ausgesetzt. Ein Verbotsverfahren könnte nur auf Antrag der Bundesregierung, des Bundestags oder des Bundesrats vom Bundesverfassungsgericht geprüft werden. Bundesinnenminister Alexander Dobrindt (CSU) bleibt bei seiner Ablehnung eines solchen Schritts. „Das ist ein grundfalscher Weg“, sagte Dobrindt der Welt.
Es sei „ein absoluter Trugschluss“ zu glauben, man könnte über Jahre eine Politik betreiben, die dazu führe, dass radikale Parteien bessere Wahlergebnisse erzielten, um dann zu sagen: „Jetzt muss man die halt einfach verbieten.“ Ähnlich positionierte sich unlängst der Historiker Andreas Rödder, der als konservativer Vordenker gilt, und sagte, ein AfD-Verbot wäre ein „sicherer Weg in den Bürgerkrieg“. Kürzlich hatte SPD-Fraktionschef Matthias Miersch ein Verbotsverfahren gefordert.
Auch bei NIUS: 
Brisantes Interview in der Jungen Freiheit: Herr Gersdorf ist gegen ein AfD-Verbot, Frau Gersdorf ist dafür"
ad6188fd-bf44-4246-93f0-c9ae1bb6cb22,Trinken Sie Kaffee. Ihr Herz wird sich freuen,<span>Trinken Sie Kaffee. Ihr Herz wird sich freuen</span>,,/kommentar/news/kaffee-trinken-experte-herz-leber-gesundheit/ad6188fd-bf44-4246-93f0-c9ae1bb6cb22,/kommentar,/articles/kaffee-trinken-experte-herz-leber-gesundheit/ad6188fd-bf44-4246-93f0-c9ae1bb6cb22,"{'big_1x': 'https://api.nius.de/api/assets/office-hr/89ddd053-544d-49d8-8376-f5abb0561f58?width=1400&height=1000&mode=CropUpsize', 'big_2x': 'https://api.nius.de/api/assets/office-hr/89ddd053-544d-49d8-8376-f5abb0561f58?width=2000&height=1500&mode=CropUpsize', 'medium': 'https://api.nius.de/api/assets/office-hr/89ddd053-544d-49d8-8376-f5abb0561f58?width=800&height=600&mode=CropUpsize', 'small': 'https://api.nius.de/api/assets/office-hr/89ddd053-544d-49d8-8376-f5abb0561f58?width=400&height=300&mode=CropUpsize', 'portrait_1x': 'https://api.nius.de/api/assets/office-hr/89ddd053-544d-49d8-8376-f5abb0561f58?width=375&height=500&mode=CropUpsize', 'portrait_2x': 'https://api.nius.de/api/assets/office-hr/89ddd053-544d-49d8-8376-f5abb0561f58?width=750&height=1000&mode=CropUpsize', 'original': 'https://api.nius.de/api/assets/office-hr/89ddd053-544d-49d8-8376-f5abb0561f58', 'title': '', 'id': '89ddd053-544d-49d8-8376-f5abb0561f58'}",[],,['Kommentar'],kaffee-trinken-experte-herz-leber-gesundheit,2025-07-22T15:50:30Z,2025-07-20T11:33:22Z,2025-07-20 12:56:36.042000+00:00,,"[{'id': '6566440a2c300120e3fcdf27', 'email': 'louis.hagen@vius.com', 'name': 'Louis Hagen', 'active': True, 'permissions': [], 'slug': 'louis-hagen', 'firstName': '', 'authorSlug': 'louis-hagen', 'lastName': '', 'role': 'ADMIN', 'bio': '', 'profileImage': {'big_1x': 'https://api.nius.de/api/users/6566440a2c300120e3fcdf27/picture', 'big_2x': 'https://api.nius.de/api/users/6566440a2c300120e3fcdf27/picture', 'medium': 'https://api.nius.de/api/users/6566440a2c300120e3fcdf27/picture', 'small': 'https://api.nius.de/api/users/6566440a2c300120e3fcdf27/picture', 'portrait_1x': 'https://api.nius.de/api/users/6566440a2c300120e3fcdf27/picture', 'portrait_2x': 'https://api.nius.de/api/users/6566440a2c300120e3fcdf27/picture', 'original': 'https://api.nius.de/api/users/6566440a2c300120e3fcdf27/picture', 'title': '', 'id': '6566440a2c300120e3fcdf27'}}]","{'big_1x': 'https://api.nius.de/api/assets/office-hr/e00a3681-9901-4b95-b632-d034ae5b13a3?width=1400&height=1000&mode=CropUpsize', 'big_2x': 'https://api.nius.de/api/assets/office-hr/e00a3681-9901-4b95-b632-d034ae5b13a3?width=2000&height=1500&mode=CropUpsize', 'medium': 'https://api.nius.de/api/assets/office-hr/e00a3681-9901-4b95-b632-d034ae5b13a3?width=800&height=600&mode=CropUpsize', 'small': 'https://api.nius.de/api/assets/office-hr/e00a3681-9901-4b95-b632-d034ae5b13a3?width=400&height=300&mode=CropUpsize', 'portrait_1x': 'https://api.nius.de/api/assets/office-hr/e00a3681-9901-4b95-b632-d034ae5b13a3?width=375&height=500&mode=CropUpsize', 'portrait_2x': 'https://api.nius.de/api/assets/office-hr/e00a3681-9901-4b95-b632-d034ae5b13a3?width=750&height=1000&mode=CropUpsize', 'original': 'https://api.nius.de/api/assets/office-hr/e00a3681-9901-4b95-b632-d034ae5b13a3', 'title': '', 'id': 'e00a3681-9901-4b95-b632-d034ae5b13a3'}",,False,False,[],True,"{'title': 'Trinken Sie Kaffee. Ihr Herz wird sich freuen', 'description': 'Diese Nachricht ist einen guten Schluck Kaffee wert – neue Studien beweisen, was Gesundheitsfanatiker wohl nicht gerne hören: „Es ist eher ein Gesundheitsrisiko, auf Kaffee zu verzichten.“', 'image': 'https://api.nius.de/api/assets/office-hr/89ddd053-544d-49d8-8376-f5abb0561f58/ad6188fd-bf44-4246-93f0-c9ae1bb6cb22.jpg', 'locale': 'office-hr', 'url': None, 'publishedAt': '2025-07-20T11:33:22Z', 'modifiedAt': '2025-07-20T12:56:36.042Z', 'author': None, 'category': 'Kommentar', 'tags': []}",https://www.nius.de/kommentar/news/kaffee-trinken-experte-herz-leber-gesundheit/ad6188fd-bf44-4246-93f0-c9ae1bb6cb22,2025-07-20,"# Trinken Sie Kaffee. Ihr Herz wird sich freuen

Diese Nachricht ist einen guten Schluck Kaffee wert – neue Studien beweisen, was Gesundheitsfanatiker wohl nicht gerne hören: „Es ist eher ein Gesundheitsrisiko, auf Kaffee zu verzichten.“
Das sagt einer, der sich seit Jahren mit den Auswirkungen von Kaffee beschäftigt: der Chemiker Chahan Yeretzian. In einem Interview mit dem Süddeutsche Zeitung-Magazin sagt der Forscher weiter: „Ich finde es erstaunlich, dass Kaffee einen so ungesunden Ruf hat. Dabei ist das Gegenteil der Fall: Er hat sehr positive Auswirkungen auf den Körper. Es stecken zum Beispiel mehr Antioxidantien darin als in Gemüse. Aktuelle internationale Studien zeigen, dass Kaffee nicht nur die körperliche und geistige Leistungsfähigkeit steigern, sondern auch vor Krankheiten schützen und das Leben verlängern kann.“

## „Jetzt ’ne heiße Tasse Kaffee“

Der Chemiker spricht aus, was der gesunde Menschenverstand längst erahnt hat. „Jetzt ’ne heiße Tasse Kaffee“, „Mann, schmeckt dieser Kaffee gut“, „Ohne meinen Kaffee kann der Tag nicht beginnen“. Das sind Sätze, die Sie täglich in Millionen deutschen Büros hören. Manchmal werden diese Sätze belächelt, weil ein Kollege betont, dass Kaffee schädlich fürs Herz sei. Dazu sagt Experte Yeretzian: „Das ist ein Mythos. Was stimmt: Die im Kaffee enthaltenen Fette erhöhen den Blutdruck messbar. Deshalb denken viele, das wäre schädlich. Aber erstens nimmt diese Wirkung mit zunehmender Gewöhnung ab, und zweitens hat sie keine negativen Auswirkungen auf die Gesundheit.“
Auch auf Leber und Lunge kann sich Kaffee positiv auswirken.
Herrlich, nicht wahr, meine lieben Kaffee-Freunde. Mit Vergnügen zitiere ich hier auch Wikipedia und Co.: „Es gibt Hinweise darauf, dass regelmäßiger Kaffeekonsum das Risiko für bestimmte Krankheiten wie Typ-2-Diabetes, Parkinson, Alzheimer und bestimmte Krebsarten senken kann. Zudem kann Kaffee die Konzentration, Stimmung und körperliche Leistungsfähigkeit verbessern.“

## Der Leber tut Kaffee auch gut

Bitte mehr davon! Heute nur gute Nachrichten. Die Kaffee-Welt ist wenigstens noch in Ordnung. Sie strahlt sogar in neuem Glanz. Denn, so Wiki: „Kaffee kann das Risiko für Leberkrebs und andere Lebererkrankungen senken.“ Und: „Studien zeigen, dass Kaffee Asthmaanfälle lindern kann und die Lungenfunktion verbessert.“

Jetzt ahne ich, warum die Cowboys am Lagerfeuer in den Filmen immer nur Kaffee trinken, tags wie nachts, immer in Blechdosen. Ich glaube, sie haben nicht an Antioxidantien gedacht, sondern nur was Heißes für den Magen gebraucht. Denn der amerikanische Kaffee der Western-Zeit war so dünn, dass man ihn auch nachts trinken und danach friedlich schlafen konnte. Der Kaffee in den USA wird noch heute besonders dünn serviert – für unseren Geschmack.

Andere Länder, andere Kaffee-Sitten. Aber Kaffee bleibt eben Kaffee. Deshalb hat das letzte Wort Kaffee-Experte Chahan Yeretzian: „Es gibt keine Korrelation zwischen dem blutdrucksteigernden Effekt und einer Zunahme von kardiovaskulären Erkrankungen. Auch hier weisen Studien eher auf das Gegenteil hin: Kaffeekonsum kann das Herz-Kreislaufsystem schützen.“

An dieser Stelle muss ich abbrechen, liebe Leserin und lieber Leser. Ich muss mir eine Tasse Kaffee aufbrühen. Sie doch sicher auch.
Auch bei NIUS: Quinoa-Quatsch & Mandel-Murks: Nichts schlägt echte Milch!"
7a4265f8-2e10-4d5b-8d54-27600beb763d,Linksextremes Zentrum für politische Schönheit stört Sommerinterview mit AfD-Chefin Weidel,<span>Linksextremes Zentrum für politische Schönheit stört Sommerinterview mit AfD-Chefin Weidel</span>,,/medien/news/ard-afd-chefin-alice-weidel-sommerinterview-zentrum-politische-schoenheit-linksextrem/7a4265f8-2e10-4d5b-8d54-27600beb763d,/medien,/articles/ard-afd-chefin-alice-weidel-sommerinterview-zentrum-politische-schoenheit-linksextrem/7a4265f8-2e10-4d5b-8d54-27600beb763d,"{'big_1x': 'https://api.nius.de/api/assets/office-hr/d042082c-4c34-495b-b4b3-5ecabfa2bb3b?width=1400&height=1000&mode=CropUpsize', 'big_2x': 'https://api.nius.de/api/assets/office-hr/d042082c-4c34-495b-b4b3-5ecabfa2bb3b?width=2000&height=1500&mode=CropUpsize', 'medium': 'https://api.nius.de/api/assets/office-hr/d042082c-4c34-495b-b4b3-5ecabfa2bb3b?width=800&height=600&mode=CropUpsize', 'small': 'https://api.nius.de/api/assets/office-hr/d042082c-4c34-495b-b4b3-5ecabfa2bb3b?width=400&height=300&mode=CropUpsize', 'portrait_1x': 'https://api.nius.de/api/assets/office-hr/d042082c-4c34-495b-b4b3-5ecabfa2bb3b?width=375&height=500&mode=CropUpsize', 'portrait_2x': 'https://api.nius.de/api/assets/office-hr/d042082c-4c34-495b-b4b3-5ecabfa2bb3b?width=750&height=1000&mode=CropUpsize', 'original': 'https://api.nius.de/api/assets/office-hr/d042082c-4c34-495b-b4b3-5ecabfa2bb3b', 'title': '', 'id': 'd042082c-4c34-495b-b4b3-5ecabfa2bb3b'}",[],,['Medien'],ard-afd-chefin-alice-weidel-sommerinterview-zentrum-politische-schoenheit-linksextrem,2025-07-20T15:33:12Z,2025-07-20T14:42:18Z,2025-07-20 15:08:04.251000+00:00,,"[{'id': '644f639cf03076c588c404f5', 'email': 'redaktion@nius.de', 'name': 'Redaktion', 'active': True, 'permissions': [], 'slug': 'redaktion', 'firstName': '', 'authorSlug': 'redaktion', 'lastName': '', 'role': 'ADMIN', 'bio': '', 'profileImage': {'big_1x': 'https://api.nius.de/api/users/644f639cf03076c588c404f5/picture', 'big_2x': 'https://api.nius.de/api/users/644f639cf03076c588c404f5/picture', 'medium': 'https://api.nius.de/api/users/644f639cf03076c588c404f5/picture', 'small': 'https://api.nius.de/api/users/644f639cf03076c588c404f5/picture', 'portrait_1x': 'https://api.nius.de/api/users/644f639cf03076c588c404f5/picture', 'portrait_2x': 'https://api.nius.de/api/users/644f639cf03076c588c404f5/picture', 'original': 'https://api.nius.de/api/users/644f639cf03076c588c404f5/picture', 'title': '', 'id': '644f639cf03076c588c404f5'}}]","{'big_1x': 'https://api.nius.de/api/assets/office-hr/774ef998-d2b5-4ff6-9b2c-af40a7ee5fc8?width=1400&height=1000&mode=CropUpsize', 'big_2x': 'https://api.nius.de/api/assets/office-hr/774ef998-d2b5-4ff6-9b2c-af40a7ee5fc8?width=2000&height=1500&mode=CropUpsize', 'medium': 'https://api.nius.de/api/assets/office-hr/774ef998-d2b5-4ff6-9b2c-af40a7ee5fc8?width=800&height=600&mode=CropUpsize', 'small': 'https://api.nius.de/api/assets/office-hr/774ef998-d2b5-4ff6-9b2c-af40a7ee5fc8?width=400&height=300&mode=CropUpsize', 'portrait_1x': 'https://api.nius.de/api/assets/office-hr/774ef998-d2b5-4ff6-9b2c-af40a7ee5fc8?width=375&height=500&mode=CropUpsize', 'portrait_2x': 'https://api.nius.de/api/assets/office-hr/774ef998-d2b5-4ff6-9b2c-af40a7ee5fc8?width=750&height=1000&mode=CropUpsize', 'original': 'https://api.nius.de/api/assets/office-hr/774ef998-d2b5-4ff6-9b2c-af40a7ee5fc8', 'title': '', 'id': '774ef998-d2b5-4ff6-9b2c-af40a7ee5fc8'}",,False,False,[],True,"{'title': 'Linksextremes Zentrum für politische Schönheit stört Sommerinterview mit AfD-Chefin Weidel', 'description': 'Unklar ist, warum die ARD, die ihre Sommerinterviews in Berlin-Mitte unweit des Regierungsviertels führt, ein normales Interview mit Weidel nicht gewährleisten konnte.', 'image': 'https://api.nius.de/api/assets/office-hr/d042082c-4c34-495b-b4b3-5ecabfa2bb3b/7a4265f8-2e10-4d5b-8d54-27600beb763d.jpg', 'locale': 'office-hr', 'url': None, 'publishedAt': '2025-07-20T14:42:18Z', 'modifiedAt': '2025-07-20T15:08:04.251Z', 'author': None, 'category': 'Medien', 'tags': []}",https://www.nius.de/medien/news/ard-afd-chefin-alice-weidel-sommerinterview-zentrum-politische-schoenheit-linksextrem/7a4265f8-2e10-4d5b-8d54-27600beb763d,2025-07-20,"# Linksextremes Zentrum für politische Schönheit stört Sommerinterview mit AfD-Chefin Weidel

Beim Sommerinterview der ARD mit AfD-Chefin Alice Weidel ist es zu einer massiven Störaktion gekommen. Während sich die Parteichefin zu Fragen des Journalisten Markus Preiß befragt äußern wollte, setzte ein Chor ein, der die Vorsitzende übertönte und zwischenzeitlich das Zuhören erschwerte. Den Vorfall machte die AfD-Chefin in einem Tweet selbst publik, die Störung ist aber auch im Live-Stream bereits nachzuschauen.
Während der Störung führt Weidel gerade aus, dass sie an „Remigration“ festhalte. Das Konzept sei demnach „die Einhaltung von Recht und Gesetz“. Dies bedeute aber, so Weidel, auch, „dass jeder, der aus einem sicheren Drittstaat zu uns kommt, abzuweisen ist.“ Seit zehn Jahren werde „das Gegenteil“ gemacht, stattdessen werde jeder hereingelassen. Nun müsse man ausreisepflichtige Menschen abschieben. „Wir haben beispielsweise in diesem Land 215.000 Syrer, die ausreisepflichtig sind. Da frage ich mich: Wo bleiben die Abschiebungen?“
Während der gesamten Passage wird Weidel von einem geradezu komisch anmutendem Chor unterlegt, der „Scheiß AfD“ singt. Unklar ist, woher die Musik genau kommt. Im Vorfeld des Interviews versammelten sich Demonstranten auf der gegenüberliegenden Uferseite. Dort wurde bereits gegen die AfD-Chefin getrommelt und Parolen skandiert.
Zu der Aktion hat sich inzwischen das Zentrum für politische Schönheit bekannt. Auf der Plattform BlueSky schrieb das linksextreme Kollektiv: „Das beste Sommerinterview, das die ARD je mit Faschisten geführt hat.“ Man lade alle ein, dieses ab 18:00 Uhr in der ARD nachzugucken, was den Rückschluss erlaubt, dass die Störung auch nicht herausgeschnitten werden kann.
Das Zentrum für politische Schönheit erklärte sich für die Störung zuständig.
Bereits vergangene Woche, als CDU-Chef Friedrich Merz beim Sommerinterview gastierte, war die Kulisse mitsamt entsprechenden Geräuschpegels massiv kritisiert worden. So hörte man zahlreiche Außengeräusche und Straßenlärm. Viele Nutzer empfanden dabei die technische Umsetzung als dilettantisch und des Öffentlich-Rechtlichen Rundfunks unwürdig.
Genau diesen Umstand dürfte sich nun das linksradikale Kollektiv zu Nutze gemacht haben. Das ZfpS, das unter anderem vom Aktivisten Philipp Ruch geleitet wird, zeigte sich dabei schon in der Vergangenheit mehrfach für geschmacklose Aktionen verantwortlich. Im Vorfeld der Bundestagswahl postete man ein Bild, welches Merz und Weidel zeigte, und welches den Titel trug: „Team Hitler“. Das Kollektiv trommelt seit längerer Zeit für ein AfD-Verbot und bildet auf einer eigens eingerichteten Website AfD-Abgeordnete als Schwerkriminelle ab.

## Kritik auch von Branchenkollegen

Unklar ist, warum die ARD, die ihre Sommerinterviews in Berlin-Mitte unweit des Regierungsviertels führt, ein normales Interview mit Weidel nicht gewährleisten konnte – und es bei aufziehender Störung nicht etwa in geschlossene Räumlichkeiten verlegte.
Der FOCUS-Chefautor Thomas Tuma nannte das Interview einen „Tiefstpunkt öffentlich-rechtlichen Informationsmanagements“. Tuma beschreibt, wie das Gespräch durch geplante Störungen von NGO-Gruppen sabotiert wurde: „Auf der gegenüberliegenden Spree-Seite hatten NGO-Kleinstgruppen zum Anti-Weidel-Kampf geblasen, so dass in dem ohrenbetäubenden Lärm jeder Gesprächsversuch schnell unterging. Statt zu reagieren (indem man zum Beispiel abbricht oder ins Studio umzieht), schmunzelte Hauptstadbüroleiter Markus Preiß den Lärm mit Bemerkungen weg, dass es ja sehr laut sei.“
Der Beitrag von Thomas Tuma auf der Plattform LinkedIn: Mit Kritik wird nicht gespart.
In seinem Post auf LinkedIn kritisiert er: „Gefühlt ein Fünftel des 30-Minuten-Interviews war dann ohnehin Einspielfilmen vorbehalten, die alles zusammen krampften, was es an aktueller Kritik zur AfD so gibt. Ach ja, und nach diesem ‚Gespräch‘ wurde die Farce natürlich noch breit von ARD-Leuten kommentiert. Tenor: Weidel: ganz böse. Preiß: total super. Es ist zu erwarten, dass die letzten Gesprächsfetzen bis morgen früh noch von etlichen ARD-Faktencheckern so lange seziert werden, bis nur noch bleibt: Die Bitch lügt.“ Das Gespräch habe mit Journalismus nur noch so viel zu tun wie „eine Kirmes, bei der sich ein eigens eingeladener Gast plötzlich als Hau-den-Lukas-Objekt für die Dorfschläger wiederfindet.“
Eine Anfrage von NIUS, die erfragen wollte, wie der Vorgang mit dem Qualitätsanspruch und der Neutralitätspflicht der ARD vereinbar sei, ließen die Pressestelle der ARD und die Pressestelle des ARD-Hauptstadtstudios bisher unbeantwortet.
Auch bei NIUS: Künstlerkollektiv „Zentrum für politische Schönheit“ schockt mit geschmacklosen Vergleichen"
2ea88c8d-a683-421a-a854-5fb9d2759930,Journalisten greifen ARD für dilettantisches Sommerinterview mit Weidel frontal an,<span>Journalisten greifen ARD für dilettantisches Sommerinterview mit Weidel frontal an</span>,,/medien/news/journalisten-bela-anda-thomas-tuma-ard-sommerinterview-alice-weidel/2ea88c8d-a683-421a-a854-5fb9d2759930,/medien,/articles/journalisten-bela-anda-thomas-tuma-ard-sommerinterview-alice-weidel/2ea88c8d-a683-421a-a854-5fb9d2759930,"{'big_1x': 'https://api.nius.de/api/assets/office-hr/d6fef375-0ea1-48ce-96f5-b569b89fcfbc?width=1400&height=1000&mode=CropUpsize', 'big_2x': 'https://api.nius.de/api/assets/office-hr/d6fef375-0ea1-48ce-96f5-b569b89fcfbc?width=2000&height=1500&mode=CropUpsize', 'medium': 'https://api.nius.de/api/assets/office-hr/d6fef375-0ea1-48ce-96f5-b569b89fcfbc?width=800&height=600&mode=CropUpsize', 'small': 'https://api.nius.de/api/assets/office-hr/d6fef375-0ea1-48ce-96f5-b569b89fcfbc?width=400&height=300&mode=CropUpsize', 'portrait_1x': 'https://api.nius.de/api/assets/office-hr/d6fef375-0ea1-48ce-96f5-b569b89fcfbc?width=375&height=500&mode=CropUpsize', 'portrait_2x': 'https://api.nius.de/api/assets/office-hr/d6fef375-0ea1-48ce-96f5-b569b89fcfbc?width=750&height=1000&mode=CropUpsize', 'original': 'https://api.nius.de/api/assets/office-hr/d6fef375-0ea1-48ce-96f5-b569b89fcfbc', 'title': '', 'id': 'd6fef375-0ea1-48ce-96f5-b569b89fcfbc'}",[],,['Medien'],journalisten-bela-anda-thomas-tuma-ard-sommerinterview-alice-weidel,2025-07-21T07:57:25Z,2025-07-20T15:45:33Z,2025-07-20 15:59:32.496000+00:00,,"[{'id': '644f639cf03076c588c404f5', 'email': 'redaktion@nius.de', 'name': 'Redaktion', 'active': True, 'permissions': [], 'slug': 'redaktion', 'firstName': '', 'authorSlug': 'redaktion', 'lastName': '', 'role': 'ADMIN', 'bio': '', 'profileImage': {'big_1x': 'https://api.nius.de/api/users/644f639cf03076c588c404f5/picture', 'big_2x': 'https://api.nius.de/api/users/644f639cf03076c588c404f5/picture', 'medium': 'https://api.nius.de/api/users/644f639cf03076c588c404f5/picture', 'small': 'https://api.nius.de/api/users/644f639cf03076c588c404f5/picture', 'portrait_1x': 'https://api.nius.de/api/users/644f639cf03076c588c404f5/picture', 'portrait_2x': 'https://api.nius.de/api/users/644f639cf03076c588c404f5/picture', 'original': 'https://api.nius.de/api/users/644f639cf03076c588c404f5/picture', 'title': '', 'id': '644f639cf03076c588c404f5'}}]","{'big_1x': 'https://api.nius.de/api/assets/office-hr/0225662e-aacf-4a96-bdb6-0600915d67a3?width=1400&height=1000&mode=CropUpsize', 'big_2x': 'https://api.nius.de/api/assets/office-hr/0225662e-aacf-4a96-bdb6-0600915d67a3?width=2000&height=1500&mode=CropUpsize', 'medium': 'https://api.nius.de/api/assets/office-hr/0225662e-aacf-4a96-bdb6-0600915d67a3?width=800&height=600&mode=CropUpsize', 'small': 'https://api.nius.de/api/assets/office-hr/0225662e-aacf-4a96-bdb6-0600915d67a3?width=400&height=300&mode=CropUpsize', 'portrait_1x': 'https://api.nius.de/api/assets/office-hr/0225662e-aacf-4a96-bdb6-0600915d67a3?width=375&height=500&mode=CropUpsize', 'portrait_2x': 'https://api.nius.de/api/assets/office-hr/0225662e-aacf-4a96-bdb6-0600915d67a3?width=750&height=1000&mode=CropUpsize', 'original': 'https://api.nius.de/api/assets/office-hr/0225662e-aacf-4a96-bdb6-0600915d67a3', 'title': '', 'id': '0225662e-aacf-4a96-bdb6-0600915d67a3'}",,False,False,[],True,"{'title': 'Journalisten greifen ARD für dilettantisches Sommerinterview mit Weidel frontal an', 'description': 'Anda wirft der ARD vor, das Interview nicht ins Studio verlegt zu haben, was den Eindruck erwecke, als sei der „Staatsfunk“ Komplize des Protests. ', 'image': 'https://api.nius.de/api/assets/office-hr/d6fef375-0ea1-48ce-96f5-b569b89fcfbc/2ea88c8d-a683-421a-a854-5fb9d2759930.jpg', 'locale': 'office-hr', 'url': None, 'publishedAt': '2025-07-20T15:45:33Z', 'modifiedAt': '2025-07-20T15:59:32.496Z', 'author': None, 'category': 'Medien', 'tags': []}",https://www.nius.de/medien/news/journalisten-bela-anda-thomas-tuma-ard-sommerinterview-alice-weidel/2ea88c8d-a683-421a-a854-5fb9d2759930,2025-07-20,"# Journalisten greifen ARD für dilettantisches Sommerinterview mit Weidel frontal an

Scharfe Kritik aus den Reihen etablierter Journalisten richtet sich gegen die ARD nach dem Sommerinterview mit AfD-Co-Chefin Alice Weidel: Das Gespräch, das am Sonntag live aus Berlin übertragen wurde und um 18:00 Uhr in der ARD läuft, geriet durch massive Störungen eines linksradikalen Kollektivs zu einem Fiasko und wird nun als Symbol für fehlende Professionalität und Neutralität im öffentlich-rechtlichen Rundfunk gesehen.
Prominente Stimmen wie Thomas Tuma (Chefautor beim Focus) und Béla Anda (ehemalige Bild-Chefredaktion) werfen der ARD vor, das Interview dilettantisch gehandhabt und damit ihre eigene Glaubwürdigkeit aufs Spiel gesetzt zu haben.
Tuma bezeichnet das Interview in einem LinkedIn-Beitrag als „Tiefstpunkt öffentlich-rechtlichen Informationsmanagements“. Er schildert, wie NGO-Gruppen auf der gegenüberliegenden Spree-Seite einen Anti-Weidel-Kampf entfachten und mit ohrenbetäubendem Lärm das Gespräch sabotierten: „Auf der gegenüberliegenden Spree-Seite hatten NGO-Kleinstgruppen zum Anti-Weidel-Kampf geblasen, sodass in dem ohrenbetäubenden Lärm jeder Gesprächsversuch schnell unterging.“
Statt zu reagieren, etwa durch Abbruch oder Umzug ins Studio, habe Moderator Markus Preiß den Tumult lediglich mit schmunzelnden Bemerkungen abgetan. Tuma kritisiert zudem die Nachbereitung: Ein Fünftel des 30-Minuten-Interviews sei Einspielfilmen mit AfD-Kritik gewidmet gewesen, und ARD-Kommentare hätten Weidel sinngemäß als „ganz böse“ dargestellt, während Preiß als „total super“ gelobt wurde. Er warnt, dass solches Vorgehen den Journalismus zur „Kirmes“ verkommen lasse und die ARD in die Nähe parteiischer Agitation rücke.

## Der „Besser-Mensch“: stets moralisch überlegen

Béla Anda, der von 2002 bis 2005 als stellvertretender Regierungssprecher arbeitete, spricht in einem weiteren LinkedIn-Post vom „Weidel-Effekt“ und betont, dass die ARD ihre Unabhängigkeit verspielt habe. Er beschreibt die Szene vor dem Bundestag, wo Aktivisten mit Musik, Lautsprechern und Gesängen das Interview unmöglich machten. Dann versetzt er sich in die Position der Störer: „Gut so“ sekundiert der Besser-Mensch dem singenden Besser-Menschen-Chor: „Warum gibt das seriöseste aller deutschen TV-Programme den platten Polit-Parolen der AfD-Frontfrau eh eine Bühne?“
Vergesst den Streisand-Effekt. Willkommen beim Weidel-Effekt“, schreibt Anda.
Auch Anda wirft der ARD vor, das Interview nicht ins Studio verlegt zu haben, was den Eindruck erwecke, als sei der „Staatsfunk“ Komplize des Protests. Dies sei kein souveräner Journalismus, sondern „ziemlich stumpf“ und koste viel eigene Glaubwürdigkeit. Er vergleicht es mit dem Streisand-Effekt und fordert, die AfD durch bessere Argumente zu stellen, nicht durch Lärm.
Anlass der scharfen Kritik ist das blamable ARD-Sommerinterview mit AfD-Chefin Alice Weidel, bei der es dem „Zentrum für politische Schönheit“ gelang, mittels eines singenden Chores und lautstarkem Protest das Interview von Markus Preiß und Alice Weidels Ausführungen zu überlagern.
Auch bei NIUS: Gebührengier der Öffentlich-Rechtlichen: ARD und ZDF verklagen die Bürger"
98fd4329-65c2-4d89-8dcc-f8beab41131c,Offizielle Deppen-Posts bei Instagram: Hält uns die Regierung eigentlich für komplett behämmert?,<span>Offizielle Deppen-Posts bei Instagram: Hält uns die Regierung eigentlich für komplett behämmert?</span>,,/politik/news/soziale-media-instagram-offizielle-deppen-posts-bundesregierun-regierung-internet/98fd4329-65c2-4d89-8dcc-f8beab41131c,/politik,/articles/soziale-media-instagram-offizielle-deppen-posts-bundesregierun-regierung-internet/98fd4329-65c2-4d89-8dcc-f8beab41131c,"{'big_1x': 'https://api.nius.de/api/assets/office-hr/1d017a32-cbec-4fa4-b63f-e31bca06cd31?width=1400&height=1000&mode=CropUpsize', 'big_2x': 'https://api.nius.de/api/assets/office-hr/1d017a32-cbec-4fa4-b63f-e31bca06cd31?width=2000&height=1500&mode=CropUpsize', 'medium': 'https://api.nius.de/api/assets/office-hr/1d017a32-cbec-4fa4-b63f-e31bca06cd31?width=800&height=600&mode=CropUpsize', 'small': 'https://api.nius.de/api/assets/office-hr/1d017a32-cbec-4fa4-b63f-e31bca06cd31?width=400&height=300&mode=CropUpsize', 'portrait_1x': 'https://api.nius.de/api/assets/office-hr/1d017a32-cbec-4fa4-b63f-e31bca06cd31?width=375&height=500&mode=CropUpsize', 'portrait_2x': 'https://api.nius.de/api/assets/office-hr/1d017a32-cbec-4fa4-b63f-e31bca06cd31?width=750&height=1000&mode=CropUpsize', 'original': 'https://api.nius.de/api/assets/office-hr/1d017a32-cbec-4fa4-b63f-e31bca06cd31', 'title': '', 'id': '1d017a32-cbec-4fa4-b63f-e31bca06cd31'}","['Bundesregierung', 'Social Media', 'Instagram']",,['Politik'],soziale-media-instagram-offizielle-deppen-posts-bundesregierun-regierung-internet,2025-07-20T22:48:37Z,2025-07-19T13:57:13Z,2025-07-20 22:48:37.622000+00:00,System Teaser,"[{'id': '6683ea50e46fea7f34181ca9', 'email': 'claudio.casula@vius.com', 'name': 'Claudio Casula', 'active': True, 'permissions': [], 'slug': 'claudio-casula', 'firstName': '', 'authorSlug': 'claudio-casula', 'lastName': '', 'role': 'ADMIN', 'bio': '', 'profileImage': {'big_1x': 'https://api.nius.de/api/users/6683ea50e46fea7f34181ca9/picture', 'big_2x': 'https://api.nius.de/api/users/6683ea50e46fea7f34181ca9/picture', 'medium': 'https://api.nius.de/api/users/6683ea50e46fea7f34181ca9/picture', 'small': 'https://api.nius.de/api/users/6683ea50e46fea7f34181ca9/picture', 'portrait_1x': 'https://api.nius.de/api/users/6683ea50e46fea7f34181ca9/picture', 'portrait_2x': 'https://api.nius.de/api/users/6683ea50e46fea7f34181ca9/picture', 'original': 'https://api.nius.de/api/users/6683ea50e46fea7f34181ca9/picture', 'title': '', 'id': '6683ea50e46fea7f34181ca9'}}]","{'big_1x': 'https://api.nius.de/api/assets/office-hr/0d6b171f-f752-4944-9083-4b2371eb9cff?width=1400&height=1000&mode=CropUpsize', 'big_2x': 'https://api.nius.de/api/assets/office-hr/0d6b171f-f752-4944-9083-4b2371eb9cff?width=2000&height=1500&mode=CropUpsize', 'medium': 'https://api.nius.de/api/assets/office-hr/0d6b171f-f752-4944-9083-4b2371eb9cff?width=800&height=600&mode=CropUpsize', 'small': 'https://api.nius.de/api/assets/office-hr/0d6b171f-f752-4944-9083-4b2371eb9cff?width=400&height=300&mode=CropUpsize', 'portrait_1x': 'https://api.nius.de/api/assets/office-hr/0d6b171f-f752-4944-9083-4b2371eb9cff?width=375&height=500&mode=CropUpsize', 'portrait_2x': 'https://api.nius.de/api/assets/office-hr/0d6b171f-f752-4944-9083-4b2371eb9cff?width=750&height=1000&mode=CropUpsize', 'original': 'https://api.nius.de/api/assets/office-hr/0d6b171f-f752-4944-9083-4b2371eb9cff', 'title': '', 'id': '0d6b171f-f752-4944-9083-4b2371eb9cff'}",,False,False,[],True,"{'title': 'Offizielle Deppen-Posts bei Instagram: Hält uns die Regierung eigentlich für komplett behämmert?', 'description': 'Haben Sie die letzten 20 Jahre im Schrank gelebt? Tragen Sie Schuhe mit Klettverschluss, weil Schnürsenkel Sie überfordern? Dann müssen Sie unbedingt bei Instagram den Posts deutscher Ministerien folgen! Die zeigen, für wie doof man uns in Berlin hält.', 'image': 'https://api.nius.de/api/assets/office-hr/1d017a32-cbec-4fa4-b63f-e31bca06cd31/98fd4329-65c2-4d89-8dcc-f8beab41131c.jpg', 'locale': 'office-hr', 'url': None, 'publishedAt': '2025-07-19T13:57:13Z', 'modifiedAt': '2025-07-20T22:48:37.622Z', 'author': None, 'category': 'Politik', 'tags': []}",https://www.nius.de/politik/news/soziale-media-instagram-offizielle-deppen-posts-bundesregierun-regierung-internet/98fd4329-65c2-4d89-8dcc-f8beab41131c,2025-07-20,"# Offizielle Deppen-Posts bei Instagram: Hält uns die Regierung eigentlich für komplett behämmert?

Haben Sie die letzten 20 Jahre im Schrank gelebt? Tragen Sie Schuhe mit Klettverschluss, weil Schnürsenkel Sie überfordern? Halten Sie Gottfried Wilhelm Leibniz für den Erfinder der Butterkekse? Dann müssen Sie unbedingt bei Instagram den Posts deutscher Ministerien folgen! Denn genau solche Leute will man dort adressieren. Ein Streifzug durch die verrückte Welt der Social-Media-Redaktionen unserer Regierung.
Vor einer Weile war hier vom Ende der deutschen Peinlichkeit die Rede. Möglicherweise war das zu optimistisch. Als die Schießbudenfiguren der Grünen auf den Oppositionsbänken Platz nahmen, Robert Habeck ins Exil nach Dänemark ging und Annalena Baerbock mindestens für ein Jahr in die USA, bestand immerhin Hoffnung, dass die Zeit der Pleiten und Pannen vorbei sein würde. Während jedoch manche Kabinettsmitglieder durchaus seriös auftreten – und, wie das Innen- und das Verteidigungsressort, in den sozialen Netzwerken immerhin keinen Mist posten –, beschäftigen andere Ministerien Social-Media-Teams aus der Hölle.
Nun hat eine „infantile Gesellschaft“ (Alexander Kissler) genau die Politiker, die sie verdient, würden Zyniker sagen. Parlamentsabgeordnete, die grimassierend durch den Bundestag tänzeln oder hüpfen und aus dem Homeoffice zu einem Kinderlied von Rolf Zuckowski die Lippen bewegen.
Seit Politiker uns mit Begriffen wie „Piks“, „Wumms“ und „Doppelwumms“ traktieren und zu uns wie mit Kleinkindern sprechen, seit Franziska Giffey als Familienministerin ihren Gesetzen Gaga-Namen wie das „Gute-Kita-Gesetz“ und das „Starke-Familien-Gesetz“ verpasste, damit auch der Letzte sie verstand, muss man nun mal mit allem rechnen. Die Kommunikation der Regierenden unterkomplex zu nennen, wäre maßlos untertrieben. Insbesondere bei Instagram und seiner jungen Nutzerschaft wird der Souverän in Babysprache adressiert.

## Danke, dass Sie keine Straftaten begehen!

Im Social-Media-Team des Bundesministeriums der Justiz und für Verbraucherschutz von Frau Dr. Stefanie Hubig etwa machte man sich Gedanken, wie man „witzig“ den Dreh zur Frauenfußball-Europameisterschaft kriegen könnte, jedenfalls für Betrachter mit einem IQ unterhalb der Zimmertemperatur. Und das kam dabei heraus:
So witzig wie eine Darmspiegelung: Instagram-Post des Justizministeriums
Ein paar hundert Leute (oder Bots) klickten auf den „Like“-Button, vielleicht, weil sie mit dem Kopf auf die Tastatur schlugen. Und manche mögen es eben so flach, dass es sich unter der Tür durchschieben lässt.
Es geht aber noch verrückter. Vom selben Absender stammt dieser Post aus dem Juni: „Ein Dankeschön an dich, weil du lieber stundenlang Beiträge auf Instagram liest, anstatt Straftaten zu begehen.“ Das glauben Sie nicht?
Die Regierung kann auch dankbar sein.
Wer sich peinliche Beiträge eines Ministeriums anschaut, kann – wenigstens in dieser Zeit – keine Straftaten begehen, das ist so richtig wie die Feststellung der Grünen Jette Nietzard zu Silvester: „Männer, die ihre Hand beim Böllern verlieren, können zumindest keine Frauen mehr schlagen.“

## Wimmelbild mit Hirn

Aber blöd kann auch der Bundesnachrichtendienst respektive die Vögel, die dort anheuern durften, um albernes Zeug bei Instagram zu posten. Der Auslandsgeheimdienst, eigentlich Deutschlands verschwiegenste Behörde, schickte am World-Emoji-Day ein besonders kniffliges „Agenten-Emoji-Quiz“ raus, Ulrich Mühes Kopfhörer aus „Das Leben der Anderen“ inbegriffen. Auch eine Wasserpistole und, irritierenderweise, ein Gehirn.
Wenn der BND zum Dechiffrieren einlädt ...
Wer das Rätsel löst, bekommt todsicher einen Job beim Bundesnachrichtendienst. Für die Generation Z muss man die Ansprüche herunterschrauben, das klassische Bewerbungsgespräch ist old school und obsolet. Und der BND ist schließlich nicht der Mossad.

Im nächsten Fall geht es um Regierungschef Friedrich Merz, den die Bundesregierung im Internet in leichter Sprache als „Bundes-Kanzler“ vorstellt. Bei Instagram macht sie auf ein jährliches Ritual aufmerksam, das die „Hauptstadtpresse“ veranstaltet, um sich wichtig fühlen zu können. Der Erkenntniswert dieser Veranstaltungen, bei denen heikle Fragen grundsätzlich gemieden werden, tendiert gewöhnlich gegen null. Die Journalisten, erklärt die Bundesregierung, denken sich ihre Fragen selber aus, der Kanzler kennt sie nicht schon vorher. Was aber nichts macht, weil ohnehin nur Fragen wie „Tragen Sie gern Sonnenbrille, Herr Bundeskanzler?"", „Wie sehr freuen Sie sich, Bundeskanzler zu sein?“ oder „Finden Sie nicht auch, dass die Opposition im Bundestag stört?“ gestellt werden.
Die Regierung hat für Instagram-User noch eine zweite frohe Botschaft parat: „Deutschland und Großbritannien schließen einen neuen Freundschaftsvertrag.“ „Nicht deine Teetasse? (Not your cup of tea?)“ – das hätte man von Annalena Baerbock erwartet, aber nicht unbedingt von der neuen Bundesregierung. I believe my pig whistles!
Gut, dass die jungen Leute demnächst unproblematischer nach UK einreisen können, um sprachliche Defizite aufzuarbeiten. Mit ein bisschen gutem Willen stellt man die deutsch-britischen Beziehungen auf ein ganz neues Fundament. Vorstellbar ist auch, dass Deutschland den Briten die aus Frankreich geflüchteten afrikanischen Migranten abnimmt. Dafür wird dann die wohl von vielen Engländern ersehnte Abschiebung von ARD-Korrespondentin Annette Dittert mittelfristig aufgeschoben und sie darf vorerst weiter auf ihrem Londoner Hausboot wohnen.

## Südamerika für Dummies

Kommen wir zum Auswärtigen Amt. Außenminister Johann Wadephul traf sich mit Botschaftern aus südamerikanischen Ländern. „Die sind für uns wichtig“, wird in Einfacher Sprache erklärt, ähnlich wie der Armin das in der Sendung mit der Maus gemacht hat. Klingt komisch, ist aber so.
Wilde Kostüme, Samba-Rhythmen, Lebensfreude an der Copacabana in Rio de Janeiro (Symbolbild).
Dass in Lateinamerika kein Latein gesprochen wird, hat das Social-Media-Team zu erwähnen vergessen – da sind dringend Nachschulungen nötig! Aber wisst Ihr auch, liebe Kinder, dass Südamerika ganz schön groß und ganz schön weit weg ist?
Von Buenos Aires nach Mexico City fliegt man 9:35 Stunden – „das ist länger als von Berlin nach Peking.“ Aber kürzer als eine Fahrt mit der Deutschen Bahn von München nach Berlin, wenn Stellwerk-Störungen, verspätetes Zugpersonal oder Personen im Gleis den Betriebsablauf stören. Der Erklärbär des Auswärtigen Amtes hat aber noch mehr Informationen für mäßig gebildete Bürger:
Der Amazonas-Regenwald ist die „grüne Lunge“ unseres Planeten („oder der Planetin, grad wie man es nennen möchte“, Katrin Göring-Eckardt) – Donnerwetter! Nur wissen die Leute dort offenbar nicht, was ein Minister ist, weshalb Robert Habeck es ihnen einst erklären zu müssen meinte: „Das ist so etwas wie euer Häuptling, nur in einem anderen Land.“
Da aber nicht nur die Kambeba am Rio Negro von unseren Politikern für doof gehalten werden, sondern auch der deutsche Souverän, stellt das Auswärtige Amt weitere wichtige Informationen bereit – für alle, die noch nie etwas von Lithium gehört haben:
Das dürfte Luisa Neubauer gar nicht gern lesen, denn obwohl auch sie ausgiebig das Smartphone nutzt und das Schwerbatterie-Auto dem Verbrenner unbedingt vorzieht, würde sie Bedenken hinsichtlich Wasserverbrauch, Wasserverschmutzung, Schädigung von Ökosystemen und Menschenrechtsverletzungen haben. Von der Entsorgung von Lithium-Ionen-Akkus gar nicht zu reden. Kaufen Sie trotzdem ein E-Auto, der Verbrenner ist des Teufels!

## Des Rätsels Lösung?

Was die Beiträge der Regierung bei Instagram zeigen: Sie halten den Bürger für unmündig und mit dem Verstand einer Amöbe ausgestattet. Das ist auch der Grund dafür, warum sie uns an warmen Tagen raten, viel Wasser zu trinken und den Schatten aufzusuchen. Warum sie uns jeden Tag beibringen müssen, was Demokratie ist. Warum sie für uns alles „einordnen“ müssen. Wenn der Bürger selber denkt, wird’s gefährlich, daher muss er beim Denken unbedingt betreut werden. Das ist gewissermaßen alternativlos und darf nie hinterfragt werden.
Was die Social-Media-Posts betrifft, mag es allerdings noch eine andere Erklärung geben: Unser letztes hier vorgestelltes Meme könnte – schrecklicher Verdacht! – gar nicht ironisch gemeint sein, sondern schlicht die Realität abbilden. Denn so hat man sich eine typische Social-Media-Redaktion der Bundesregierung doch immer vorgestellt.
Lesen Sie dazu auch: Baerbock, Paus, Habeck endlich weg: Das Ende der deutschen Peinlichkeit"
6f207ef0-7f4f-4f77-b328-5d3c6092fe07,"Gipfel ohne Sturm: Warum die Politik so gern „Gipfel-Treffen“ inszeniert – ohne, dass diese etwas verändern","<span>Gipfel ohne Sturm: Warum die Politik so gern „Gipfel-Treffen“ inszeniert – ohne, dass diese etwas verändern</span>",,/politik/news/politik-bundeskanzleramt-friedrich-merz-gipfel-inszenierung/6f207ef0-7f4f-4f77-b328-5d3c6092fe07,/politik,/articles/politik-bundeskanzleramt-friedrich-merz-gipfel-inszenierung/6f207ef0-7f4f-4f77-b328-5d3c6092fe07,"{'big_1x': 'https://api.nius.de/api/assets/office-hr/24a73ea0-6b0d-42ee-8dca-6b936ed26f70?width=1400&height=1000&mode=CropUpsize', 'big_2x': 'https://api.nius.de/api/assets/office-hr/24a73ea0-6b0d-42ee-8dca-6b936ed26f70?width=2000&height=1500&mode=CropUpsize', 'medium': 'https://api.nius.de/api/assets/office-hr/24a73ea0-6b0d-42ee-8dca-6b936ed26f70?width=800&height=600&mode=CropUpsize', 'small': 'https://api.nius.de/api/assets/office-hr/24a73ea0-6b0d-42ee-8dca-6b936ed26f70?width=400&height=300&mode=CropUpsize', 'portrait_1x': 'https://api.nius.de/api/assets/office-hr/24a73ea0-6b0d-42ee-8dca-6b936ed26f70?width=375&height=500&mode=CropUpsize', 'portrait_2x': 'https://api.nius.de/api/assets/office-hr/24a73ea0-6b0d-42ee-8dca-6b936ed26f70?width=750&height=1000&mode=CropUpsize', 'original': 'https://api.nius.de/api/assets/office-hr/24a73ea0-6b0d-42ee-8dca-6b936ed26f70', 'title': '', 'id': '24a73ea0-6b0d-42ee-8dca-6b936ed26f70'}",[],,['Politik'],politik-bundeskanzleramt-friedrich-merz-gipfel-inszenierung,2025-07-20T22:49:01Z,2025-07-20T08:18:47Z,2025-07-20 22:49:01.500000+00:00,System Teaser,"[{'id': '644a4264f03076c588c3da92', 'email': 'ralf.schuler@vius.com', 'name': 'Ralf Schuler', 'active': True, 'permissions': [], 'slug': 'ralf-schuler', 'firstName': '', 'authorSlug': 'ralf-schuler', 'lastName': '', 'role': 'ADMIN', 'bio': '', 'profileImage': {'big_1x': 'https://api.nius.de/api/users/644a4264f03076c588c3da92/picture', 'big_2x': 'https://api.nius.de/api/users/644a4264f03076c588c3da92/picture', 'medium': 'https://api.nius.de/api/users/644a4264f03076c588c3da92/picture', 'small': 'https://api.nius.de/api/users/644a4264f03076c588c3da92/picture', 'portrait_1x': 'https://api.nius.de/api/users/644a4264f03076c588c3da92/picture', 'portrait_2x': 'https://api.nius.de/api/users/644a4264f03076c588c3da92/picture', 'original': 'https://api.nius.de/api/users/644a4264f03076c588c3da92/picture', 'title': '', 'id': '644a4264f03076c588c3da92'}}]","{'big_1x': 'https://api.nius.de/api/assets/office-hr/60288561-5cd1-4f41-9234-7e023377dc2d?width=1400&height=1000&mode=CropUpsize', 'big_2x': 'https://api.nius.de/api/assets/office-hr/60288561-5cd1-4f41-9234-7e023377dc2d?width=2000&height=1500&mode=CropUpsize', 'medium': 'https://api.nius.de/api/assets/office-hr/60288561-5cd1-4f41-9234-7e023377dc2d?width=800&height=600&mode=CropUpsize', 'small': 'https://api.nius.de/api/assets/office-hr/60288561-5cd1-4f41-9234-7e023377dc2d?width=400&height=300&mode=CropUpsize', 'portrait_1x': 'https://api.nius.de/api/assets/office-hr/60288561-5cd1-4f41-9234-7e023377dc2d?width=375&height=500&mode=CropUpsize', 'portrait_2x': 'https://api.nius.de/api/assets/office-hr/60288561-5cd1-4f41-9234-7e023377dc2d?width=750&height=1000&mode=CropUpsize', 'original': 'https://api.nius.de/api/assets/office-hr/60288561-5cd1-4f41-9234-7e023377dc2d', 'title': '', 'id': '60288561-5cd1-4f41-9234-7e023377dc2d'}",,False,False,[],True,"{'title': 'Gipfel ohne Sturm: Warum die Politik so gern „Gipfel-Treffen“ inszeniert – ohne, dass diese etwas verändern', 'description': 'Man kann nur hoffen, dass beim heutigen Wirtschaftsgipfel im Kanzleramt wenigstens hinter verschlossenen Türen Klartext geredet und nicht gebuckelt wird.', 'image': 'https://api.nius.de/api/assets/office-hr/24a73ea0-6b0d-42ee-8dca-6b936ed26f70/6f207ef0-7f4f-4f77-b328-5d3c6092fe07.jpg', 'locale': 'office-hr', 'url': None, 'publishedAt': '2025-07-20T08:18:47Z', 'modifiedAt': '2025-07-20T22:49:01.500Z', 'author': None, 'category': 'Politik', 'tags': []}",https://www.nius.de/politik/news/politik-bundeskanzleramt-friedrich-merz-gipfel-inszenierung/6f207ef0-7f4f-4f77-b328-5d3c6092fe07,2025-07-20,"# Gipfel ohne Sturm: Warum die Politik so gern „Gipfel-Treffen“ inszeniert – ohne, dass diese etwas verändern

Wenn Macht und Kanzler wechseln, sind die Unterschiede in der Amtsführung genauso aufschlussreich wie die Kontinuitäten. Kanzler Friedrich Merz (CDU) zum Beispiel lädt an diesem Montag zum Investoren-Gipfel ins Kanzleramt und knüpft damit an eine lange Tradition von Auto-, Energie-, Sozial- und anderen Gipfeln an, die Vorgänger Olaf Scholz (SPD) genauso zelebrierte wie dessen Vorgängerin Angela Merkel (CDU). Auch Bundesfinanzminister Lars Klingbeil (SPD) ist vor Ort und lässt sich den Auftritt natürlich nicht nehmen.
Die (etwas schlichte) Botschaft: die wichtigen Leute beim Kanzler. Die packen an. Es geht vorwärts. Deutschland als Chefsache. In der Folge entstehen passende Bilder und wohlwollende Statements. In der Realität bleiben solche Inszenierungen in der Regel folgenlos.
Ex-Bundeskanzlerin Merkel hält eine Pressekonferenz nach einem China-Gipfel.

## Unternehmen investieren nicht, wenn sie zweifeln

Nun sollte man die psychologische Wirkung solcher demonstrativen Bemühenszusagen und den dokumentierten Willen der Politik nicht gänzlich verächtlich machen. Merz will einen Politikwechsel und einen neuen Schub für die Wirtschaft, da schaden solche Auftritte gewiss nicht. Sie nützen allerdings auch nur etwas, wenn die realen politischen Rahmenbedingungen stimmen. Und hier sieht es bislang mau aus. Die Bundesregierung hat sich Milliarden-Kredite genehmigt und Sonderabschreibungen auf den Weg gebracht. Kein Unternehmer investiert aber in Anlagen, wenn er zweifelt, ob Energiepreise und vom Sozialsystem getriebene Lohnkosten in Zukunft die Gewinne drücken oder auffressen.
„In einer Strukturkrise, in der wir uns ja befinden, kommt es darauf an, dass substanzielle Veränderungen für die Investoren zustande kommen und nicht einfach der moralische Aufruf, dass Deutschland so toll ist“, sagt Top-Ökonom Lars Feld im Gespräch mit The Pioneer. Und der Düsseldorfer Wettbewerbsökonom Justus Haucap ergänzt: „Jetzt stürzt man sich auf die Psychologie statt auf die Rahmenbedingungen, weil das so schwer und die Umsetzung der Psychologie vermeintlich einfach ist. Das muss genau anders sein.“
Der Spitzenökonom Justus Haucap ist Herausgeber von „Perspektiven der Wirtschaftspolitik“.

## Investitionssummen und -gipfel bleiben Symbolik

Außerdem wollen Siemens-Chef Roland Busch, Deutsche-Bank-Chef Christian Sewing und Alexander Geiser, Chef der Kommunikationsberatung FGS Global, laut Handelsblatt mit der Investitionsoffensive „Made in Germany“ rund 300 Milliarden Euro demonstrativ in Deutschland investieren und damit im Schulterschluss mit der Politik eine Art psychologisch-ökonomische Anschubfinanzierung für den Standort auf den Weg bringen. Mit dabei offenbar außerdem Mercedes und BMW, der Springer-Verlag, der Technologiekonzern SAP, die Deutsche Börse, Finanzinvestoren KKR und Advent sowie die Commerzbank.
Spätestens hier wird es klebrig. 300 Milliarden klingen in den Ohren des Kleinsparers nach einer ordentlichen Summe, sind angesichts eines Bruttoinlandsprodukts von gut vier Billionen Euro aber eher eine symbolische Summe, die die beteiligten Unternehmen vermutlich ohnehin für Unterhaltung von Standorten oder Modernisierung in den Büchern hatten.

## Kein Unternehmen kommt ohne Eigennutz

Kein Unternehmer stellt seine Firma als Polit-PR ins Risiko-Feuer. Wer bei solchen Gipfeln dabei ist, verbessert mit solcherart dokumentiertem guten Willen seine Gesprächsgrundlage für Wünsche an die Politik, es mit Regulierungen nicht zu übertreiben oder etwa bei der Unternehmensbesteuerung nicht so hinzulangen.
Am Montag lädt der Kanzler zu einem Investorengipfel; die Nachricht, die damit gesendet werden soll: Die wichtigen Menschen packen an.
Selbstverständlich kann es nicht schaden, wenn wichtige Arbeitgeber einen guten Draht zur Bundesregierung haben, um auf kleinem Dienstweg zu intervenieren, wenn Dinge völlig falsch zu laufen drohen. Die Grenzen zur Anbiederung sind allerdings mehr als fließend. Vor gut einem Jahr etwa sprangen führende deutsche Konzerne und Verbände vor den Europawahlen unter dem Motto „We stand for values“ (Wir stehen für Werte) der damaligen Ampel-Regierung bei. Zu den Mitgliedern gehörten ebenfalls die Deutsche Bank, Siemens, Mercedes und BMW. Die Botschaft war auch damals nicht misszuverstehen. Im Grunde wusste jeder, gegen wen oder welche Partei hier Stellung bezogen wurde und mit wem sich die Wirtschaft nicht ganz uneigennützig arrangierte.

## Polit-ökonomisches Possenspiel

Wie windig solches polit-ökonomisches Possenspiel mitunter daherkommt, konnte man vor wenigen Wochen beobachten. So diagnostizierte die staatliche Förderbank KfW (Kreditanstalt für Wiederaufbau) im dritten Quartal 2024 die Unternehmensinvestitionen in Deutschland preisbereinigt um 6,5 Prozent und die Gesamtinvestitionen des Privatsektors um 8,3 Prozent unter dem Niveau von Ende 2019. Im gleichen Atemzug erklärte KfW-Chef Stefan Wintels, dass internationale Investoren wieder Interesse an Deutschland zeigten. In seinen mehr als dreißig Berufsjahren habe er noch nie so einen rasanten Stimmungswechsel bei Investoren erlebt, so Wintels.
Stimmung ist immer gut. Besonders im Karneval. Kaufen kann man sich für Stimmung allerdings nichts. Für positive Stimmungsmache allerdings auch nicht. Oder wie es Arbeitgeber-Chef Rainer Dulger zu sagen pflegt: „In meiner Welt zählt, was auf dem Lieferschein steht.“
Man kann nur hoffen, dass beim heutigen Wirtschaftsgipfel im Kanzleramt wenigstens hinter verschlossenen Türen Klartext geredet und nicht gebuckelt wird.
Auch bei NIUS: Schulden, Wirtschaftsturbo und AfD-Verbot: Der Koalitionsausschuss will für gute Stimmung in Deutschland sorgen"
85e90839-85f0-49b1-a4d5-16ca88e61b73,Wenige Minuten Brosius-Gersdorf-Berichterstattung zeigen: Das Radio ist die gefährlichste Propagandaabteilung des ÖRR,<span>Wenige Minuten Brosius-Gersdorf-Berichterstattung zeigen: Das Radio ist die gefährlichste Propagandaabteilung des ÖRR</span>,,/medien/news/brosius-gersdorf-ard-zdf-deutschlandfunk-bayrischer-rundfunk-br-propaganda-oerr/85e90839-85f0-49b1-a4d5-16ca88e61b73,/medien,/articles/brosius-gersdorf-ard-zdf-deutschlandfunk-bayrischer-rundfunk-br-propaganda-oerr/85e90839-85f0-49b1-a4d5-16ca88e61b73,"{'big_1x': 'https://api.nius.de/api/assets/office-hr/5830bc8b-98c9-41f0-8539-af053300349b?width=1400&height=1000&mode=CropUpsize', 'big_2x': 'https://api.nius.de/api/assets/office-hr/5830bc8b-98c9-41f0-8539-af053300349b?width=2000&height=1500&mode=CropUpsize', 'medium': 'https://api.nius.de/api/assets/office-hr/5830bc8b-98c9-41f0-8539-af053300349b?width=800&height=600&mode=CropUpsize', 'small': 'https://api.nius.de/api/assets/office-hr/5830bc8b-98c9-41f0-8539-af053300349b?width=400&height=300&mode=CropUpsize', 'portrait_1x': 'https://api.nius.de/api/assets/office-hr/5830bc8b-98c9-41f0-8539-af053300349b?width=375&height=500&mode=CropUpsize', 'portrait_2x': 'https://api.nius.de/api/assets/office-hr/5830bc8b-98c9-41f0-8539-af053300349b?width=750&height=1000&mode=CropUpsize', 'original': 'https://api.nius.de/api/assets/office-hr/5830bc8b-98c9-41f0-8539-af053300349b', 'title': '', 'id': '5830bc8b-98c9-41f0-8539-af053300349b'}",[],,['Medien'],brosius-gersdorf-ard-zdf-deutschlandfunk-bayrischer-rundfunk-br-propaganda-oerr,2025-07-20T22:49:13Z,2025-07-20T18:30:37Z,2025-07-20 22:49:13.798000+00:00,,"[{'id': '65ae27a7696241a182ad66e0', 'email': 'ben.brechtken@vius.com', 'name': 'Ben Brechtken', 'active': True, 'permissions': [], 'slug': 'ben-brechtken', 'firstName': '', 'authorSlug': 'ben-brechtken', 'lastName': '', 'role': 'ADMIN', 'bio': '', 'profileImage': {'big_1x': 'https://api.nius.de/api/users/65ae27a7696241a182ad66e0/picture', 'big_2x': 'https://api.nius.de/api/users/65ae27a7696241a182ad66e0/picture', 'medium': 'https://api.nius.de/api/users/65ae27a7696241a182ad66e0/picture', 'small': 'https://api.nius.de/api/users/65ae27a7696241a182ad66e0/picture', 'portrait_1x': 'https://api.nius.de/api/users/65ae27a7696241a182ad66e0/picture', 'portrait_2x': 'https://api.nius.de/api/users/65ae27a7696241a182ad66e0/picture', 'original': 'https://api.nius.de/api/users/65ae27a7696241a182ad66e0/picture', 'title': '', 'id': '65ae27a7696241a182ad66e0'}}]","{'big_1x': 'https://api.nius.de/api/assets/office-hr/23d4245e-a775-4402-9769-5820880f102d?width=1400&height=1000&mode=CropUpsize', 'big_2x': 'https://api.nius.de/api/assets/office-hr/23d4245e-a775-4402-9769-5820880f102d?width=2000&height=1500&mode=CropUpsize', 'medium': 'https://api.nius.de/api/assets/office-hr/23d4245e-a775-4402-9769-5820880f102d?width=800&height=600&mode=CropUpsize', 'small': 'https://api.nius.de/api/assets/office-hr/23d4245e-a775-4402-9769-5820880f102d?width=400&height=300&mode=CropUpsize', 'portrait_1x': 'https://api.nius.de/api/assets/office-hr/23d4245e-a775-4402-9769-5820880f102d?width=375&height=500&mode=CropUpsize', 'portrait_2x': 'https://api.nius.de/api/assets/office-hr/23d4245e-a775-4402-9769-5820880f102d?width=750&height=1000&mode=CropUpsize', 'original': 'https://api.nius.de/api/assets/office-hr/23d4245e-a775-4402-9769-5820880f102d', 'title': '', 'id': '23d4245e-a775-4402-9769-5820880f102d'}",,False,False,[],True,"{'title': 'Wenige Minuten Brosius-Gersdorf-Berichterstattung zeigen: Das Radio ist die gefährlichste Propagandaabteilung des ÖRR', 'description': 'In Bayern wählen 70 Prozent der Menschen rechts der Mitte. Besonders in diesem Bundesland stellt sich die Frage nach der Existenzberechtigung von zwangsfinanzierter, allgegenwärtiger linker Propaganda.', 'image': 'https://api.nius.de/api/assets/office-hr/5830bc8b-98c9-41f0-8539-af053300349b/85e90839-85f0-49b1-a4d5-16ca88e61b73.jpg', 'locale': 'office-hr', 'url': None, 'publishedAt': '2025-07-20T18:30:37Z', 'modifiedAt': '2025-07-20T22:49:13.798Z', 'author': None, 'category': 'Medien', 'tags': []}",https://www.nius.de/medien/news/brosius-gersdorf-ard-zdf-deutschlandfunk-bayrischer-rundfunk-br-propaganda-oerr/85e90839-85f0-49b1-a4d5-16ca88e61b73,2025-07-20,"# Wenige Minuten Brosius-Gersdorf-Berichterstattung zeigen: Das Radio ist die gefährlichste Propagandaabteilung des ÖRR

Wenn es um den öffentlich-rechtlichen Rundfunk geht, wird sich zumeist über die Propaganda der großen Sendungen aufgeregt. Über die Tagesschau, über Monitor, über Jan Böhmermann, über all die Talkshows. Die viel gefährlichere Dauerpropaganda der Radiosendungen wird hingegen kaum beachtet.
Exemplarisch für diese Gefahr stehen wenige Minuten Brosius-Gersdorf-Berichterstattung des Radiosenders Bayern 3, die ich am vergangenen Mittwoch bei einer Autofahrt erleiden musste. Ja, tatsächlich, als politischer Masochist wird im Auto selbstverständlich ein ÖRR-Sender eingeschaltet. Außerdem: Wenn das Radio schon finanziert werden muss, kann es auch gehört und als Kolumnen-Vorlage ausgenutzt werden.

## Linke Propaganda, getarnt als sachliche Berichterstattung

An diesem Mittwoch wurde das Thema Brosius-Gersdorf zwischen 12:00 Uhr und 12:30 Uhr gleich in zwei Themenblöcken besprochen, nachdem es in den Mittags-Nachrichten kurz erwähnt wurde. Zwischen Musikblöcken und nicht als Meinungsstücke gekennzeichnet, erwartete der nichts Böses ahnende Zuhörer natürlich ausgewogene Informationen. Er bekam jedoch ultralinke Propaganda, getarnt als sachliche Berichterstattung.
Der Moderator Markus Lanz befragt Frauke Brosius-Gersdorf: Doch wirklich informiert über das Gespräch werden Radiohörer nicht.
„Es sollte am letzten Freitag eigentlich eine reine Routineabstimmung sein, aber was dann im Bundestag passiert ist, hat viele fassungslos gemacht“, leitete der Moderator Sebastian Schaffstein den Themenblock ein. Es folgte ein Einspieler zu der Hysterie-Rede von Britta Haßelmann im Bundestag. Keine andere Stimme aus dem Parlament konnte einen Platz in der Sendung ergattern, aber gut, vielleicht weiß man beim ÖRR auch nicht, dass es dort noch andere Parteien als die Grünen gibt.
Darauf folgte kurz eine tatsächlich sachliche Einordnung der Geschichte. Der Moderator erwähnte sogar, dass die Juristin der Union „zu links, gerade beim Thema Abtreibung“ sei. Danach endete die Sachlichkeit abrupt. Direkt im Anschluss wurde ein Einspieler abgespielt, in dem den Zuhörern erzählt wurde, dass Brosius-Gersdorf wegen ihrer „liberalen Haltung zur Abtreibung“ in der Kritik stünde. Das zog sich dann durch den ganzen Themenabschnitt. Plötzlich wurde die linke Abtreibungsposition von Gersdorf als „liberal“ verkauft.
Normalerweise wird der schöne Begriff „liberal“ im öffentlich-rechtlichen Rundfunk nie benutzt, um Personen zu verteidigen, sondern immer, um Personen zu diffamieren. Warum wird er also bei dem Thema positiv genutzt? Ganz einfach: Um den Kern der Debatte zu verschleiern. Linke vermitteln gerne den Eindruck, dass es bei dem rechtlichen Status von Abtreibungen um das Selbstbestimmungsrecht der Frau geht. Das ist natürlich Unfug. Es geht einzig und allein um die Frage, ab wann menschliches Leben schützenswert ist. Selbst im libertären Minimalstaat wäre es immer staatliche Aufgabe, menschliches Leben vor Gewalt zu schützen. Es kommt also ausschließlich darauf an, wo diese Linie bei Ungeborenen gezogen wird. Desinformation Nummer eins.

## Schuld haben immer die Anderen

Desinformation Nummer zwei war dann der Versuch, Brosius-Gersdorf mit einer zitierten Aussage zu entlasten. Von wem diese Aussage kam? Von Brosius-Gersdorf selbst, bei Markus Lanz. Den Zuhörern wird von der Sendung berichtet, dass Brosius-Gersdorf gar keine problematischen, linken Positionen hätte. Deshalb „wird es noch peinlicher“ für die Union, da angeblich der Grund für ihre Umstrittenheit gar nicht vorhanden sei. Man stelle sich vor, ein rechter Jurist stünde in der Kritik und der ÖRR wischte die Kritik mit dem Verweis auf eine Selbstfreisprechung des rechten Juristen beiseite. Nein, das ist wahrlich unvorstellbar.
An Brosius-Gersdorfs Einlassungen zum Abtreibungsrecht und Lebensschutz von Ungeborenen entzündete sich die Kontroverse.
Zudem wird vermittelt, dass sie nie gesagt habe, dass Abtreibungen im neunten Monat möglich sein sollen. Blöderweise hat in ihrem Konzept der Gesetzgeber die Möglichkeit, Abtreibungen in der letzten Schwangerschaftsphase straffrei zu stellen. Ob Brosius-Gersdorf das selbst tun würde, tut dabei nichts zur Sache, sie würde es ermöglichen. Das ist der Punkt, der von ihren Verteidigern gewissenhaft ignoriert wird und den kein Bayern-3-Konsument an diesem Tag erfahren wird. Desinformation Nummer drei.
Die vierte Desinformation sollte dann die schwerwiegendste werden. Der Moderator kam zu seinem eigentlichen Punkt: „Und erst jetzt wird klar: Das Ganze scheint eine große Schmutzkampagne von Rechtsextremen im Netz zu sein. Teile der Union sind wohl darauf reingefallen.“ Schuld seien „rechtsgerichtete Plattformen“. Schon das beliebige Wechseln zwischen rechtsextrem und rechtsgerichtet lässt erkennen: Hier sind politische Vollprofis am Werk.

## Die Klaviatur des Framing-Handbuchs

Eine „große Schmutzkampagne von Rechtsextremen“ also. Gerne würde man von Bayern 3 erfahren, welche Rechtsextremen sie genau meinen. Vielleicht die Rechtsextremen von der Welt oder der NZZ? Oder die Rechtsextremen von den ebenfalls tief in westlichen Werten verwurzelten neuen Medien Apollo News und NIUS? Oder den rechtsextremen Erzbischof Woelki? Überhaupt stellt sich die Frage: Warum gelten diejenigen als extrem, die verhindern wollen, dass ein jahrzehntealter Kompromiss der Bundesrepublik aufgekündigt wird? Wir werden wohl nie Antworten von Bayern 3 auf diese Fragen erhalten. Wenn es keine Argumente gibt, wird diffus diffamiert. So will es das Framing-Handbuch.
Der Moderator war sich in dem Gespräch mit einer zugeschalteten Korrespondentin freundlicherweise nicht zu schade, seine Ahnungslosigkeit offenzulegen: „Die Richter am Bundesverfassungsgericht halten sich ja an das geltende Recht, ja, sie legen es aus, aber immerhin steht da ja schwarz auf weiß wie die Dinge hier zu sein haben im Grundgesetz und beurteilen demnach zum Beispiel Gesetze, ob die damit konform laufen oder nicht.“
Als Verfassungsrichterin in Karlsruhe könnte Brosius-Gersdorf über ein AfD-Parteiverbot entscheiden.
Die zugeschaltete Korrespondentin relativierte das zwar, aber vielleicht sollte jemand, der an die absolute Unabhängigkeit des Verfassungsgerichts und einen nicht vorhandenen Interpretationsspielraum im Grundgesetz ernsthaft glaubt, keine Zwangsgelder für sein politisches Geschwätz erhalten. Es ist naheliegend, dass solche Themen ein bisschen zu komplex für Sebastian Schaffstein sind.
Er schloss den Abschnitt, der nur wenige Minuten dauerte, aber bei allen Informierten nachhaltige Kopfschmerzen verursacht haben muss, dann mit einem von ihm als gut empfundenen Zitat des notorisch linken Kardinals Marx: „Ohne Wohlwollen, ohne den Versuch, den anderen zu verstehen, gibt es keine Lösung.“
Interessant, wie wäre es mal mit ein wenig öffentlich-rechtlichem Wohlwollen gegenüber politisch Andersdenkenden rechts der SPD? Dann käme bei den politischen Gehversuchen von Radiomoderatoren vielleicht auch etwas mehr Qualität raus.

## Die unterschätzte Gefahr

Nun ist es nichts Neues, dass im öffentlich-rechtlichen Rundfunk linke Agitation ein gemütliches Zuhause hat. Drei Faktoren machen das Radio aber zu der gefährlichsten Propagandaabteilung des ÖRR. Die Reichweite und die Niederschwelligkeit. Um 12 Uhr mittags berichtete Bayern 3 am vergangenen Mittwoch stolz von der enormen Reichweite der Radiosender des Bayerischen Rundfunks. Man erreiche knapp die Hälfte der Bayern, alleine Bayern 3 werde täglich von 2,25 Millionen Menschen eingeschaltet. Radio läuft überall, im Auto, in Küchen, an Arbeitsplätzen, in Wartezimmern. Radio läuft den ganzen Tag. Das unterscheidet es von den großen Fernsehsendungen, die vor allem am Abend stattfinden.
Gerade weil das Radio ein niedrigschwelliges Medienangebot ist, so unser Autor, besteht hier die Gefahr für Indoktrinierung.
Der zweite Faktor beim Radio ist dessen Niederschwelligkeit. Die meisten Menschen denken nicht an Politik, wenn sie 1Live, WDR 2 oder Bayern 3 während der Autofahrt oder in der Mittagspause hören. Die scheinbar unpolitischen Moderatoren, die in der einen Sekunde noch über Taylor Swifts neuen Freund oder einen obskuren Internet-Trend geredet haben, schwingen sich in der nächsten Sekunde zu sympathischen Welterklärern auf.
Wer Jan Böhmermann oder Sarah Bosetti einschaltet, weiß genau, dass er einen sehr linken Blick auf Politik serviert bekommen wird. Wer das Radio einschaltet, möchte zumeist einfach nur Musik oder Staumeldungen oder seichte Comedy hören. Die Politik läuft nebenbei, unterschwellig, subtil und trifft deshalb auf ein unvorbereitetes Gehirn, das vielleicht Thesen als wahr akzeptiert oder unterbewusst aufnimmt, die es bei bewusstem Konsum kritisch sehen würde. Zudem: Wer die Tagesschau oder Maischberger schaut, hat meistens schon eine gefestigte Meinung. Radio wird auch von Millionen Menschen gehört, die politisch tendenziell weniger interessiert sind. Die Chance auf Beeinflussung ist größer.
Auch die Kontrolle des Gesagten ist im Vergleich zum Fernsehen oder geschriebenen Texten kaum vorhanden. Ausschnitte von Fernsehsendungen oder Textzitate werden täglich massenhaft geteilt und kritisiert. Falschbehauptungen des Zwangsradios erfahren so gut wie nie Aufmerksamkeit. Sie laufen unter dem Radar der kritischen Öffentlichkeit. Eine massive Reichweite, gerade auch bei unpolitischen Menschen, politische Desinformation als unauffälliges Nebenprodukt und kaum Kontrolle des Gesagten. Diese Faktoren machen das zwangsfinanzierte Radio viel gefährlicher, als selbst die meisten ÖRR-Kritiker denken.
Ich behaupte, dass ohne das halbstündige Radio-Bombardement der Menschen mit Inzidenzzahlen, Berichten von Intensivstationen und Maskenappellen die Corona-Maßnahmen ein halbes Jahr eher vorbei gewesen wären. In Bayern wählen 70 Prozent der Menschen rechts der Mitte. Besonders in diesem Bundesland stellt sich die Frage nach der Existenzberechtigung von zwangsfinanzierter, allgegenwärtiger linker Propaganda. Wie lange will sich die CSU das noch gefallen lassen?
Auch bei NIUS: Die Causa Brosius-Gersdorf beweist: Viele Linke sind verrückte Verschwörungstheoretiker"
e4ba1167-d3c5-43ff-8426-6faf4beaf414,99 Prozent der Verfahren des Generalbundesanwalts richten sich gegen Islamismus oder Auslandsextremismus,<span>99 Prozent der Verfahren des Generalbundesanwalts richten sich gegen Islamismus oder Auslandsextremismus</span>,,/nachrichten/news/generalbundesanwalt-99-prozent-verfahren-islamismus-auslandsextremismus/e4ba1167-d3c5-43ff-8426-6faf4beaf414,/nachrichten,/articles/generalbundesanwalt-99-prozent-verfahren-islamismus-auslandsextremismus/e4ba1167-d3c5-43ff-8426-6faf4beaf414,"{'big_1x': 'https://api.nius.de/api/assets/office-hr/10343a8b-c17f-4c06-979f-502b21748e1a?width=1400&height=1000&mode=CropUpsize', 'big_2x': 'https://api.nius.de/api/assets/office-hr/10343a8b-c17f-4c06-979f-502b21748e1a?width=2000&height=1500&mode=CropUpsize', 'medium': 'https://api.nius.de/api/assets/office-hr/10343a8b-c17f-4c06-979f-502b21748e1a?width=800&height=600&mode=CropUpsize', 'small': 'https://api.nius.de/api/assets/office-hr/10343a8b-c17f-4c06-979f-502b21748e1a?width=400&height=300&mode=CropUpsize', 'portrait_1x': 'https://api.nius.de/api/assets/office-hr/10343a8b-c17f-4c06-979f-502b21748e1a?width=375&height=500&mode=CropUpsize', 'portrait_2x': 'https://api.nius.de/api/assets/office-hr/10343a8b-c17f-4c06-979f-502b21748e1a?width=750&height=1000&mode=CropUpsize', 'original': 'https://api.nius.de/api/assets/office-hr/10343a8b-c17f-4c06-979f-502b21748e1a', 'title': '', 'id': '10343a8b-c17f-4c06-979f-502b21748e1a'}",['Generalbundesanwalt'],,['Nachrichten'],generalbundesanwalt-99-prozent-verfahren-islamismus-auslandsextremismus,2025-07-20T22:49:39Z,2025-07-20T08:56:23Z,2025-07-20 22:49:39.194000+00:00,System Teaser,"[{'id': '64c8c0b1462e87971bbda865', 'email': 'bjoern.harms@vius.com', 'name': 'Björn Harms', 'active': True, 'permissions': [], 'slug': 'bjoern-harms', 'firstName': '', 'authorSlug': 'bjoern-harms', 'lastName': '', 'role': 'ADMIN', 'bio': '', 'profileImage': {'big_1x': 'https://api.nius.de/api/users/64c8c0b1462e87971bbda865/picture', 'big_2x': 'https://api.nius.de/api/users/64c8c0b1462e87971bbda865/picture', 'medium': 'https://api.nius.de/api/users/64c8c0b1462e87971bbda865/picture', 'small': 'https://api.nius.de/api/users/64c8c0b1462e87971bbda865/picture', 'portrait_1x': 'https://api.nius.de/api/users/64c8c0b1462e87971bbda865/picture', 'portrait_2x': 'https://api.nius.de/api/users/64c8c0b1462e87971bbda865/picture', 'original': 'https://api.nius.de/api/users/64c8c0b1462e87971bbda865/picture', 'title': '', 'id': '64c8c0b1462e87971bbda865'}}]","{'big_1x': 'https://api.nius.de/api/assets/office-hr/7be9796c-c1a1-448e-8ca5-23fa70e49f01?width=1400&height=1000&mode=CropUpsize', 'big_2x': 'https://api.nius.de/api/assets/office-hr/7be9796c-c1a1-448e-8ca5-23fa70e49f01?width=2000&height=1500&mode=CropUpsize', 'medium': 'https://api.nius.de/api/assets/office-hr/7be9796c-c1a1-448e-8ca5-23fa70e49f01?width=800&height=600&mode=CropUpsize', 'small': 'https://api.nius.de/api/assets/office-hr/7be9796c-c1a1-448e-8ca5-23fa70e49f01?width=400&height=300&mode=CropUpsize', 'portrait_1x': 'https://api.nius.de/api/assets/office-hr/7be9796c-c1a1-448e-8ca5-23fa70e49f01?width=375&height=500&mode=CropUpsize', 'portrait_2x': 'https://api.nius.de/api/assets/office-hr/7be9796c-c1a1-448e-8ca5-23fa70e49f01?width=750&height=1000&mode=CropUpsize', 'original': 'https://api.nius.de/api/assets/office-hr/7be9796c-c1a1-448e-8ca5-23fa70e49f01', 'title': '', 'id': '7be9796c-c1a1-448e-8ca5-23fa70e49f01'}",,False,False,[],True,"{'title': '99 Prozent der Verfahren des Generalbundesanwalts richten sich gegen Islamismus oder Auslandsextremismus', 'description': '144 von 146 Verfahren weisen dabei einen migrationsbezogenen Hintergrund auf.', 'image': 'https://api.nius.de/api/assets/office-hr/10343a8b-c17f-4c06-979f-502b21748e1a/e4ba1167-d3c5-43ff-8426-6faf4beaf414.jpg', 'locale': 'office-hr', 'url': None, 'publishedAt': '2025-07-20T08:56:23Z', 'modifiedAt': '2025-07-20T22:49:39.194Z', 'author': None, 'category': 'Nachrichten', 'tags': []}",https://www.nius.de/nachrichten/news/generalbundesanwalt-99-prozent-verfahren-islamismus-auslandsextremismus/e4ba1167-d3c5-43ff-8426-6faf4beaf414,2025-07-20,"# 99 Prozent der Verfahren des Generalbundesanwalts richten sich gegen Islamismus oder Auslandsextremismus

Glaubt man Politikern von SPD, Grünen oder der Linkspartei, scheint die Sache klar: Die größte Gefahr in diesem Land stellt der Rechtsextremismus dar. Doch die im 1. Halbjahr 2025 eingeleiteten Ermittlungen des Generalbundesanwalts sprechen eine andere Sprache: 99 Prozent der Verfahren werden wegen islamistischem oder auslandsbezogenem Extremismus eröffnet.
Vom 1. Januar bis zum 30. Juni 2025 hat der Generalbundesanwalt insgesamt 146 Verfahren eingeleitet. Das geht aus der Antwort der Bundesregierung auf eine schriftliche Frage des AfD-Innenpolitikers Martin Hess hervor, die NIUS exklusiv vorliegt. 144 von 146 Verfahren weisen dabei einen migrationsbezogenen Hintergrund auf.
So wurden 84 Ermittlungsverfahren mit Bezug zum islamistischen Terrorismus eröffnet. Hinzu kamen 60 Verfahren im Bereich des auslandsbezogenen Extremismus. Im gleichen Zeitraum wurden null Verfahren im Bereich des Linksextremismus und lediglich zwei Verfahren im Bereich des Rechtsextremismus eingeleitet.

## Meist handelt es sich um Täter aus Syrien, Irak oder Afghanistan

Die Bundesregierung schreibt weiter: „Die Verfahren in Bezug auf Islamisten betreffen hierbei überwiegend Auslandstaten im Zusammenhang mit den terroristischen Vereinigungen Islamischer Staat und Taliban und weisen Bezüge zu Syrien, Irak sowie Afghanistan auf.“
Im Vergleich zum 1. Halbjahr 2024 ist die Zahl der eingeleiteten Verfahren sogar gestiegen. In der Zeit vom 1. Januar bis zum 14. Juni 2024 leitete der Generalbundesanwalt 56 Ermittlungsverfahren mit Bezug zum auslandsbezogenen Extremismus, 51 Ermittlungsverfahren mit Bezug zum islamistischen Terrorismus, zwei Ermittlungsverfahren mit Bezug zum Linksextremismus und kein Ermittlungsverfahren mit Bezug zum Rechtsextremismus ein.

## „Ideologisch geführte Debatte“

AfD-Politiker Martin Hess ist angesichts der Zahlen sicher: „Der importierte Terrorismus und der importierte Extremismus stellen weiterhin die bei Weitem größte Gefahr für unsere innere Sicherheit dar. Doch statt zu handeln, führen die politisch Verantwortlichen eine ideologisch geführte Debatte, die sich nahezu ausschließlich auf den Rechtsextremismus fokussiert, während islamistischer Terror und auslandsbezogener Extremismus verharmlost oder gar ignoriert werden.“
Der AfD-Politiker Martin Hess sieht einen falschen Fokus auf Rechtsextremismus.
Hess wünscht sich „endlich eine echte Migrationswende, die klare Priorisierung des Islamismus als größte Sicherheitsgefahr und die unverzügliche Umsetzung einer diesbezüglichen Null-Toleranz-Strategie, die insbesondere die konsequente Abschiebung straffälliger Ausländer und ausländischer Gefährder beinhaltet“.
Der Generalbundesanwalt ist der höchste Ankläger der Bundesrepublik Deutschland und leitet die Bundesanwaltschaft beim Bundesgerichtshof in Karlsruhe. Er ist vor allem für besonders schwere und staatsgefährdende Straftaten zuständig. Dazu gehören etwa Terrorismus, Spionage oder Hochverrat. Der Generalbundesanwalt wird vom Bundespräsidenten auf Vorschlag der Bundesregierung ernannt. In der Praxis schlägt der Bundesjustizminister den Kandidaten vor und das Bundeskabinett stimmt zu.
Auch bei NIUS: „Einfallstor für Extremismus“: Politiker von CDU, Grünen und FDP fordern Verfassungsschutz-Beobachtung für BSW"
