id,title,titleHtml,intro,articleRef,categoryRef,articleAltRef,images,tags,video,categories,slug,lastModified,created,publishedAt,template,authors,graphicImages,wideImages,isPaidContent,isTopClickModule,topClickCustomContent,showSystemTeaserTitle,meta,url,day,article_text
c06622d5-e8d4-4cc8-86c0-c909df6e1b3c,Eine Regierungsbeteiligung der AfD wäre kein historischer Dammbruch,<span>Eine Regierungsbeteiligung der AfD wäre kein historischer Dammbruch</span>,,/kommentar/news/regierungsbeteiligung-afd-dammbruch/c06622d5-e8d4-4cc8-86c0-c909df6e1b3c,/kommentar,/articles/regierungsbeteiligung-afd-dammbruch/c06622d5-e8d4-4cc8-86c0-c909df6e1b3c,"{'big_1x': 'https://api.nius.de/api/assets/office-hr/e2f3a882-198c-4d74-81e5-0f0119e04b68?width=1400&height=1000&mode=CropUpsize', 'big_2x': 'https://api.nius.de/api/assets/office-hr/e2f3a882-198c-4d74-81e5-0f0119e04b68?width=2000&height=1500&mode=CropUpsize', 'medium': 'https://api.nius.de/api/assets/office-hr/e2f3a882-198c-4d74-81e5-0f0119e04b68?width=800&height=600&mode=CropUpsize', 'small': 'https://api.nius.de/api/assets/office-hr/e2f3a882-198c-4d74-81e5-0f0119e04b68?width=400&height=300&mode=CropUpsize', 'portrait_1x': 'https://api.nius.de/api/assets/office-hr/e2f3a882-198c-4d74-81e5-0f0119e04b68?width=375&height=500&mode=CropUpsize', 'portrait_2x': 'https://api.nius.de/api/assets/office-hr/e2f3a882-198c-4d74-81e5-0f0119e04b68?width=750&height=1000&mode=CropUpsize', 'original': 'https://api.nius.de/api/assets/office-hr/e2f3a882-198c-4d74-81e5-0f0119e04b68', 'title': '', 'id': 'e2f3a882-198c-4d74-81e5-0f0119e04b68'}",[],,['Kommentar'],regierungsbeteiligung-afd-dammbruch,2025-08-04T07:27:20Z,2025-08-03T14:38:59Z,2025-08-04 04:06:14.879000+00:00,,"[{'id': '65ae27a7696241a182ad66e0', 'email': 'ben.brechtken@vius.com', 'name': 'Ben Brechtken', 'active': True, 'permissions': [], 'slug': 'ben-brechtken', 'firstName': '', 'authorSlug': 'ben-brechtken', 'lastName': '', 'role': 'ADMIN', 'bio': '', 'profileImage': {'big_1x': 'https://api.nius.de/api/users/65ae27a7696241a182ad66e0/picture', 'big_2x': 'https://api.nius.de/api/users/65ae27a7696241a182ad66e0/picture', 'medium': 'https://api.nius.de/api/users/65ae27a7696241a182ad66e0/picture', 'small': 'https://api.nius.de/api/users/65ae27a7696241a182ad66e0/picture', 'portrait_1x': 'https://api.nius.de/api/users/65ae27a7696241a182ad66e0/picture', 'portrait_2x': 'https://api.nius.de/api/users/65ae27a7696241a182ad66e0/picture', 'original': 'https://api.nius.de/api/users/65ae27a7696241a182ad66e0/picture', 'title': '', 'id': '65ae27a7696241a182ad66e0'}}]","{'big_1x': 'https://api.nius.de/api/assets/office-hr/5c2a9b1a-61c1-425f-82aa-172115029557?width=1400&height=1000&mode=CropUpsize', 'big_2x': 'https://api.nius.de/api/assets/office-hr/5c2a9b1a-61c1-425f-82aa-172115029557?width=2000&height=1500&mode=CropUpsize', 'medium': 'https://api.nius.de/api/assets/office-hr/5c2a9b1a-61c1-425f-82aa-172115029557?width=800&height=600&mode=CropUpsize', 'small': 'https://api.nius.de/api/assets/office-hr/5c2a9b1a-61c1-425f-82aa-172115029557?width=400&height=300&mode=CropUpsize', 'portrait_1x': 'https://api.nius.de/api/assets/office-hr/5c2a9b1a-61c1-425f-82aa-172115029557?width=375&height=500&mode=CropUpsize', 'portrait_2x': 'https://api.nius.de/api/assets/office-hr/5c2a9b1a-61c1-425f-82aa-172115029557?width=750&height=1000&mode=CropUpsize', 'original': 'https://api.nius.de/api/assets/office-hr/5c2a9b1a-61c1-425f-82aa-172115029557', 'title': '', 'id': '5c2a9b1a-61c1-425f-82aa-172115029557'}",,False,False,[],True,"{'title': 'Eine Regierungsbeteiligung der AfD wäre kein historischer Dammbruch', 'description': 'Mit der realen Geschichte der Bundesrepublik hat das jedoch wenig zu tun. Von Beginn an waren der rechte Rand und Personen mit individuellem Nazi-Ballast beim Bonner Projekt involviert.', 'image': 'https://api.nius.de/api/assets/office-hr/e2f3a882-198c-4d74-81e5-0f0119e04b68/c06622d5-e8d4-4cc8-86c0-c909df6e1b3c.jpg', 'locale': 'office-hr', 'url': None, 'publishedAt': '2025-08-03T14:38:59Z', 'modifiedAt': '2025-08-04T04:06:14.879Z', 'author': None, 'category': 'Kommentar', 'tags': []}",https://www.nius.de/kommentar/news/regierungsbeteiligung-afd-dammbruch/c06622d5-e8d4-4cc8-86c0-c909df6e1b3c,2025-08-04,"# Eine Regierungsbeteiligung der AfD wäre kein historischer Dammbruch

Zwei lachende Frauen im Gespräch, ein Bild, große Aufregung. Die CDU-Bundestagsabgeordnete Saskia Ludwig war am Freitag Teilnehmerin bei einer politischen Veranstaltung des Mathias Corvinus Collegiums, einem dem ungarischen Ministerpräsidenten Viktor Orbán nahestehendem Institut. Es ging unter anderem um Kritik an der deutschen Brandmauer. Ebenfalls anwesend war Alice Weidel, die sich mit Saskia Ludwig fröhlich unterhielt. Das Bild dieser Unterhaltung geht seit Samstag auf der Plattform X viral.
Der grüne Politiker Daniel Eliasson reagierte empört: „Wenn die CDU sowas in der Fraktion toleriert, ist sie mit demokratischen Fraktionen nicht koalitionsfähig.“ Eine Reaktion, stellvertretend für viele weitere Reaktionen.

## Es tauchen immer wieder dieselben Argumente auf

Am 30. Juli äußerte sich Konstantin von Notz, Vize-Chef der grünen Bundestagsfraktion, auf X noch besorgter um den Zustand der Christdemokraten: „Dass manche Mitglieder der CDU offenbar glauben, man könne mit der AfD in irgendeiner Form kooperieren ohne gleichzeitig seine eigene bundesrepublikanische Identität und Geschichte inkl. Westbindung final zu Grabe zu tragen, ist so naiv oder dumm oder beides, dass es weh tut.“
Konstantin von Notz warnt die Mitglieder der CDU eindringlich vor einer Kooperation mit der AfD.
Es soll heute um diese Erzählung gehen. Die Wichtigkeit der Brandmauer zur AfD wird erstaunlich selten oder erst im Nachgang inhaltlich begründet. Primär ist ihr Fundament seit jeher die Behauptung der Singularität des Phänomens der AfD in der Geschichte der Bundesrepublik.
Im Wesentlichen werden immer wieder die gleichen drei Argumente hervorgebracht.
1.  Politiker mit abstoßenden Bezügen zum Dritten Reich können in Deutschland doch keine Regierungsverantwortung übernehmen. Das wäre ein historischer Dammbruch in der bundesrepublikanischen Geschichte.
2.⁠ ⁠Politiker, die rechtsradikal sind oder Kontakte zu Rechtsradikalen haben sowie die sie beherbergenden Parteien dürfen in Deutschland doch keine Regierungsverantwortung übernehmen. Das wäre ein historischer Dammbruch in der bundesrepublikanischen Geschichte.
3.⁠ ⁠Eine Rechtsaußen-Partei, die klar rechts von der Union steht, darf in Deutschland keine Regierungsverantwortung übernehmen. Das wäre ein historischer Dammbruch in der bundesrepublikanischen Geschichte.

## Viele NSDAP-Mitglieder saßen im Bundestag

Verdächtige Sätze, verdächtige Personen, verdächtige Parteien, nichts davon dürfe toleriert werden. All das wird als neuartige Bedrohung für „unsere Demokratie“ dargestellt. Mit der realen Geschichte der Bundesrepublik hat das jedoch wenig zu tun. Von Beginn an waren der rechte Rand und Personen mit individuellem Nazi-Ballast beim Bonner Projekt involviert.
Der erste Bundespräsident und erster Vorsitzender der FDP, Theodor Heuss, hatte 1933 für das Ermächtigungsgesetz gestimmt. Konrad Adenauer, der ideologischen Nähe zum Nationalsozialismus unverdächtig, machte Hans Globke zum Chef des Bundeskanzleramts. Globke war an der Ausarbeitung der Nürnberger Rassegesetze beteiligt und kommentierte diese als Jurist verschärfend. Knapp 300 Alt-Nazis machten in den Parlamenten der Bonner Republik Karriere.
Konrad Adenauer koalierte mit der Deutschen Partei.
Hans-Christoph Seebohm war von 1949 bis 1966 Bundesverkehrsminister und sogar für kurze Zeit Vizekanzler. Seebohm forderte ein Deutschland in den Vorkriegs-Grenzen und rief einmal, er neige sich „in Ehrfurcht vor jedem Symbol unseres Volkes – ich sage ausdrücklich vor jedem – unter dem deutsche Menschen ihr Leben für ihr Vaterland geopfert haben“.
Für die FDP saß mit Herwart Miessner ab 1950 ein ehemaliges NSDAP-Mitglied im Bundestag, für den wohl das Schlimmste am Zweiten Weltkrieg die Niederlage gewesen sein muss: „Ich bin stolz darauf, dass ich in den Reihen der SA marschiert bin.“ Man muss bei der AfD lange suchen, um ähnliche Zitate zu finden.
Anlässe für Correctiv-Recherchen und vom Ende der Demokratie fantasierende Massendemos gab es aber nicht nur in der frühen Bundesrepublik, sie ziehen sich bis zum Ende des Jahrtausends durch. Kurt Georg Kiesinger hat seine NSDAP-Mitgliedschaft ab 1933 und seine Arbeit für den NS-Staat nicht davon abgehalten, Bundeskanzler zu werden. Helmut Kohl hatte einen Plan in der Schublade, die Zahl der Türken in Deutschland innerhalb von vier Jahren um die Hälfte zu reduzieren. Eine viel radikalere Vorstellung als alles, was die AfD programmatisch fordert.

## Adenauer koalierte mit der Deutschen Partei

Mit dem bis heute in fast allen Kreisen hochgeschätzten Helmut Schmidt war sogar ein Wehrmachtssoldat acht Jahre lang Bundeskanzler. Helmut Schmidt vertraute dem Journalisten Giovanni di Lorenzo an, dass er Zivilisten in Russland getötet habe.
Von 1982 bis 1991 war Alfred Dregger der Vorsitzende der CDU/CSU-Bundestagsfraktion und bekanntester Vertreter der „Stahlhelm-Fraktion“. Er setzte sich für die Freilassung von verurteilten NS-Kriegsverbrechern ein und kritisierte die Wehrmachtsausstellung, die mit dem „sauberen“ Image der Wehrmacht aufräumte. Die Landesgeschäftsstelle der CDU Hessen ist noch heute nach ihm benannt.
Die Bundesrepublik hat all diese und noch viel mehr Zitate und Charaktere mit, vorsichtig ausgedrückt, schwieriger Vergangenheit und schwierigem Verhältnis zum rechten Rand überlebt. Die ersten beiden Argumente für die Brandmauer halten einer historischen Betrachtung also nicht stand.
Doch was ist mit dem dritten Argument? Wäre es nicht wirklich ein Novum, ein Dammbruch, wenn eine Partei rechts von CDU und CSU an einer Regierung, gar an einer Bundesregierung beteiligt wäre?
Nein, auch dafür gibt es einen Präzedenzfall. Nämlich die DP, die Deutsche Partei.
Die DP war von 1949 bis 1960 an der Bundesregierung beteiligt, ohne sie hätte Konrad Adenauer nie Bundeskanzler werden können. Auf den Kundgebungen der DP lief der Badonviller-Marsch, der in der NS-Zeit bei den Auftritten Adolf Hitlers gespielt wurde. Auch Hans Christoph-Seebohm, der Bundesverkehrsminister mit „Ehrfurcht“ vor Hakenkreuz und SS-Runen, war Mitglied der Partei, bevor er zu der CDU wechselte. 1964 spielten Teile der DP bei der Gründung der NPD eine entscheidende Rolle.

## All das hat die Bundesrepublik nicht zerstört

Selbst dann, wenn die linkeste Beschreibung der AfD für bare Münze genommen wird, muss eingestanden werden, dass die AfD kein neues Phänomen und damit auch keine singuläre Bedrohung der Bundesrepublik ist.
Die Bundesrepublik wird von der Linken bis in die Reihen der Union als Lehre aus der Nazizeit verstanden, als Bollwerk gegen Rechtsradikale interpretiert und als erfolgreiche Kooperation verschiedener Mitte-Parteien propagiert. Diese verklärte Bundesrepublik hat mit der realen Bundesrepublik jedoch so wenig zu tun wie die SPD mit Steuersenkungen.
Eine rechtsradikale Partei an der Bundesregierung, unappetitliches Vokabular mit braunem Einschlag, ein problematisches Verhältnis zur Nazizeit, all das gab es schon. All das hat die Bundesrepublik aber nicht zerstört. Die unangenehme Wahrheit lautet: Der politische Erfolg der alten Bundesrepublik baute auf der Integration von Rechtsaußen auf, nicht auf deren Ausgrenzung.
Nüchtern betrachtet wäre eine AfD-Regierungsbeteiligung eine Rückkehr zur politischen Normalität der Bonner Republik. Sie wäre kein Dammbruch – nur ein Déjà-vu.
Mehr NIUS:
Ludwig und Weidel in Ungarn: Wenn ein freundliches Gespräch für Empörung im linken Milieu sorgt"
452a966c-36a1-46fb-a4d0-b0b1c402e0e3,Das war NIUS Live am Montag: Woke ist vorbei,<span>Das war NIUS Live am Montag: Woke ist vorbei</span>,,/nius-live/news/das-war-nius-live-am-montag-woke-ist-vorbei/452a966c-36a1-46fb-a4d0-b0b1c402e0e3,/nius-live,/articles/das-war-nius-live-am-montag-woke-ist-vorbei/452a966c-36a1-46fb-a4d0-b0b1c402e0e3,"{'big_1x': 'https://api.nius.de/api/assets/office-hr/2221102e-ccd2-4119-94d6-44fecd78bb74?width=1400&height=1000&mode=CropUpsize', 'big_2x': 'https://api.nius.de/api/assets/office-hr/2221102e-ccd2-4119-94d6-44fecd78bb74?width=2000&height=1500&mode=CropUpsize', 'medium': 'https://api.nius.de/api/assets/office-hr/2221102e-ccd2-4119-94d6-44fecd78bb74?width=800&height=600&mode=CropUpsize', 'small': 'https://api.nius.de/api/assets/office-hr/2221102e-ccd2-4119-94d6-44fecd78bb74?width=400&height=300&mode=CropUpsize', 'portrait_1x': 'https://api.nius.de/api/assets/office-hr/2221102e-ccd2-4119-94d6-44fecd78bb74?width=375&height=500&mode=CropUpsize', 'portrait_2x': 'https://api.nius.de/api/assets/office-hr/2221102e-ccd2-4119-94d6-44fecd78bb74?width=750&height=1000&mode=CropUpsize', 'original': 'https://api.nius.de/api/assets/office-hr/2221102e-ccd2-4119-94d6-44fecd78bb74', 'title': '', 'id': '2221102e-ccd2-4119-94d6-44fecd78bb74'}",[],,['NIUS Live'],das-war-nius-live-am-montag-woke-ist-vorbei,2025-08-04T07:17:30Z,2025-08-04T04:18:58Z,2025-08-04 04:27:39.410000+00:00,,"[{'id': '644f639cf03076c588c404f5', 'email': 'redaktion@nius.de', 'name': 'Redaktion', 'active': True, 'permissions': [], 'slug': 'redaktion', 'firstName': '', 'authorSlug': 'redaktion', 'lastName': '', 'role': 'ADMIN', 'bio': '', 'profileImage': {'big_1x': 'https://api.nius.de/api/users/644f639cf03076c588c404f5/picture', 'big_2x': 'https://api.nius.de/api/users/644f639cf03076c588c404f5/picture', 'medium': 'https://api.nius.de/api/users/644f639cf03076c588c404f5/picture', 'small': 'https://api.nius.de/api/users/644f639cf03076c588c404f5/picture', 'portrait_1x': 'https://api.nius.de/api/users/644f639cf03076c588c404f5/picture', 'portrait_2x': 'https://api.nius.de/api/users/644f639cf03076c588c404f5/picture', 'original': 'https://api.nius.de/api/users/644f639cf03076c588c404f5/picture', 'title': '', 'id': '644f639cf03076c588c404f5'}}]","{'big_1x': 'https://api.nius.de/api/assets/office-hr/de5dcffd-fd46-4bc6-9d7b-45a0abd7b46a?width=1400&height=1000&mode=CropUpsize', 'big_2x': 'https://api.nius.de/api/assets/office-hr/de5dcffd-fd46-4bc6-9d7b-45a0abd7b46a?width=2000&height=1500&mode=CropUpsize', 'medium': 'https://api.nius.de/api/assets/office-hr/de5dcffd-fd46-4bc6-9d7b-45a0abd7b46a?width=800&height=600&mode=CropUpsize', 'small': 'https://api.nius.de/api/assets/office-hr/de5dcffd-fd46-4bc6-9d7b-45a0abd7b46a?width=400&height=300&mode=CropUpsize', 'portrait_1x': 'https://api.nius.de/api/assets/office-hr/de5dcffd-fd46-4bc6-9d7b-45a0abd7b46a?width=375&height=500&mode=CropUpsize', 'portrait_2x': 'https://api.nius.de/api/assets/office-hr/de5dcffd-fd46-4bc6-9d7b-45a0abd7b46a?width=750&height=1000&mode=CropUpsize', 'original': 'https://api.nius.de/api/assets/office-hr/de5dcffd-fd46-4bc6-9d7b-45a0abd7b46a', 'title': '', 'id': 'de5dcffd-fd46-4bc6-9d7b-45a0abd7b46a'}",,False,False,[],True,"{'title': 'Das war NIUS Live am Montag: Woke ist vorbei', 'description': 'Heute begrüßt Moderator Alexander Kissler Werbe-Ikone Jean-Remy von Matt, Reporter-Legende Waldemar Hartmann und den NIUS-Chefredakteur Julian Reichelt im NIUS Live-Studio. ', 'image': 'https://api.nius.de/api/assets/office-hr/2221102e-ccd2-4119-94d6-44fecd78bb74/452a966c-36a1-46fb-a4d0-b0b1c402e0e3.jpg', 'locale': 'office-hr', 'url': None, 'publishedAt': '2025-08-04T04:18:58Z', 'modifiedAt': '2025-08-04T04:27:39.410Z', 'author': None, 'category': 'NIUS Live', 'tags': []}",https://www.nius.de/nius-live/news/das-war-nius-live-am-montag-woke-ist-vorbei/452a966c-36a1-46fb-a4d0-b0b1c402e0e3,2025-08-04,"# Das war NIUS Live am Montag: Woke ist vorbei

Auf geht’s in eine neue Woche! Heute begrüßte Moderator Alexander Kissler bei NIUS Live folgende Gäste zum Gespräch über Themen, die Deutschland und die Welt bewegen: Werbe-Ikone Jean-Remy von Matt, Reporter-Legende Waldemar Hartmann und den NIUS-Chefredakteur Julian Reichelt.
Die Themen des Tages:
Hier geht’s direkt zur Aufzeichnung der Sendung:"
6b2ffab9-4440-4ad2-b4a4-59974726d089,Wie sein großes Vorbild Habeck! Grünen-Chef Banaszak hat keine Liebe für Deutschland,<span>Wie sein großes Vorbild Habeck! Grünen-Chef Banaszak hat keine Liebe für Deutschland</span>,,/politik/news/wie-sein-grosses-vorbild-habeck-gruenen-chef-banaszak-hat-keine-liebe-fuer-deutschland/6b2ffab9-4440-4ad2-b4a4-59974726d089,/politik,/articles/wie-sein-grosses-vorbild-habeck-gruenen-chef-banaszak-hat-keine-liebe-fuer-deutschland/6b2ffab9-4440-4ad2-b4a4-59974726d089,"{'big_1x': 'https://api.nius.de/api/assets/office-hr/23caf2de-457e-41c6-aaa1-4276eee7a3df?width=1400&height=1000&mode=CropUpsize', 'big_2x': 'https://api.nius.de/api/assets/office-hr/23caf2de-457e-41c6-aaa1-4276eee7a3df?width=2000&height=1500&mode=CropUpsize', 'medium': 'https://api.nius.de/api/assets/office-hr/23caf2de-457e-41c6-aaa1-4276eee7a3df?width=800&height=600&mode=CropUpsize', 'small': 'https://api.nius.de/api/assets/office-hr/23caf2de-457e-41c6-aaa1-4276eee7a3df?width=400&height=300&mode=CropUpsize', 'portrait_1x': 'https://api.nius.de/api/assets/office-hr/23caf2de-457e-41c6-aaa1-4276eee7a3df?width=375&height=500&mode=CropUpsize', 'portrait_2x': 'https://api.nius.de/api/assets/office-hr/23caf2de-457e-41c6-aaa1-4276eee7a3df?width=750&height=1000&mode=CropUpsize', 'original': 'https://api.nius.de/api/assets/office-hr/23caf2de-457e-41c6-aaa1-4276eee7a3df', 'title': '', 'id': '23caf2de-457e-41c6-aaa1-4276eee7a3df'}",[],,['Politik'],wie-sein-grosses-vorbild-habeck-gruenen-chef-banaszak-hat-keine-liebe-fuer-deutschland,2025-08-04T07:22:05Z,2025-08-04T05:05:09Z,2025-08-04 05:32:53.379000+00:00,,"[{'id': '644f639cf03076c588c404f5', 'email': 'redaktion@nius.de', 'name': 'Redaktion', 'active': True, 'permissions': [], 'slug': 'redaktion', 'firstName': '', 'authorSlug': 'redaktion', 'lastName': '', 'role': 'ADMIN', 'bio': '', 'profileImage': {'big_1x': 'https://api.nius.de/api/users/644f639cf03076c588c404f5/picture', 'big_2x': 'https://api.nius.de/api/users/644f639cf03076c588c404f5/picture', 'medium': 'https://api.nius.de/api/users/644f639cf03076c588c404f5/picture', 'small': 'https://api.nius.de/api/users/644f639cf03076c588c404f5/picture', 'portrait_1x': 'https://api.nius.de/api/users/644f639cf03076c588c404f5/picture', 'portrait_2x': 'https://api.nius.de/api/users/644f639cf03076c588c404f5/picture', 'original': 'https://api.nius.de/api/users/644f639cf03076c588c404f5/picture', 'title': '', 'id': '644f639cf03076c588c404f5'}}]",,,False,False,[],True,"{'title': 'Wie sein großes Vorbild Habeck! Grünen-Chef Banaszak hat keine Liebe für Deutschland', 'description': 'Grünen-Chef Felix Banaszak windet sich im ARD-Sommerinterview bei der Frage „Lieben Sie Deutschland?“. Robert Habeck schreibt in einem Buch, dass er Vaterlandsliebe „zum Kotzen“ findet. ', 'image': 'https://api.nius.de/api/assets/office-hr/23caf2de-457e-41c6-aaa1-4276eee7a3df/6b2ffab9-4440-4ad2-b4a4-59974726d089.jpg', 'locale': 'office-hr', 'url': None, 'publishedAt': '2025-08-04T05:05:09Z', 'modifiedAt': '2025-08-04T05:32:53.379Z', 'author': None, 'category': 'Politik', 'tags': []}",https://www.nius.de/politik/news/wie-sein-grosses-vorbild-habeck-gruenen-chef-banaszak-hat-keine-liebe-fuer-deutschland/6b2ffab9-4440-4ad2-b4a4-59974726d089,2025-08-04,"# Wie sein großes Vorbild Habeck! Grünen-Chef Banaszak hat keine Liebe für Deutschland

Im ARD-Sommerinterview stellte sich Grünen-Chef Felix Banaszak am Sonntag auch den Fragen der Zuschauer. Einer zitierte Robert Habeck, der Vaterlandsliebe, wie er in einem Buch für die Ewigkeit festhielt, „zum Kotzen“ findet. Banaszak wurde gefragt: „Haben Sie auch ein Problem mit dem Vaterland?“
Ja, hat er ganz offensichtlich. Denn der Grünen-Co-Chef lacht und druckst, sagt dann: „Was soll ich dazu sagen?“ Und weiter: „Ich liebe erst mal meine Frau und meine Tochter – und das über alle Maßen. Und ich möchte, dass Deutschland ein Land ist, in dem sich alle Menschen wohlfühlen, das für alle Menschen eine Heimat ist. Das habe ich mit Robert Habeck gemeinsam.“
„Aber lieben Sie Deutschland?“, hakt Moderator Matthias Deiß nach. Die Antwort: ganz offensichtlich Nein! Banaszak: „Ich liebe Duisburg, ich liebe mein konkretes Umfeld. Und ich habe ein gutes Verhältnis zu diesem Land, zu unserem Land.“ Mit dem Begriff Liebe könne er für „so etwas Abstraktes“ nichts anfangen. Banaszak: „Aber das soll jeder für sich entscheiden.“
Die Szene im Video:
Die Parallelen zwischen Banaszak und dem grünen Ex-Wirtschaftsminister und Vizekanzler Habeck sind in letzter Zeit nicht zu übersehen. Erst kürzlich sorgte Banaszak für Spott auf X & Co., weil er sich – genau wie einst Habeck – auf dem Boden sitzend in der Deutschen Bahn fotografierte.
Lesen Sie auch: „Bahnhofsalkoholiker“: Man kann die Frage stellen, ob Herr Habeck nicht zu dünnhäutig für Politik ist"
d9ae2df6-7bcb-4456-8dda-22147b5bb868,"Michael Ballweg im großen NIUS-Interview: „Man fesselte mich, um mich zu demütigen“","<span>Michael Ballweg im großen NIUS-Interview: „Man fesselte mich, um mich zu demütigen“</span>",,/interview/news/michael-ballweg-im-grossen-nius-interview-man-fesselte-mich-um-mich-zu-demuetigen/d9ae2df6-7bcb-4456-8dda-22147b5bb868,/interview,/articles/michael-ballweg-im-grossen-nius-interview-man-fesselte-mich-um-mich-zu-demuetigen/d9ae2df6-7bcb-4456-8dda-22147b5bb868,"{'big_1x': 'https://api.nius.de/api/assets/office-hr/08e4da4a-4afc-4b78-993e-a0d8236e56d7?width=1400&height=1000&mode=CropUpsize', 'big_2x': 'https://api.nius.de/api/assets/office-hr/08e4da4a-4afc-4b78-993e-a0d8236e56d7?width=2000&height=1500&mode=CropUpsize', 'medium': 'https://api.nius.de/api/assets/office-hr/08e4da4a-4afc-4b78-993e-a0d8236e56d7?width=800&height=600&mode=CropUpsize', 'small': 'https://api.nius.de/api/assets/office-hr/08e4da4a-4afc-4b78-993e-a0d8236e56d7?width=400&height=300&mode=CropUpsize', 'portrait_1x': 'https://api.nius.de/api/assets/office-hr/08e4da4a-4afc-4b78-993e-a0d8236e56d7?width=375&height=500&mode=CropUpsize', 'portrait_2x': 'https://api.nius.de/api/assets/office-hr/08e4da4a-4afc-4b78-993e-a0d8236e56d7?width=750&height=1000&mode=CropUpsize', 'original': 'https://api.nius.de/api/assets/office-hr/08e4da4a-4afc-4b78-993e-a0d8236e56d7', 'title': '', 'id': '08e4da4a-4afc-4b78-993e-a0d8236e56d7'}",[],,['Interview'],michael-ballweg-im-grossen-nius-interview-man-fesselte-mich-um-mich-zu-demuetigen,2025-08-25T10:15:12Z,2025-08-03T12:44:32Z,2025-08-04 06:32:34.977000+00:00,System Teaser,"[{'id': '64a3e5789904ac4cefb1ad41', 'email': 'simone.schamann.extern@nius.de', 'name': 'Simone Schamann', 'active': True, 'permissions': [], 'slug': 'simone-schamann', 'firstName': '', 'authorSlug': 'simone-schamann-extern', 'lastName': '', 'role': 'ADMIN', 'bio': '', 'profileImage': {'big_1x': 'https://api.nius.de/api/users/64a3e5789904ac4cefb1ad41/picture', 'big_2x': 'https://api.nius.de/api/users/64a3e5789904ac4cefb1ad41/picture', 'medium': 'https://api.nius.de/api/users/64a3e5789904ac4cefb1ad41/picture', 'small': 'https://api.nius.de/api/users/64a3e5789904ac4cefb1ad41/picture', 'portrait_1x': 'https://api.nius.de/api/users/64a3e5789904ac4cefb1ad41/picture', 'portrait_2x': 'https://api.nius.de/api/users/64a3e5789904ac4cefb1ad41/picture', 'original': 'https://api.nius.de/api/users/64a3e5789904ac4cefb1ad41/picture', 'title': '', 'id': '64a3e5789904ac4cefb1ad41'}}]","{'big_1x': 'https://api.nius.de/api/assets/office-hr/5b5b8378-64f4-4087-b1fd-1abe2461d1f5?width=1400&height=1000&mode=CropUpsize', 'big_2x': 'https://api.nius.de/api/assets/office-hr/5b5b8378-64f4-4087-b1fd-1abe2461d1f5?width=2000&height=1500&mode=CropUpsize', 'medium': 'https://api.nius.de/api/assets/office-hr/5b5b8378-64f4-4087-b1fd-1abe2461d1f5?width=800&height=600&mode=CropUpsize', 'small': 'https://api.nius.de/api/assets/office-hr/5b5b8378-64f4-4087-b1fd-1abe2461d1f5?width=400&height=300&mode=CropUpsize', 'portrait_1x': 'https://api.nius.de/api/assets/office-hr/5b5b8378-64f4-4087-b1fd-1abe2461d1f5?width=375&height=500&mode=CropUpsize', 'portrait_2x': 'https://api.nius.de/api/assets/office-hr/5b5b8378-64f4-4087-b1fd-1abe2461d1f5?width=750&height=1000&mode=CropUpsize', 'original': 'https://api.nius.de/api/assets/office-hr/5b5b8378-64f4-4087-b1fd-1abe2461d1f5', 'title': '', 'id': '5b5b8378-64f4-4087-b1fd-1abe2461d1f5'}",,False,False,[],True,"{'title': 'Michael Ballweg im großen NIUS-Interview: „Man fesselte mich, um mich zu demütigen“', 'description': 'Im NIUS-Interview schildert Querdenken-Gründer Michael Ballweg nach seinem Freispruch eine bewusste Demütigung durch die Justiz während seiner U-Haft.', 'image': 'https://api.nius.de/api/assets/office-hr/08e4da4a-4afc-4b78-993e-a0d8236e56d7/d9ae2df6-7bcb-4456-8dda-22147b5bb868.jpg', 'locale': 'office-hr', 'url': None, 'publishedAt': '2025-08-03T12:44:32Z', 'modifiedAt': '2025-08-04T06:32:34.977Z', 'author': None, 'category': 'Interview', 'tags': []}",https://www.nius.de/interview/news/michael-ballweg-im-grossen-nius-interview-man-fesselte-mich-um-mich-zu-demuetigen/d9ae2df6-7bcb-4456-8dda-22147b5bb868,2025-08-04,"# Michael Ballweg im großen NIUS-Interview: „Man fesselte mich, um mich zu demütigen“

Michael Ballweg, Gründer der Querdenken-Bewegung, wurde am Donnerstag vom Vorwurf des tausendfachen Betrugs vollständig freigesprochen und wegen gerade einmal 11 Euro sowie 8 Euro Steuerhinterziehung und einer Hundematte in den Betriebsausgaben zu einer Verwarnung mit Strafvorbehalt verurteilt. Offensichtlich nur, um die Signalwirkung eines vollständigen Freispruchs zu verhindern.
In einem exklusiven NIUS-Interview schildert Ballweg seine Erlebnisse in Untersuchungshaft und die bewusste Demütigung beim Haftprüfungstermin.
Sehen Sie hier das gesamte Interview:
„Ich hatte zwei Aktenordner dabei. Ich habe im Gefängnis Zeit gehabt, immer meine Akten zu lesen, habe mich vorbereitet“, erzählt Ballweg im NIUS-Interview. Und: „Er [der Haftrichter] wollte mir partout die rechte Hand gefesselt lassen, damit ich nur mit einer Hand in meinen Ordnern blättern konnte.“
Ballwegs Anwalt habe natürlich nachgefragt, was das soll. Doch als Beschuldigter habe man so gut wie null Rechte, so Ballweg. „Ich denke, er hat das ganz bewusst gemacht, um mich zu demütigen.“
Mehr lesen: Kein hinreichender Tatverdacht nach 9 Monaten U-Haft: War Michael Ballweg ein politischer Gefangener?"
edfc4e18-6449-4b91-83e0-77a6bebdcbfc,"Flüchtlinge gefoltert, Angehörige erpresst: Grausamer Somalier (29) unter Mordverdacht in Zweibrücken festgenommen","<span>Flüchtlinge gefoltert, Angehörige erpresst: Grausamer Somalier (29) unter Mordverdacht in Zweibrücken festgenommen</span>",,/kriminalitaet/news/fluechtlinge-gefoltert-angehoerige-erpresst-grausamer-somalier-29-unter-mordverdacht-in-zweibruecken-festgenommen/edfc4e18-6449-4b91-83e0-77a6bebdcbfc,/kriminalitaet,/articles/fluechtlinge-gefoltert-angehoerige-erpresst-grausamer-somalier-29-unter-mordverdacht-in-zweibruecken-festgenommen/edfc4e18-6449-4b91-83e0-77a6bebdcbfc,"{'big_1x': 'https://api.nius.de/api/assets/office-hr/94ff98c3-6794-415c-bd69-28cf2bdedd08?width=1400&height=1000&mode=CropUpsize', 'big_2x': 'https://api.nius.de/api/assets/office-hr/94ff98c3-6794-415c-bd69-28cf2bdedd08?width=2000&height=1500&mode=CropUpsize', 'medium': 'https://api.nius.de/api/assets/office-hr/94ff98c3-6794-415c-bd69-28cf2bdedd08?width=800&height=600&mode=CropUpsize', 'small': 'https://api.nius.de/api/assets/office-hr/94ff98c3-6794-415c-bd69-28cf2bdedd08?width=400&height=300&mode=CropUpsize', 'portrait_1x': 'https://api.nius.de/api/assets/office-hr/94ff98c3-6794-415c-bd69-28cf2bdedd08?width=375&height=500&mode=CropUpsize', 'portrait_2x': 'https://api.nius.de/api/assets/office-hr/94ff98c3-6794-415c-bd69-28cf2bdedd08?width=750&height=1000&mode=CropUpsize', 'original': 'https://api.nius.de/api/assets/office-hr/94ff98c3-6794-415c-bd69-28cf2bdedd08', 'title': '', 'id': '94ff98c3-6794-415c-bd69-28cf2bdedd08'}",[],,['Kriminalität'],fluechtlinge-gefoltert-angehoerige-erpresst-grausamer-somalier-29-unter-mordverdacht-in-zweibruecken-festgenommen,2025-08-04T09:11:26Z,2025-08-04T08:17:01Z,2025-08-04 09:11:26.510000+00:00,System Teaser,"[{'id': '644f639cf03076c588c404f5', 'email': 'redaktion@nius.de', 'name': 'Redaktion', 'active': True, 'permissions': [], 'slug': 'redaktion', 'firstName': '', 'authorSlug': 'redaktion', 'lastName': '', 'role': 'ADMIN', 'bio': '', 'profileImage': {'big_1x': 'https://api.nius.de/api/users/644f639cf03076c588c404f5/picture', 'big_2x': 'https://api.nius.de/api/users/644f639cf03076c588c404f5/picture', 'medium': 'https://api.nius.de/api/users/644f639cf03076c588c404f5/picture', 'small': 'https://api.nius.de/api/users/644f639cf03076c588c404f5/picture', 'portrait_1x': 'https://api.nius.de/api/users/644f639cf03076c588c404f5/picture', 'portrait_2x': 'https://api.nius.de/api/users/644f639cf03076c588c404f5/picture', 'original': 'https://api.nius.de/api/users/644f639cf03076c588c404f5/picture', 'title': '', 'id': '644f639cf03076c588c404f5'}}]","{'big_1x': 'https://api.nius.de/api/assets/office-hr/dfd9314d-1856-409d-a335-2d7f56d6b556?width=1400&height=1000&mode=CropUpsize', 'big_2x': 'https://api.nius.de/api/assets/office-hr/dfd9314d-1856-409d-a335-2d7f56d6b556?width=2000&height=1500&mode=CropUpsize', 'medium': 'https://api.nius.de/api/assets/office-hr/dfd9314d-1856-409d-a335-2d7f56d6b556?width=800&height=600&mode=CropUpsize', 'small': 'https://api.nius.de/api/assets/office-hr/dfd9314d-1856-409d-a335-2d7f56d6b556?width=400&height=300&mode=CropUpsize', 'portrait_1x': 'https://api.nius.de/api/assets/office-hr/dfd9314d-1856-409d-a335-2d7f56d6b556?width=375&height=500&mode=CropUpsize', 'portrait_2x': 'https://api.nius.de/api/assets/office-hr/dfd9314d-1856-409d-a335-2d7f56d6b556?width=750&height=1000&mode=CropUpsize', 'original': 'https://api.nius.de/api/assets/office-hr/dfd9314d-1856-409d-a335-2d7f56d6b556', 'title': '', 'id': 'dfd9314d-1856-409d-a335-2d7f56d6b556'}",,False,False,[],True,"{'title': 'Flüchtlinge gefoltert, Angehörige erpresst: Grausamer Somalier (29) unter Mordverdacht in Zweibrücken festgenommen', 'description': 'Ein in Italien wegen Tötung und Folter von Migranten gesuchter 29-Jähriger wurde in der Südpfalz festgenommen und sitzt nun in Auslieferungshaft.', 'image': 'https://api.nius.de/api/assets/office-hr/0f837e6c-5c86-42aa-8e4d-74bc7069db3b/edfc4e18-6449-4b91-83e0-77a6bebdcbfc.jpg', 'locale': 'office-hr', 'url': None, 'publishedAt': '2025-08-04T08:17:01Z', 'modifiedAt': '2025-08-04T09:11:26.510Z', 'author': None, 'category': 'Kriminalität', 'tags': []}",https://www.nius.de/kriminalitaet/news/fluechtlinge-gefoltert-angehoerige-erpresst-grausamer-somalier-29-unter-mordverdacht-in-zweibruecken-festgenommen/edfc4e18-6449-4b91-83e0-77a6bebdcbfc,2025-08-04,"# Flüchtlinge gefoltert, Angehörige erpresst: Grausamer Somalier (29) unter Mordverdacht in Zweibrücken festgenommen

Ein in Italien wegen eines Mordes und Folter von Migranten gesuchter Verdächtiger ist in Rheinland-Pfalz festgenommen worden. Die Staatsanwaltschaft Palermo auf der Mittelmeerinsel Sizilien wirft dem 29-Jährigen unter anderem vor, einen Minderjährigen somalischer Herkunft getötet zu haben, wie es in einer Mitteilung des dortigen Polizeipräsidiums heißt. Demnach soll der Mann die Taten in Libyen begangen haben.
Der somalische Staatsbürger wurde aufgrund eines europäischen Haftbefehls an einem Ort in der Südpfalz festgenommen.

## Aus Libyen über Italien nach Deutschland

Die Generalstaatsanwaltschaft Zweibrücken bestätigte die Festnahme, die demnach am 30. Juli erfolgte. Der Mann befinde sich in Auslieferungshaft, teilte ein Justizsprecher mit. „Die Tatvorwürfe betreffen eine Beteiligung an einer vorsätzlichen Tötung, illegalen Einreise und Erpressung.“
Das Zweibrücker Rathaus. In der Stadt in Rheinland-Pfalz wurde ein schwerstkrimineller Mann aus Somalia festgenommen, der in Italien unter Mordverdacht steht und gesucht wird.
Den Aufenthaltsort des Verdächtigen konnten die Ermittler laut Polizei durch die Analyse der IP-Adressen eines Facebook-Profils ermitteln. Der Mann war demnach aus Libyen über Italien nach Deutschland gereist.

## Flüchtlinge gefoltert, Angehörige erpresst

Zusammen mit „zahlreichen anderen derzeit nicht identifizierten Personen“ werde der Mann für „die Verbrechen einer transnationalen kriminellen Vereinigung verantwortlich gemacht“, heißt es von der Polizei in Palermo. Ziel sei die illegale Überführung zahlreicher Ausländer nach Italien. Laut Polizei soll der Mann in einem Lager in der libyschen Stadt Bani Walid Menschen überwacht, gefangen gehalten und gefoltert haben, um Geld von deren Angehörigen für die Freilassung und die anschließende Überfahrt auf See zu erpressen.
Dort soll auch der Minderjährige von dem 29-Jährigen getötet worden sein. Nach Angaben der Polizei wehrte sich das Opfer gegen einen sexuellen Übergriff. Der Verdächtige wollte den Vorwürfen zufolge den Übergriff filmen, um mit dem Video Druck auf die Familie auszuüben und Lösegeld zu erpressen.
Die Ermittlungen der Staatsanwaltschaft begannen im Juni 2023. Damals hatte ein Migrant nach seiner Ankunft auf der italienischen Insel Lampedusa Anzeige erstattet, wie es hieß. Weitere Zeugen bestätigten demnach seine Aussagen. Die Staatsanwaltschaft in Palermo machte auf Anfrage zunächst keine weiteren Angaben."
a0fd76ac-eb14-4c0e-8759-2c9d88e6f8bd,Jan Böhmermanns Hass landet vor Gericht – wird ZDF-Intendant Himmler daraus lernen?,<span>Jan Böhmermanns Hass landet vor Gericht – wird ZDF-Intendant Himmler daraus lernen?</span>,,/kissler-kompakt/news/jan-boehmermanns-hass-landet-vor-gericht-wird-zdf-intendant-himmler-daraus-lernen/a0fd76ac-eb14-4c0e-8759-2c9d88e6f8bd,/kissler-kompakt,/articles/jan-boehmermanns-hass-landet-vor-gericht-wird-zdf-intendant-himmler-daraus-lernen/a0fd76ac-eb14-4c0e-8759-2c9d88e6f8bd,"{'big_1x': 'https://api.nius.de/api/assets/office-hr/b930e105-4b82-4946-adeb-6d313d8a018e?width=1400&height=1000&mode=CropUpsize', 'big_2x': 'https://api.nius.de/api/assets/office-hr/b930e105-4b82-4946-adeb-6d313d8a018e?width=2000&height=1500&mode=CropUpsize', 'medium': 'https://api.nius.de/api/assets/office-hr/b930e105-4b82-4946-adeb-6d313d8a018e?width=800&height=600&mode=CropUpsize', 'small': 'https://api.nius.de/api/assets/office-hr/b930e105-4b82-4946-adeb-6d313d8a018e?width=400&height=300&mode=CropUpsize', 'portrait_1x': 'https://api.nius.de/api/assets/office-hr/b930e105-4b82-4946-adeb-6d313d8a018e?width=375&height=500&mode=CropUpsize', 'portrait_2x': 'https://api.nius.de/api/assets/office-hr/b930e105-4b82-4946-adeb-6d313d8a018e?width=750&height=1000&mode=CropUpsize', 'original': 'https://api.nius.de/api/assets/office-hr/b930e105-4b82-4946-adeb-6d313d8a018e', 'title': '', 'id': 'b930e105-4b82-4946-adeb-6d313d8a018e'}",[],,['Kissler Kompakt'],jan-boehmermanns-hass-landet-vor-gericht-wird-zdf-intendant-himmler-daraus-lernen,2025-08-04T09:42:47Z,2025-08-04T08:31:14Z,2025-08-04 09:18:18.282000+00:00,System Teaser,"[{'id': '66fbf613d17b67012ce55a6e', 'email': 'alexander.kissler@vius.com', 'name': 'Alexander Kissler', 'active': True, 'permissions': [], 'slug': 'alexander-kissler', 'firstName': '', 'authorSlug': 'alexander-kissler', 'lastName': '', 'role': 'ADMIN', 'bio': '', 'profileImage': {'big_1x': 'https://api.nius.de/api/users/66fbf613d17b67012ce55a6e/picture', 'big_2x': 'https://api.nius.de/api/users/66fbf613d17b67012ce55a6e/picture', 'medium': 'https://api.nius.de/api/users/66fbf613d17b67012ce55a6e/picture', 'small': 'https://api.nius.de/api/users/66fbf613d17b67012ce55a6e/picture', 'portrait_1x': 'https://api.nius.de/api/users/66fbf613d17b67012ce55a6e/picture', 'portrait_2x': 'https://api.nius.de/api/users/66fbf613d17b67012ce55a6e/picture', 'original': 'https://api.nius.de/api/users/66fbf613d17b67012ce55a6e/picture', 'title': '', 'id': '66fbf613d17b67012ce55a6e'}}]","{'big_1x': 'https://api.nius.de/api/assets/office-hr/5ea3f5b0-c63e-42c7-8303-d89f8f8d7fc1?width=1400&height=1000&mode=CropUpsize', 'big_2x': 'https://api.nius.de/api/assets/office-hr/5ea3f5b0-c63e-42c7-8303-d89f8f8d7fc1?width=2000&height=1500&mode=CropUpsize', 'medium': 'https://api.nius.de/api/assets/office-hr/5ea3f5b0-c63e-42c7-8303-d89f8f8d7fc1?width=800&height=600&mode=CropUpsize', 'small': 'https://api.nius.de/api/assets/office-hr/5ea3f5b0-c63e-42c7-8303-d89f8f8d7fc1?width=400&height=300&mode=CropUpsize', 'portrait_1x': 'https://api.nius.de/api/assets/office-hr/5ea3f5b0-c63e-42c7-8303-d89f8f8d7fc1?width=375&height=500&mode=CropUpsize', 'portrait_2x': 'https://api.nius.de/api/assets/office-hr/5ea3f5b0-c63e-42c7-8303-d89f8f8d7fc1?width=750&height=1000&mode=CropUpsize', 'original': 'https://api.nius.de/api/assets/office-hr/5ea3f5b0-c63e-42c7-8303-d89f8f8d7fc1', 'title': '', 'id': '5ea3f5b0-c63e-42c7-8303-d89f8f8d7fc1'}",,False,False,[],True,"{'title': 'Jan Böhmermanns Hass landet vor Gericht – wird ZDF-Intendant Himmler daraus lernen?', 'description': 'Der Polizist Manuel Ostermann klagt gegen das ZDF wegen Jan Böhmermann. Die linken Grenzüberschreitungen des Komikers sind notorisch.', 'image': 'https://api.nius.de/api/assets/office-hr/b930e105-4b82-4946-adeb-6d313d8a018e/a0fd76ac-eb14-4c0e-8759-2c9d88e6f8bd.jpg', 'locale': 'office-hr', 'url': None, 'publishedAt': '2025-08-04T08:31:14Z', 'modifiedAt': '2025-08-04T09:18:18.282Z', 'author': None, 'category': 'Kissler Kompakt', 'tags': []}",https://www.nius.de/kissler-kompakt/news/jan-boehmermanns-hass-landet-vor-gericht-wird-zdf-intendant-himmler-daraus-lernen/a0fd76ac-eb14-4c0e-8759-2c9d88e6f8bd,2025-08-04,"# Jan Böhmermanns Hass landet vor Gericht – wird ZDF-Intendant Himmler daraus lernen?

Himmlers Böhmermann ist ein Fall für die Gerichte. Genauer: Beim Landgericht München I ging eine Klage gegen das ZDF ein. Manuel Ostermann, erster stellvertretender Vorsitzender der Deutschen Polizeigewerkschaft, will sich seine Verunglimpfung durch Jan Böhmermann im „ZDF Magazin Royale“ nicht gefallen lassen. Einige der dort im März getätigten Aussagen sollen nicht weiter verbreitet werden dürfen.
Die ganze Folge „Kissler Kompakt“ sehen Sie hier:

## Himmler schenkt Böhmermann die Bühne

Sperrt sich das ZDF, droht dem öffentlich-rechtlichen Sender ein Ordnungsgeld – oder dem Intendanten Norbert Himmler eine Ordnungshaft. Wie auch immer die Angelegenheit ausgehen mag: Es ist gut, dass Diffamierungskünstler Böhmermann seinem Auftraggeber eine juristische Konfrontation einbrockt.
Norbert Himmler mit Jan Böhmermann bei der Grimme-Preis-Verleihung in Marl.
Böhmermanns linke Tiraden sind deshalb besonders anstößig, weil sie via Pflichtbeitrag von uns allen finanziert werden. Es ist Himmler, der Böhmermann ins Rampenlicht schiebt. Es ist Himmler, der Böhmermann die Bühne schenkt. Himmler ist verantwortlich, und Himmler sollte die Konsequenzen ziehen.

## Herablassende Schmähung?

Die Klage des Polizisten Ostermann hat eine doppelte Stoßrichtung. Einerseits geht es um Behauptungen Böhmermanns, die laut Klageschrift gegen die „Grundsätze der Verdachtsberichterstattung“ verstoßen haben. Ostermann wurde demnach ein Verhalten vorgeworfen, das dieser sich gar nicht zuschulden kommen ließ.
Manuel Ostermann ist seit 2023 erster stellvertretender Bundesvorsitzender der DPolG Bundespolizeigewerkschaft.
Andererseits geht es um „herabsetzende Schmähungen“ gegen Ostermann. In beiden Fällen, so der Kläger, wurden Ostermanns Persönlichkeitsrechte verletzt; Böhmermann habe also Ostermann verleumdet.

## Keifend, ölig, herrisch

Wer sich die Sendung ins Gedächtnis ruft – Böhmermanns keifendes Gehabe, sein öliges Grinsen, sein herrisches Aburteilen –, dem leuchtet die Klage ein. Das „ZDF Magazin Royale“ hat sich zum Humorgerichtshof der linken Denkungsart entwickelt. Böhmermann ist Ankläger und Richter in Personalunion.
Im Fall von Ostermann lautet der Vorwurf: Teile der Bundespolizei hätten bei der Vergabe von Visa an Afghanen absichtlich Fehler gemacht, damit danach öffentlichkeitswirksam das Aufnahmeprogramm für Afghanen kritisiert werden konnte. Nur Ostermann wird namentlich genannt.
Böhmermann behauptet wörtlich: „Man könnte hingegen meinen, das größte Sicherheitsrisiko sind nicht Afghanen, sondern Bundespolizisten.“ Generell ist in Böhmermanns Welt Migration eine fabelhafte Sache, sind Bio-Deutsche ein Problem und droht beinah der Faschismus, wenn man auf der Existenz von nur zwei Geschlechtern beharrt.

## Der Beitragszahler finanziert Böhmermann

Kommen wir zu den „herabsetzenden Schmähungen“, die Böhmermann und Himmler wohl für Satire halten. Auch sie sind von der Klage erfasst. Böhmermann bezeichnete den Polizeibeamten Ostermann als „dreiviertel gefüllten Boxsack“ – Ostermann trage eine „Blitzkriegsfrisur“ – er sei ein „Herrenmensch“ und ein „selbstradikalisierter Michel auf 188“. So werde Ostermann, heißt es in der Klage, herabgewürdigt, verächtlich gemacht und in die Nähe des Rechtsextremismus gerückt.
Die einzige Kompetenz, die dem unlustigen Böhmermann geblieben ist, ist das Herabwürdigen unliebsamer Personen. Er füllt seinen Hass in Dosen ab – und das ZDF liefert sie frei Haus. Pardon: gegen die verpflichtende Zahlung des Rundfunkbeitrags in Höhe von 18,36 Euro monatlich. Auf den Mainzer Belehrungssender entfallen 4,69 Euro.
Noch verschanzt sich Himmler hinter der Kunst- und Satirefreiheit.
Norbert Himmler könnte sich verrechnet haben. Es ist weder lustig noch satirisch, einen Polizisten öffentlich als „Herrenmensch“ mit „Blitzkriegsfrisur“ und „dreiviertel gefüllten Boxsack“ zu beleidigen. Es ist eine linke Grenzüberschreitung.
Vielleicht erinnert nun das Landgericht München I den ZDF-Intendanten an die Programmrichtlinien des ZDFs. So oder so täte Himmler seinem Sender und den Beitragszahlern einen enormen Gefallen, wenn Böhmermann bei seinen Tourneen künftig nicht mehr die Aufzeichnungstermine des „ZDF Magazins Royale“ berücksichtigen müsste."
f42c7e5f-6fd8-4cc2-89a9-5a746f545e38,Wieder ein grüner Traum geplatzt: Der stille Tod des Wasserstoffautos,<span>Wieder ein grüner Traum geplatzt: Der stille Tod des Wasserstoffautos</span>,,/wirtschaft/news/wieder-ein-gruener-traum-geplatzt-der-stille-tod-des-wasserstoffautos/f42c7e5f-6fd8-4cc2-89a9-5a746f545e38,/wirtschaft,/articles/wieder-ein-gruener-traum-geplatzt-der-stille-tod-des-wasserstoffautos/f42c7e5f-6fd8-4cc2-89a9-5a746f545e38,"{'big_1x': 'https://api.nius.de/api/assets/office-hr/a7acf239-5221-4735-a387-60f49a4196bf?width=1400&height=1000&mode=CropUpsize', 'big_2x': 'https://api.nius.de/api/assets/office-hr/a7acf239-5221-4735-a387-60f49a4196bf?width=2000&height=1500&mode=CropUpsize', 'medium': 'https://api.nius.de/api/assets/office-hr/a7acf239-5221-4735-a387-60f49a4196bf?width=800&height=600&mode=CropUpsize', 'small': 'https://api.nius.de/api/assets/office-hr/a7acf239-5221-4735-a387-60f49a4196bf?width=400&height=300&mode=CropUpsize', 'portrait_1x': 'https://api.nius.de/api/assets/office-hr/a7acf239-5221-4735-a387-60f49a4196bf?width=375&height=500&mode=CropUpsize', 'portrait_2x': 'https://api.nius.de/api/assets/office-hr/a7acf239-5221-4735-a387-60f49a4196bf?width=750&height=1000&mode=CropUpsize', 'original': 'https://api.nius.de/api/assets/office-hr/a7acf239-5221-4735-a387-60f49a4196bf', 'title': '', 'id': 'a7acf239-5221-4735-a387-60f49a4196bf'}",[],,['Wirtschaft'],wieder-ein-gruener-traum-geplatzt-der-stille-tod-des-wasserstoffautos,2025-08-04T14:12:29Z,2025-08-04T10:47:20Z,2025-08-04 10:50:10.514000+00:00,System Teaser,"[{'id': '644f639cf03076c588c404f5', 'email': 'redaktion@nius.de', 'name': 'Redaktion', 'active': True, 'permissions': [], 'slug': 'redaktion', 'firstName': '', 'authorSlug': 'redaktion', 'lastName': '', 'role': 'ADMIN', 'bio': '', 'profileImage': {'big_1x': 'https://api.nius.de/api/users/644f639cf03076c588c404f5/picture', 'big_2x': 'https://api.nius.de/api/users/644f639cf03076c588c404f5/picture', 'medium': 'https://api.nius.de/api/users/644f639cf03076c588c404f5/picture', 'small': 'https://api.nius.de/api/users/644f639cf03076c588c404f5/picture', 'portrait_1x': 'https://api.nius.de/api/users/644f639cf03076c588c404f5/picture', 'portrait_2x': 'https://api.nius.de/api/users/644f639cf03076c588c404f5/picture', 'original': 'https://api.nius.de/api/users/644f639cf03076c588c404f5/picture', 'title': '', 'id': '644f639cf03076c588c404f5'}}]","{'big_1x': 'https://api.nius.de/api/assets/office-hr/49ac4ed6-0dc6-4216-9edb-2a0a6b2526b7?width=1400&height=1000&mode=CropUpsize', 'big_2x': 'https://api.nius.de/api/assets/office-hr/49ac4ed6-0dc6-4216-9edb-2a0a6b2526b7?width=2000&height=1500&mode=CropUpsize', 'medium': 'https://api.nius.de/api/assets/office-hr/49ac4ed6-0dc6-4216-9edb-2a0a6b2526b7?width=800&height=600&mode=CropUpsize', 'small': 'https://api.nius.de/api/assets/office-hr/49ac4ed6-0dc6-4216-9edb-2a0a6b2526b7?width=400&height=300&mode=CropUpsize', 'portrait_1x': 'https://api.nius.de/api/assets/office-hr/49ac4ed6-0dc6-4216-9edb-2a0a6b2526b7?width=375&height=500&mode=CropUpsize', 'portrait_2x': 'https://api.nius.de/api/assets/office-hr/49ac4ed6-0dc6-4216-9edb-2a0a6b2526b7?width=750&height=1000&mode=CropUpsize', 'original': 'https://api.nius.de/api/assets/office-hr/49ac4ed6-0dc6-4216-9edb-2a0a6b2526b7', 'title': '', 'id': '49ac4ed6-0dc6-4216-9edb-2a0a6b2526b7'}",,False,False,[],True,"{'title': 'Wieder ein grüner Traum geplatzt: Der stille Tod des Wasserstoffautos', 'description': 'Überall in Deutschland werden zurzeit Wasserstofftankstellen geschlossen. Allein von Januar bis Ende Juli werden es 22 sein, berichtet der\xa0„Tagesspiegel“. Von einst fast 100 Tankstellen sind nur noch 69 in Betrieb, jederzeit kann eine weitere für immer gesperrt werden.', 'image': 'https://api.nius.de/api/assets/office-hr/a7acf239-5221-4735-a387-60f49a4196bf/f42c7e5f-6fd8-4cc2-89a9-5a746f545e38.jpg', 'locale': 'office-hr', 'url': None, 'publishedAt': '2025-08-04T10:47:20Z', 'modifiedAt': '2025-08-04T10:50:10.514Z', 'author': None, 'category': 'Wirtschaft', 'tags': []}",https://www.nius.de/wirtschaft/news/wieder-ein-gruener-traum-geplatzt-der-stille-tod-des-wasserstoffautos/f42c7e5f-6fd8-4cc2-89a9-5a746f545e38,2025-08-04,"# Wieder ein grüner Traum geplatzt: Der stille Tod des Wasserstoffautos

Überall in Deutschland werden zurzeit Wasserstofftankstellen geschlossen. Allein von Januar bis Ende Juli werden es 22 sein, berichtet der Tagesspiegel. Von einst fast 100 Tankstellen sind nur noch 69 in Betrieb, jederzeit kann eine weitere für immer gesperrt werden. Das Verschwinden der Tankstellen ist wie ein Symbol – der stille Tod des Wasserstoffautos.
Für viele Deutsche war der Wasserstoff-Antrieb der Weg in die technologische Zukunft. Das Wasserstoffauto galt als Alternative zum batteriebetriebenen Auto. Getankt wird in wenigen Minuten, die Reichweite taugt auch für lange Strecken. Aus einem unsichtbaren Gas wird sauberer Strom gemacht – mehr geht nicht.

## Aus dem „Jahrhundert des Wasserstoffs“ wurde nicht mal ein Jahrzehnt

Die Industrie propagierte das Thema massiv. 2011 läutete der damalige Mercedes-Chef Dieter Zetsche das „Jahrhundert des Wasserstoffs“ ein. Fast 200 Millionen an Fördermitteln sind seither in den Aufbau von Tankstellen geflossen. „Aber das große Rennen ist gelaufen“, sagt ein Ex-Manager aus der Branche heute. Der Traum vom massentauglichen Wasserstoffauto ist ausgeträumt.
In Deutschland sind gerade mal 1802 H2-betriebene Pkw laut Kraftfahrt-Bundesamt registriert. Innerhalb der vergangenen zwei Jahre wurde die Zahl immer kleiner – und zwar weltweit. 2024 sei der Absatz um 22 Prozent eingebrochen, meldet das Marktforschungsunternehmen SNE. Ende April hat der österreichische Energiekonzern OMV als einziger Anbieter von Wasserstofftankstellen verkündet, alle Anlagen im Land vom Netz zu nehmen. Trotz früher Investitionen sei die Nachfrage hinter den Erwartungen zurückgeblieben, begründete das Unternehmen seine Entscheidung. Im vergangenen Jahr hatte sich schon der einzige Anbieter in Dänemark vom Markt verabschiedet. Und in Großbritannien hat der Ölkonzern Shell bereits 2022 alle H2-Tankstellen geschlossen.
Einer der Gründe für den Wasserstoff-Flop: die seltenen Tankstellen.
Von den knapp 49 Millionen Pkw in Deutschland fahren heute 3,5 Prozent mit Batterie. Dagegen kommen Wasserstoffautos gerade mal auf 0,003 Prozent. Warum hat der eine Antrieb gewonnen, der andere verloren, obwohl es Ähnlichkeiten gibt? Beide sind Elektroautos, beide fahren mit Strom. Im „Elektroauto“ wird die Batterie direkt genutzt, das Wasserstoffauto arbeitet mit einer Brennstoffzelle. Dafür wird Wasserstoff in einem Drucktank gespeichert und anschließend in einer Brennstoffzelle in elektrische Energie umgewandelt, die dann den Elektromotor antreibt.

## Drohendes Milliardengrab

Die Verfechter der Batterie warnten vor einem drohenden Milliardengrab, doch viele Autobosse hielten dagegen: „Während man die Batterie für ein E-Auto lädt, kann man Tolstois Krieg und Frieden lesen. Das Befüllen eines Wasserstoffautos reicht dagegen gerade mal, um kurz zu twittern“, sagt Daimler-Chef Zetsche auf der Internationalen Automobil Ausstellung 2011. Die B-Klasse Fuel Cell (englisch für Brennstoffzelle) sollte bis 2014 in Serienfertigung gehen. Dazu kam es nie. 2019 stieg Mercedes nach 30 Jahren Entwicklung aus dem Brennstoffzellengeschäft aus. Das einst gelobte „Jahrhundert“ für den Wasserstoff war dann doch recht kurz.
Mercedes, Volkswagen, Ford oder BMW – alle großen Autobauer hatten in der Euphorie Wasserstoffautos angekündigt. Bis heute ist kein einziges auf dem Markt.
Wieder ist ein grüner Traum geplatzt – der stille Tod des Wasserstoffautos.
Mehr NIUS:
Gewinn bei Mercedes-Benz bricht um mehr als die Hälfte ein"
6a2a4453-7fbb-47c1-baf0-8bad7c7a34fa,Wirtschaftsministerin Reiche will schnelle Bürgergeld-Reform: „Arbeiten muss sich mehr lohnen als zu Hause bleiben“,<span>Wirtschaftsministerin Reiche will schnelle Bürgergeld-Reform: „Arbeiten muss sich mehr lohnen als zu Hause bleiben“</span>,,/politik/news/wirtschaftsministerin-reiche-will-schnelle-buergergeld-reform-arbeiten-muss-sich-mehr-lohnen-als-zu-hause-bleiben/6a2a4453-7fbb-47c1-baf0-8bad7c7a34fa,/politik,/articles/wirtschaftsministerin-reiche-will-schnelle-buergergeld-reform-arbeiten-muss-sich-mehr-lohnen-als-zu-hause-bleiben/6a2a4453-7fbb-47c1-baf0-8bad7c7a34fa,"{'big_1x': 'https://api.nius.de/api/assets/office-hr/3f93097e-b91d-44b7-94c6-5ec1e4803617?width=1400&height=1000&mode=CropUpsize', 'big_2x': 'https://api.nius.de/api/assets/office-hr/3f93097e-b91d-44b7-94c6-5ec1e4803617?width=2000&height=1500&mode=CropUpsize', 'medium': 'https://api.nius.de/api/assets/office-hr/3f93097e-b91d-44b7-94c6-5ec1e4803617?width=800&height=600&mode=CropUpsize', 'small': 'https://api.nius.de/api/assets/office-hr/3f93097e-b91d-44b7-94c6-5ec1e4803617?width=400&height=300&mode=CropUpsize', 'portrait_1x': 'https://api.nius.de/api/assets/office-hr/3f93097e-b91d-44b7-94c6-5ec1e4803617?width=375&height=500&mode=CropUpsize', 'portrait_2x': 'https://api.nius.de/api/assets/office-hr/3f93097e-b91d-44b7-94c6-5ec1e4803617?width=750&height=1000&mode=CropUpsize', 'original': 'https://api.nius.de/api/assets/office-hr/3f93097e-b91d-44b7-94c6-5ec1e4803617', 'title': '', 'id': '3f93097e-b91d-44b7-94c6-5ec1e4803617'}",[],,['Politik'],wirtschaftsministerin-reiche-will-schnelle-buergergeld-reform-arbeiten-muss-sich-mehr-lohnen-als-zu-hause-bleiben,2025-08-04T13:24:04Z,2025-08-04T10:33:36Z,2025-08-04 11:06:12.810000+00:00,System Teaser,"[{'id': '644f639cf03076c588c404f5', 'email': 'redaktion@nius.de', 'name': 'Redaktion', 'active': True, 'permissions': [], 'slug': 'redaktion', 'firstName': '', 'authorSlug': 'redaktion', 'lastName': '', 'role': 'ADMIN', 'bio': '', 'profileImage': {'big_1x': 'https://api.nius.de/api/users/644f639cf03076c588c404f5/picture', 'big_2x': 'https://api.nius.de/api/users/644f639cf03076c588c404f5/picture', 'medium': 'https://api.nius.de/api/users/644f639cf03076c588c404f5/picture', 'small': 'https://api.nius.de/api/users/644f639cf03076c588c404f5/picture', 'portrait_1x': 'https://api.nius.de/api/users/644f639cf03076c588c404f5/picture', 'portrait_2x': 'https://api.nius.de/api/users/644f639cf03076c588c404f5/picture', 'original': 'https://api.nius.de/api/users/644f639cf03076c588c404f5/picture', 'title': '', 'id': '644f639cf03076c588c404f5'}}]","{'big_1x': 'https://api.nius.de/api/assets/office-hr/768e1ec7-8bbc-4fa4-872f-818520b2fae5?width=1400&height=1000&mode=CropUpsize', 'big_2x': 'https://api.nius.de/api/assets/office-hr/768e1ec7-8bbc-4fa4-872f-818520b2fae5?width=2000&height=1500&mode=CropUpsize', 'medium': 'https://api.nius.de/api/assets/office-hr/768e1ec7-8bbc-4fa4-872f-818520b2fae5?width=800&height=600&mode=CropUpsize', 'small': 'https://api.nius.de/api/assets/office-hr/768e1ec7-8bbc-4fa4-872f-818520b2fae5?width=400&height=300&mode=CropUpsize', 'portrait_1x': 'https://api.nius.de/api/assets/office-hr/768e1ec7-8bbc-4fa4-872f-818520b2fae5?width=375&height=500&mode=CropUpsize', 'portrait_2x': 'https://api.nius.de/api/assets/office-hr/768e1ec7-8bbc-4fa4-872f-818520b2fae5?width=750&height=1000&mode=CropUpsize', 'original': 'https://api.nius.de/api/assets/office-hr/768e1ec7-8bbc-4fa4-872f-818520b2fae5', 'title': '', 'id': '768e1ec7-8bbc-4fa4-872f-818520b2fae5'}",,False,False,[],True,"{'title': 'Wirtschaftsministerin Reiche will schnelle Bürgergeld-Reform: „Arbeiten muss sich mehr lohnen als zu Hause bleiben“', 'description': 'Bundeswirtschaftsministerin Katherina Reiche (CDU) fordert angesichts steigender Kosten eine schnelle Reform des Bürgergelds. Die Debatte über Leistungen für ukrainische Flüchtlinge spitzt sich parallel zu – CDU-Politiker zeigen sich offen für Söders Vorschlag, Bürgergeld durch Asylbewerberleistungen zu ersetzen.', 'image': 'https://api.nius.de/api/assets/office-hr/3f93097e-b91d-44b7-94c6-5ec1e4803617/6a2a4453-7fbb-47c1-baf0-8bad7c7a34fa.jpg', 'locale': 'office-hr', 'url': None, 'publishedAt': '2025-08-04T10:33:36Z', 'modifiedAt': '2025-08-04T11:06:12.810Z', 'author': None, 'category': 'Politik', 'tags': []}",https://www.nius.de/politik/news/wirtschaftsministerin-reiche-will-schnelle-buergergeld-reform-arbeiten-muss-sich-mehr-lohnen-als-zu-hause-bleiben/6a2a4453-7fbb-47c1-baf0-8bad7c7a34fa,2025-08-04,"# Wirtschaftsministerin Reiche will schnelle Bürgergeld-Reform: „Arbeiten muss sich mehr lohnen als zu Hause bleiben“

Bundeswirtschaftsministerin Katherina Reiche (CDU) dringt angesichts gestiegener Kosten auf eine schnelle Reform des Bürgergelds. Das sei in der Koalition mit der SPD verabredet, sagte die CDU-Politikerin am Rande eines Besuchs beim Halbleiterkonzern Infineon in Dresden.
„Es muss gelten, dass sich Arbeiten mehr lohnt als zu Hause bleiben“, sagte Reiche. „Diejenigen, die zur Arbeit gehen, müssen das Gefühl haben, sie haben am Ende mehr in der Tasche als die, die das nicht tun.“ Alle, die dies könnten, müssten am Arbeitsmarkt teilnehmen „und sich einen Teil dessen, was sie zum Leben brauchen, eben auch verdienen“.

## Söder-Vorschlag zu Ukrainern findet Anklang

Auf eine Frage zum jüngsten Vorschlag des bayerischen Ministerpräsidenten Markus Söder (CSU) ging die Wirtschaftsministerin nicht direkt ein. Söder hatte gefordert, ukrainischen Flüchtlingen in Deutschland kein Bürgergeld mehr zu gewähren, sondern ihnen die gleichen Leistungen wie Asylbewerbern zukommen zu lassen. Diese fallen geringer aus und werden oft als Sachleistungen oder per Bezahlkarte gewährt.
Markus Söder (CSU) vor wenigen Tagen in München: Sein Vorschlag, ukrainischen Flüchtlingen das Bürgergeld zu streichen, findet innerhalb der Union Unterstützer. Doch auch kritische Stimmen werden laut.
Sachsens Ministerpräsident Michael Kretschmer (CDU) sagte bei dem Termin mit Reiche zur selben Frage, ob er Söders Vorschlag unterstütze: „Zu den Ukrainerinnen und Ukrainern will ich Ihnen Folgendes sagen: Ich bin der Meinung, gleiche Bedingungen für alle, für Einheimische, für Asyl, Schutzsuchende oder für Menschen, die aus der Ukraine kommen. Diejenigen, die arbeiten können, müssen arbeiten.“ Wer in Not sei, dem wolle man auch in Zukunft helfen.

## „Diskussion ohne Schaum vor dem Mund“

Die Quote der Schutzsuchenden aus der Ukraine, die in Arbeit sind, sei in Frankreich, in den Niederlanden, Tschechien oder Polen viel höher als in Deutschland, sagte Kretschmer. „Deswegen muss man sich dieser Diskussion in Ruhe ohne Schaum vor dem Mund stellen.“
Kanzleramtschef Thorsten Frei (CDU) hat sich offen für den Vorschlag von Söder gezeigt, Menschen aus der Ukraine kein Bürgergeld mehr zu zahlen. In der Sendung Frühstart von RTL/ntv sagte Frei: „Tatsächlich hat Markus Söder recht, wenn er sagt, dass wir hier Leistungen ausbringen, wie es kein anderes Land der Erde tut.“ Das habe auch zu einer schlechteren Integration in den Arbeitsmarkt als in anderen Ländern geführt, so Frei. So arbeite in Deutschland nur jeder dritte erwerbsfähige Ukrainer.
Thorsten Frei, Chef des Bundeskanzleramtes

## Koalitionsvertrag ebnet den Weg

Der Koalitionsvertrag von Union und SPD sieht derzeit vor, dass Menschen, die seit dem 1. April aus der Ukraine nach Deutschland gekommen sind, kein Bürgergeld mehr erhalten. Stattdessen bekommen sie Leistungen wie Asylbewerber. Auf diese Vereinbarung verwies auch Frei. „Die kann man einvernehmlich verändern. Aber darüber werden wir miteinander sprechen müssen“, sagte der Kanzleramtschef.
Der Chef des CDU-Arbeitnehmerflügels CDA, Dennis Radtke, kritisierte im Focus: „Die letzten Jahre sollten doch eigentlich gezeigt haben, dass wir mit breitbeinigen und marktschreierischen Forderungen beim Thema Flucht und Asyl nichts erreichen können.“
Auch von der SPD kommt Widerspruch gegen den Söder-Vorschlag. Die Einsparungen würden überschätzt und die Bürokratie wäre enorm, erklärte der parlamentarische Geschäftsführer der SPD-Fraktion, Dirk Wiese. „Offenbar erhoffen sich einige in der Debatte durch die rückwirkende Bürgergeld-Streichung für Menschen aus der Ukraine große Einsparungen im Staatshaushalt“, erklärte der SPD-Politiker. „Da wird aber vernachlässigt, dass damit zusätzlich ein erheblicher Verwaltungsaufwand insbesondere für die Kommunen entstünde, der die Einsparungen faktisch wieder aufhebt. Das wäre einzig und allein das Prinzip ‚rechte Tasche, linke Tasche‘.“
Der Koalitionsvertrag sehe Reformen beim Bürgergeld vor, insbesondere wenn sie Missbrauch des Systems verhinderten, fügte er hinzu. „Wer das System ausnutzt, dem muss mit klaren Sanktionen begegnet werden. Bandenmäßiger Betrug oder Schwarzarbeit – wie etwa im Ruhrgebiet – dürfen nicht toleriert werden.“"
8ff701b1-5bb0-4808-acd0-25669ec34f8f,Neue Zahlen: So viele Gruppenvergewaltiger wie nie zuvor,<span>Neue Zahlen: So viele Gruppenvergewaltiger wie nie zuvor</span>,,/politik/news/neue-zahlen-so-viele-gruppenvergewaltiger-wie-nie-zuvor/8ff701b1-5bb0-4808-acd0-25669ec34f8f,/politik,/articles/neue-zahlen-so-viele-gruppenvergewaltiger-wie-nie-zuvor/8ff701b1-5bb0-4808-acd0-25669ec34f8f,"{'big_1x': 'https://api.nius.de/api/assets/office-hr/38eff15d-83e5-4e03-a91c-062dc7edf064?width=1400&height=1000&mode=CropUpsize', 'big_2x': 'https://api.nius.de/api/assets/office-hr/38eff15d-83e5-4e03-a91c-062dc7edf064?width=2000&height=1500&mode=CropUpsize', 'medium': 'https://api.nius.de/api/assets/office-hr/38eff15d-83e5-4e03-a91c-062dc7edf064?width=800&height=600&mode=CropUpsize', 'small': 'https://api.nius.de/api/assets/office-hr/38eff15d-83e5-4e03-a91c-062dc7edf064?width=400&height=300&mode=CropUpsize', 'portrait_1x': 'https://api.nius.de/api/assets/office-hr/38eff15d-83e5-4e03-a91c-062dc7edf064?width=375&height=500&mode=CropUpsize', 'portrait_2x': 'https://api.nius.de/api/assets/office-hr/38eff15d-83e5-4e03-a91c-062dc7edf064?width=750&height=1000&mode=CropUpsize', 'original': 'https://api.nius.de/api/assets/office-hr/38eff15d-83e5-4e03-a91c-062dc7edf064', 'title': '', 'id': '38eff15d-83e5-4e03-a91c-062dc7edf064'}",[],,['Politik'],neue-zahlen-so-viele-gruppenvergewaltiger-wie-nie-zuvor,2025-08-04T13:07:36Z,2025-08-04T11:48:20Z,2025-08-04 12:28:21.481000+00:00,System Teaser,"[{'id': '644f639cf03076c588c404f5', 'email': 'redaktion@nius.de', 'name': 'Redaktion', 'active': True, 'permissions': [], 'slug': 'redaktion', 'firstName': '', 'authorSlug': 'redaktion', 'lastName': '', 'role': 'ADMIN', 'bio': '', 'profileImage': {'big_1x': 'https://api.nius.de/api/users/644f639cf03076c588c404f5/picture', 'big_2x': 'https://api.nius.de/api/users/644f639cf03076c588c404f5/picture', 'medium': 'https://api.nius.de/api/users/644f639cf03076c588c404f5/picture', 'small': 'https://api.nius.de/api/users/644f639cf03076c588c404f5/picture', 'portrait_1x': 'https://api.nius.de/api/users/644f639cf03076c588c404f5/picture', 'portrait_2x': 'https://api.nius.de/api/users/644f639cf03076c588c404f5/picture', 'original': 'https://api.nius.de/api/users/644f639cf03076c588c404f5/picture', 'title': '', 'id': '644f639cf03076c588c404f5'}}]","{'big_1x': 'https://api.nius.de/api/assets/office-hr/77f61384-e9f0-4724-ac1b-8936af5fccef?width=1400&height=1000&mode=CropUpsize', 'big_2x': 'https://api.nius.de/api/assets/office-hr/77f61384-e9f0-4724-ac1b-8936af5fccef?width=2000&height=1500&mode=CropUpsize', 'medium': 'https://api.nius.de/api/assets/office-hr/77f61384-e9f0-4724-ac1b-8936af5fccef?width=800&height=600&mode=CropUpsize', 'small': 'https://api.nius.de/api/assets/office-hr/77f61384-e9f0-4724-ac1b-8936af5fccef?width=400&height=300&mode=CropUpsize', 'portrait_1x': 'https://api.nius.de/api/assets/office-hr/77f61384-e9f0-4724-ac1b-8936af5fccef?width=375&height=500&mode=CropUpsize', 'portrait_2x': 'https://api.nius.de/api/assets/office-hr/77f61384-e9f0-4724-ac1b-8936af5fccef?width=750&height=1000&mode=CropUpsize', 'original': 'https://api.nius.de/api/assets/office-hr/77f61384-e9f0-4724-ac1b-8936af5fccef', 'title': '', 'id': '77f61384-e9f0-4724-ac1b-8936af5fccef'}",,False,False,[],True,"{'title': 'Neue Zahlen: So viele Gruppenvergewaltiger wie nie zuvor', 'description': 'Neu veröffentlichte Zahlen zeigen: Die Zahl der Tatverdächtigen bei Gruppenvergewaltigungen erreicht 2024 mit 1.011 einen historischen Höchststand. Ein alarmierender Trend.', 'image': 'https://api.nius.de/api/assets/office-hr/38eff15d-83e5-4e03-a91c-062dc7edf064/8ff701b1-5bb0-4808-acd0-25669ec34f8f.jpg', 'locale': 'office-hr', 'url': None, 'publishedAt': '2025-08-04T11:48:20Z', 'modifiedAt': '2025-08-04T12:28:21.481Z', 'author': None, 'category': 'Politik', 'tags': []}",https://www.nius.de/politik/news/neue-zahlen-so-viele-gruppenvergewaltiger-wie-nie-zuvor/8ff701b1-5bb0-4808-acd0-25669ec34f8f,2025-08-04,"# Neue Zahlen: So viele Gruppenvergewaltiger wie nie zuvor

Schockierende, vom Bundestag veröffentlichte Zahlen! Noch nie wurden so viele Tatverdächtige bei Gruppenvergewaltigungen erfasst wie im Jahr 2024.
Laut Antwort auf eine Kleine Anfrage des AfD-Abgeordneten Stephan Brandner wurden im Jahr 2024 exakt 1.011 mutmaßliche Gruppenvergewaltiger registriert – ein neuer Höchststand seit Beginn der Erhebung im Jahr 2010 und drastischer Sprung zum Vorjahr!
Zum Vergleich:
Im Jahr 2013 waren es noch 537 Tatverdächtige – fast eine Verdopplung! Auch im Vergleich zum Vorjahr 2023 (990 Tatverdächtige) ist ein deutlicher Anstieg zu verzeichnen. Insgesamt zeigt sich seit 2015 ein besorgniserregender Trend nach oben.

## Mehr als die Hälfte der Tatverdächtigen sind Ausländer

Ebenfalls brisant ist der Anteil nicht-deutscher Tatverdächtiger: 2024 waren 51 Prozent der ermittelten Gruppenvergewaltiger Ausländer. Damit liegt der Wert nicht nur über dem des Vorjahres, sondern bestätigt einen seit Jahren hohen Anteil. Zum Vergleich: 2010 lag der Ausländeranteil noch bei 34 Prozent – seither ist der Anteil fast kontinuierlich gestiegen.
Die Zahlen im Detail:
Auszug aus den vom Bundestag veröffentlichten Antworten auf eine kleine Anfrage der AfD-Fraktion
Die Top-5-Länder, aus denen die Tatverdächtigen stammen, sind seit 2022 in gleichbleibender Reihenfolge: Deutschland, Syrien, Afghanistan, Irak und Türkei.
Mehr lesen: Ayham, Abdul, Axel, Baris und Bülent: Das sind die Vornamen der deutschen Vergewaltiger in Nordrhein-Westfalen"
fda46b6e-7d3c-4b48-948e-55b89b950387,Quickborn: Iraner (45) greift Iraker (32) und Syrer (44) mit einem Messer an,<span>Quickborn: Iraner (45) greift Iraker (32) und Syrer (44) mit einem Messer an</span>,,/kriminalitaet/news/quickborn-iraner-45-greift-iraker-32-und-syrer-44-mit-einem-messer-an/fda46b6e-7d3c-4b48-948e-55b89b950387,/kriminalitaet,/articles/quickborn-iraner-45-greift-iraker-32-und-syrer-44-mit-einem-messer-an/fda46b6e-7d3c-4b48-948e-55b89b950387,"{'big_1x': 'https://api.nius.de/api/assets/office-hr/7049cc94-da65-43ea-a22f-86ce5ede34d7?width=1400&height=1000&mode=CropUpsize', 'big_2x': 'https://api.nius.de/api/assets/office-hr/7049cc94-da65-43ea-a22f-86ce5ede34d7?width=2000&height=1500&mode=CropUpsize', 'medium': 'https://api.nius.de/api/assets/office-hr/7049cc94-da65-43ea-a22f-86ce5ede34d7?width=800&height=600&mode=CropUpsize', 'small': 'https://api.nius.de/api/assets/office-hr/7049cc94-da65-43ea-a22f-86ce5ede34d7?width=400&height=300&mode=CropUpsize', 'portrait_1x': 'https://api.nius.de/api/assets/office-hr/7049cc94-da65-43ea-a22f-86ce5ede34d7?width=375&height=500&mode=CropUpsize', 'portrait_2x': 'https://api.nius.de/api/assets/office-hr/7049cc94-da65-43ea-a22f-86ce5ede34d7?width=750&height=1000&mode=CropUpsize', 'original': 'https://api.nius.de/api/assets/office-hr/7049cc94-da65-43ea-a22f-86ce5ede34d7', 'title': '', 'id': '7049cc94-da65-43ea-a22f-86ce5ede34d7'}",[],,['Kriminalität'],quickborn-iraner-45-greift-iraker-32-und-syrer-44-mit-einem-messer-an,2025-08-04T13:34:18Z,2025-08-04T13:14:51Z,2025-08-04 13:18:14.661000+00:00,,"[{'id': '644f639cf03076c588c404f5', 'email': 'redaktion@nius.de', 'name': 'Redaktion', 'active': True, 'permissions': [], 'slug': 'redaktion', 'firstName': '', 'authorSlug': 'redaktion', 'lastName': '', 'role': 'ADMIN', 'bio': '', 'profileImage': {'big_1x': 'https://api.nius.de/api/users/644f639cf03076c588c404f5/picture', 'big_2x': 'https://api.nius.de/api/users/644f639cf03076c588c404f5/picture', 'medium': 'https://api.nius.de/api/users/644f639cf03076c588c404f5/picture', 'small': 'https://api.nius.de/api/users/644f639cf03076c588c404f5/picture', 'portrait_1x': 'https://api.nius.de/api/users/644f639cf03076c588c404f5/picture', 'portrait_2x': 'https://api.nius.de/api/users/644f639cf03076c588c404f5/picture', 'original': 'https://api.nius.de/api/users/644f639cf03076c588c404f5/picture', 'title': '', 'id': '644f639cf03076c588c404f5'}}]",,,False,False,[],True,"{'title': 'Quickborn: Iraner (45) greift Iraker (32) und Syrer (44) mit einem Messer an', 'description': 'Am Donnerstag, dem 31. Juli 2025, kam es in einem Fleischereiverarbeitungsbetrieb in Quickborn zu einem Messer-Angriff, bei dem ein 45-jähriger iranischer Mitarbeiter mit einem Messer auf zwei Kollegen losging. Der Tatverdächtige, ein iranischer Staatsbürger, attackierte die beiden Männer, die der ethnisch-religiösen Gruppe der Jesiden angehören.', 'image': 'https://api.nius.de/api/assets/office-hr/7049cc94-da65-43ea-a22f-86ce5ede34d7/fda46b6e-7d3c-4b48-948e-55b89b950387.jpg', 'locale': 'office-hr', 'url': None, 'publishedAt': '2025-08-04T13:14:51Z', 'modifiedAt': '2025-08-04T13:18:14.661Z', 'author': None, 'category': 'Kriminalität', 'tags': []}",https://www.nius.de/kriminalitaet/news/quickborn-iraner-45-greift-iraker-32-und-syrer-44-mit-einem-messer-an/fda46b6e-7d3c-4b48-948e-55b89b950387,2025-08-04,"# Quickborn: Iraner (45) greift Iraker (32) und Syrer (44) mit einem Messer an

Am Donnerstag, dem 31. Juli 2025, kam es in einem Fleischverarbeitungsbetrieb in Quickborn zu einem Messer-Angriff, bei dem ein 45-jähriger iranischer Mitarbeiter auf zwei Kollegen losging. „Die Geschädigten – ein 32-jähriger Iraker und ein 44-jähriger Syrer – erlitten Schnittverletzungen am Oberkörper. Beide Männer gehören der ethnisch-religiösen Gruppe der Jesiden an und arbeiten seit Jahren gemeinsam mit dem Tatverdächtigen in dem Betrieb“, so die Polizei.
„Der Tatverdächtige wird beschuldigt, zunächst den 32-Jährigen unvermittelt mit einem Fleischermesser angegriffen zu haben. Dieser konnte den Angriff abwehren und sich der Situation entziehen. Daraufhin begab sich der Tatverdächtige in den Pausenraum des Unternehmens, wo sich zu dem Zeitpunkt mehrere Personen aufhielten. Hier soll er direkt mit dem Messer auf den 44-jährigen zweiten Geschädigten losgegangen sein“, heißt es in der Polizeimeldung.
Die beiden Opfer erlitten Schnittverletzungen am Oberkörper und wurden vor Ort medizinisch versorgt. Der 45-jährige Angreifer wurde von der Polizei festgenommen und befindet sich derzeit in Untersuchungshaft. Das Landeskriminalamt Schleswig-Holstein ermittelt wegen des Verdachts des versuchten Totschlags in Tateinheit mit gefährlicher Körperverletzung.
Auf Antrag der Staatsanwaltschaft Itzehoe wurde ein Haftbefehl gegen den Beschuldigten erlassen.
Mehr NIUS:
Flüchtlinge gefoltert, Angehörige erpresst: Grausamer Somalier (29) unter Mordverdacht in Zweibrücken festgenommen"
298edb05-6675-48f0-9192-7a94a106de43,Definition von „sicheren Herkunftsstaaten“: Warum das EuGH-Urteil fatal für Europas Migrationswende ist ,<span>Definition von „sicheren Herkunftsstaaten“: Warum das EuGH-Urteil fatal für Europas Migrationswende ist </span>,,/politik/news/definition-von-sicheren-herkunftsstaaten-warum-das-eugh-urteil-fatal-fuer-europas-migrationswende-ist/298edb05-6675-48f0-9192-7a94a106de43,/politik,/articles/definition-von-sicheren-herkunftsstaaten-warum-das-eugh-urteil-fatal-fuer-europas-migrationswende-ist/298edb05-6675-48f0-9192-7a94a106de43,"{'big_1x': 'https://api.nius.de/api/assets/office-hr/a66209e4-5f3a-4327-80b4-a89194b826a2?width=1400&height=1000&mode=CropUpsize', 'big_2x': 'https://api.nius.de/api/assets/office-hr/a66209e4-5f3a-4327-80b4-a89194b826a2?width=2000&height=1500&mode=CropUpsize', 'medium': 'https://api.nius.de/api/assets/office-hr/a66209e4-5f3a-4327-80b4-a89194b826a2?width=800&height=600&mode=CropUpsize', 'small': 'https://api.nius.de/api/assets/office-hr/a66209e4-5f3a-4327-80b4-a89194b826a2?width=400&height=300&mode=CropUpsize', 'portrait_1x': 'https://api.nius.de/api/assets/office-hr/a66209e4-5f3a-4327-80b4-a89194b826a2?width=375&height=500&mode=CropUpsize', 'portrait_2x': 'https://api.nius.de/api/assets/office-hr/a66209e4-5f3a-4327-80b4-a89194b826a2?width=750&height=1000&mode=CropUpsize', 'original': 'https://api.nius.de/api/assets/office-hr/a66209e4-5f3a-4327-80b4-a89194b826a2', 'title': '', 'id': 'a66209e4-5f3a-4327-80b4-a89194b826a2'}","['EuGH', 'EuGH-Urteil', 'Abschiebungen', 'GEAS', 'sichere Herkunftsstaaten', 'Illegale Migration', 'EU', 'Asylpolitik']",,['Politik'],definition-von-sicheren-herkunftsstaaten-warum-das-eugh-urteil-fatal-fuer-europas-migrationswende-ist,2025-08-04T14:32:39Z,2025-08-04T12:41:40Z,2025-08-04 14:01:30.133000+00:00,System Teaser,"[{'id': '6683ea50e46fea7f34181ca9', 'email': 'claudio.casula@vius.com', 'name': 'Claudio Casula', 'active': True, 'permissions': [], 'slug': 'claudio-casula', 'firstName': '', 'authorSlug': 'claudio-casula', 'lastName': '', 'role': 'ADMIN', 'bio': '', 'profileImage': {'big_1x': 'https://api.nius.de/api/users/6683ea50e46fea7f34181ca9/picture', 'big_2x': 'https://api.nius.de/api/users/6683ea50e46fea7f34181ca9/picture', 'medium': 'https://api.nius.de/api/users/6683ea50e46fea7f34181ca9/picture', 'small': 'https://api.nius.de/api/users/6683ea50e46fea7f34181ca9/picture', 'portrait_1x': 'https://api.nius.de/api/users/6683ea50e46fea7f34181ca9/picture', 'portrait_2x': 'https://api.nius.de/api/users/6683ea50e46fea7f34181ca9/picture', 'original': 'https://api.nius.de/api/users/6683ea50e46fea7f34181ca9/picture', 'title': '', 'id': '6683ea50e46fea7f34181ca9'}}]","{'big_1x': 'https://api.nius.de/api/assets/office-hr/83a42b0c-445b-4e38-a118-079f15c4fcd8?width=1400&height=1000&mode=CropUpsize', 'big_2x': 'https://api.nius.de/api/assets/office-hr/83a42b0c-445b-4e38-a118-079f15c4fcd8?width=2000&height=1500&mode=CropUpsize', 'medium': 'https://api.nius.de/api/assets/office-hr/83a42b0c-445b-4e38-a118-079f15c4fcd8?width=800&height=600&mode=CropUpsize', 'small': 'https://api.nius.de/api/assets/office-hr/83a42b0c-445b-4e38-a118-079f15c4fcd8?width=400&height=300&mode=CropUpsize', 'portrait_1x': 'https://api.nius.de/api/assets/office-hr/83a42b0c-445b-4e38-a118-079f15c4fcd8?width=375&height=500&mode=CropUpsize', 'portrait_2x': 'https://api.nius.de/api/assets/office-hr/83a42b0c-445b-4e38-a118-079f15c4fcd8?width=750&height=1000&mode=CropUpsize', 'original': 'https://api.nius.de/api/assets/office-hr/83a42b0c-445b-4e38-a118-079f15c4fcd8', 'title': '', 'id': '83a42b0c-445b-4e38-a118-079f15c4fcd8'}",,False,False,[],True,"{'title': 'Definition von „sicheren Herkunftsstaaten“: Warum das EuGH-Urteil fatal für Europas Migrationswende ist\xa0', 'description': 'Das EuGH hat die Hürden für Abschiebungen in sichere Herkunftsstaaten deutlich erhöht. Was bedeutet das Urteil für die Asylpolitik der EU und die gemeinsamen Anstrengungen, illegale Migranten in ihre Heimat abzuschieben? ', 'image': 'https://api.nius.de/api/assets/office-hr/a66209e4-5f3a-4327-80b4-a89194b826a2/298edb05-6675-48f0-9192-7a94a106de43.jpg', 'locale': 'office-hr', 'url': None, 'publishedAt': '2025-08-04T12:41:40Z', 'modifiedAt': '2025-08-04T14:01:30.133Z', 'author': None, 'category': 'Politik', 'tags': []}",https://www.nius.de/politik/news/definition-von-sicheren-herkunftsstaaten-warum-das-eugh-urteil-fatal-fuer-europas-migrationswende-ist/298edb05-6675-48f0-9192-7a94a106de43,2025-08-04,"# Definition von „sicheren Herkunftsstaaten“: Warum das EuGH-Urteil fatal für Europas Migrationswende ist

Der Europäische Gerichtshof (EuGH) hat die Hürden für Abschiebungen in sichere Herkunftsstaaten deutlich erhöht. Was bedeutet das Urteil für die Asylpolitik der EU und die gemeinsamen Anstrengungen, illegale Migranten in ihre Heimat abzuschieben?
Anlass war das Vorhaben der italienischen Regierung unter Giorgia Meloni, Asylverfahren zu vereinfachen und zu beschleunigen. Migranten, die in Italien Asyl beantragen wollen, sollten in Asyllager ins Nicht-EU-Ausland, nach Albanien, gebracht werden. Dazu waren in den albanischen Hafenstädten Shëngjin und Gjadër Asyllager errichtet worden. In Schnellverfahren sollten italienische Behörden binnen 28 Tagen über die Asylanträge von Menschen entscheiden, die aus sicheren Herkunftsstaaten wie Ägypten oder Bangladesch stammen. Im Oktober 2024 hatte die Regierung in Rom per Gesetzesdekret festgelegt, dass es sich bei rund 19 Staaten, darunter Bangladesch, um sichere Herkunftsstaaten handele.
Schon italienische Gerichte erschwerten das Unterfangen, nachdem Betroffene geklagt hatten. Nun hat der EuGH nach Klage zweier Bangladeschis entschieden: Ein Staat darf nach derzeitiger europäischer Rechtslage nur dann als sicher eingestuft werden, wenn dort alle Menschen ausreichend geschützt sind. Wenn einzelne Personengruppen gefährdet sind, kann der Staat also nicht als sicher eingestuft werden.
Wohncontainer in einem für Asylbewerber vorgesehenen Lager in Gjadër, unweit der albanischen Hafenstadt Shëngjin.

## Italien stuft doppelt so viele Länder als sicher ein wie Deutschland

Auch sollen EU-Mitgliedsstaaten zwar selbst entscheiden dürfen, welche Länder sie als sicher einordnen, müssen aber die Informationsquellen offenlegen, mit denen sie zu dieser Einstufung kommen. Informationsquellen, die zur Bestimmung eines Landes als „sicheres Herkunftsland“ dienen, müssen sowohl den Gerichten als auch betroffenen Antragstellern zugänglich sein.
Erst im April hatte die EU-Kommission einen Vorschlag zu einer gemeinsamen europäischen Liste vorgelegt. Bisher differieren die nationalen Einschätzungen erheblich. Während etwa Italien 19 Staaten als sicher klassifiziert, sind es in Deutschland nur zehn – neben den EU-Ländern Albanien, Bosnien-Herzegowina, Georgien, Ghana, Kosovo, Mazedonien, Montenegro, Moldau, Senegal und Serbien. Die EU-Kommission hat eine Ergänzung um Bangladesch, Kolumbien, Ägypten, Indien, Marokko und Tunesien vorgeschlagen.
Allerdings: In der Reform des gemeinsamen EU-Asylsystems (GEAS) haben die EU-Staaten bestimmt, dass ab dem 12. Juni 2026 auch Staaten als „sichere Herkunftsstaaten“ eingestuft werden können, wenn bestimmte Gebiete und bestimmte Gruppen nicht sicher sind. Für einen ansonsten als sicher eingestuften Herkunftsstaat können dann gewisse Personengruppen ausgenommen werden, wie der EuGH selbst feststellt. Bis dahin erhalten die Bemühungen, illegale Migranten in ihre sichere Heimat abzuschieben, einen erheblichen Dämpfer.

## Musterbeispiel für „strategische Prozessführung“ der Asylindustrie

Prof. Dr. Christian Hillgruber, Professor für Öffentliches Recht an der Rheinischen Friedrich-Wilhelms-Universität Bonn, meint, dass die „Handlungsspielräume der Mitgliedstaaten durch die Rechtsprechung des EuGH zunehmend eingeschränkt“ werden. „Rechtsstaatliche Standards in Asylverfahren sind wichtig, aber die Mitgliedstaaten müssen auch die Erwartungen ihrer Bürger nach einer geordneten Asylpolitik erfüllen können, ohne überfordert zu werden.“ Mit seiner Feststellung, dass die Staaten nicht den Migranten, den Gerichten und internationalistischen „NGOs“ etwas schulden, sondern zuerst den eigenen Bürgern, trifft er den Punkt des Problems:
Einige wenige, von niemandem gewählte Richter entscheiden über die Köpfe der von den Europäern gewählten Parlamente – die legitimierten Gesetzgeber – hinweg im Sinne von Nichteuropäern. Deren Sicherheitsbedürfnis zählt für die Richter in Luxemburg offenbar mehr als das Bedürfnis der EU-Bürger nach persönlicher Sicherheit, funktionierenden Sozialsystemen und gesellschaftlichem Frieden.
Wir haben es hier mit einem Fall von „strategischer Prozessführung“ zu tun, bei dem, wie bei den heiklen Klima-Fällen, sogenannte NGOs eine Handvoll Betroffene klagen lassen, um politische Entscheidungen per Gerichtsbeschluss ausbremsen zu lassen. Wenn das Prinzip der sicheren Herkunftsstaaten gekippt ist, weil kaum zu beweisen ist, dass in einem Land alle Menschen sicher sind, wird man keinen illegalen Einwanderer mehr los.

## Ist Deutschland sicher?

Jeder kann behaupten, dass sein Leben oder ihre Freiheit wegen seiner Ethnie, Religion, Staatsangehörigkeit, sexuellen Ausrichtung, Zugehörigkeit zu einer bestimmten sozialen Gruppe oder aufgrund seiner politischen Ansichten gefährdet ist. Selbst Deutschland wäre nach Definition der EuGH-Richter nicht vollkommen sicher, wie etwa die signifikante Bedrohung jüdischen Lebens durch muslimische Migranten (ausgerechnet!) zeigt. Islamkritiker wie Seyran Ateş und Ahmad Mansour brauchen rund um die Uhr Polizeischutz. Und wie steht es um die juristische Verfolgung von Regierungskritikern? Der Coronamaßnahmen-Kritiker Michael Ballweg kann nicht neun Monate im Gefängnis gesessen haben, wenn es um eine Steuerhinterziehung in Höhe von knapp 20 Euro gegangen wäre.
Wie sicher ist Deutschland noch für Menschen, die als Juden zu erkennen sind?
Zweifellos könnte man in kein einziges Land der islamischen Welt mehr abschieben, denn Homosexuelle werden dort überall verfolgt, und Juden und Christen in sehr vielen. Es empfiehlt sich dort auch nicht, einer ethnischen Minderheit anzugehören, wie das Schicksal der Drusen aktuell in Syrien zeigt. Und jetzt? Ein Migrant muss nur behaupten, queer zu sein und deshalb in seiner Heimat diskriminiert zu werden. Vielleicht reicht es sogar, dass Homosexuelle dort bedrängt werden, um selbst nicht mehr abgeschoben werden zu können, weil das Land insgesamt nicht mehr „für alle sicher“ ist.
Das fatale EuGH-Urteil beunruhigt auch Heiko Teggatz, Stellvertretender Vorsitzender der Polizeigewerkschaft (DPolG). Er sagte NIUS, es werde dazu führen, dass GEAS „schlicht nicht funktionieren wird“, wie schon Dublin nicht funktionierte (also die Regelung, dass für einen Asylbewerber grundsätzlich das Land zuständig ist, in dem er zuerst europäischen Boden betreten hat – um zu verhindern, dass er in mehreren EU-Ländern Asylanträge stellt). Teggatz meint, nun müsse die Bundesregierung nationales Recht (Aufenthaltsgesetz und Asylgesetz) weiter stärken, „um wenigstens die Reißleine ziehen zu können, wenn GEAS komplett über die Wupper geht“.

## Heiko Teggatz: Nationales Recht stärken!

Insbesondere die Osteuropäer schützen sich bisher selbst durch nationales Recht. Doch grundsätzlich sind sich die 27 europäischen Regierungen einig, dass die EU eine Migrationswende braucht. Die vielfältigen Probleme, die die illegale Massenzuwanderung gebracht hat, sind unübersehbar, da ist es den EU-Bürgern, also dem eigentlichen Souverän, kaum zu vermitteln, dass ihr Interesse an Stabilität, wie es sie einmal gab, weniger zählen soll als die Bedürfnisse der Einwanderer, die schon aufgrund ihrer großen Zahl destabilisierend wirken. Das Vertrauen in die staatlichen Institutionen dürfte so weiter abnehmen.
Das EuGH-Urteil ist ein Musterbeispiel für eine moralisierte Justiz, die sie noch stärker von der Wirklichkeit entkoppelt erscheinen lässt als die ohnehin schon realitätsferne Brüsseler Bürokratie. Was Richter mit ideologischer Agenda außer Acht lassen, treibt andere gewöhnlich um: Warum etwa sollen Länder wie Tunesien, Marokko und Ägypten „unsicher“ sein, wenn viele Deutsche dort regelmäßig ihren Urlaub verbringen?
Wenn versucht wird, Abschiebungen durch überzogene rechtliche Hürden nahezu unmöglich zu machen, bleibt zum einen, wie von Teggatz angemahnt, nationales Recht zu stärken. Denkbar ist auch, GEAS vorzuziehen, um nicht noch ein ganzes Jahr zu verlieren. Denkbar ist auch ein Drittstaaten-Modell wie das britische „Ruanda-Modell“ (ebenfalls juristisch torpediert): Das reguläre Asylverfahren wird in einen Drittstaat verlagert, es ist dann vom Urteil des EuGH nicht betroffen.

## Abschaffung von Pull-Faktoren

Der Migrations-Experte Heiko Rehmann bringt auch ein älteres Modell ins Spiel: Er hält es für vorstellbar, „das Asylrecht auf Flüchtlinge aus Europa zu beschränken und damit zum Ursprungsgedanken der Genfer Flüchtlingskonvention zurückzukehren“. Ukrainer oder Weißrussen etwa hätten dann einen Anspruch auf Schutz in der EU, Menschen aus außereuropäischen Staaten dagegen nur im Zuge von freiwilligen Kontingenten.
Die restriktive Migrationspolitik der sozialdemokratischen Ministerpräsidentin Mette Frederiksen wirkt sich in Dänemark positiv aus.
Wenn nicht mehr jeder illegale Migrant das Recht hätte, ein Asylersuchen vorzubringen, erst einmal zu bleiben und Sozialleistungen zu beziehen, spräche sich das rasch herum. Sobald der Zugang zu den Fleischtöpfen der europäischen Versorgungssysteme versperrt ist, dürfte der Zustrom von allein versiegen. Einzelne Länder wie Dänemark haben mit der Abschaffung der Pull-Faktoren bereits gute Erfahrungen gemacht.

## Meloni beklagt „Affront“

Als sichere Herkunftsstaaten zählen nach Angaben des Bundesamtes für Migration und Flüchtlinge (BAMF) alle Länder, in denen wegen des demokratischen Systems und der politischen Lage keine staatliche Verfolgung des Asylbewerbers zu befürchten ist. Pauline Endres de Oliveira, Migrationsrechts-Professorin an der Humboldt-Uni in Berlin, meint jedoch: „Das Urteil ist auch für Deutschland wegweisend, denn die europäischen Vorgaben zur Einstufung sicherer Herkunftsstaaten gelten auch hier.“
Italiens Regierungschefin Giorgia Meloni: „Ein Schritt, der alle beunruhigen sollte.“
Die von Bundesinnenminister Alexander Dobrindt geplante Ausweitung sicherer Herkunftsstaaten wird durch das EuGH-Urteil jedenfalls eher erschwert. Für Italiens Ministerpräsidentin Giorgia Meloni ist es nicht weniger als ein Affront. „Die Justiz beansprucht Zuständigkeiten, die ihr nicht zustehen“, erklärte sie angesichts des Brüsseler Angriffs auf nationale Handlungsspielräume. „Das ist ein Schritt, der alle beunruhigen sollte.“ Das Urteil schwäche „die Politik zur Bekämpfung der illegalen Masseneinwanderung und zum Schutz der nationalen Grenzen“ und gebe Einzelrichtern mit fragwürdigen Quellen mehr Gewicht als demokratisch legitimierten Regierungen.
Mit dem EuGH legt sich Europa im Ringen um die Erhaltung seiner Sicherheit und seines Wohlstands selbst ohne Not Fesseln an. Wenn die demokratisch legitimierten Regierungen nicht Mittel und Wege finden, das fatale Nichtabschiebungs-Urteil zu umgehen, bestimmen de facto Ideologen das Schicksal des Kontinents. Das weitere Erstarken von Parteien, die sich dem Brüsseler Diktat nicht beugen wollen, ist ohnehin programmiert.
Lesen Sie dazu auch:
Europäischer Gerichtshof: Hürden für Einstufung als „sicheres Herkunftsland” angehoben
Weidel: „Sie sind ein Lügenkanzler!“ – Merz: „Asyl-Zahlen runter: Sie verlieren Ihr Kampf-Thema“"
f3ea7e2b-d0f9-4c1b-b7f0-660c9a9b4e35,"Kai Wegner gefällt Beitrag über Berliner Staus, während die Hauptstadt im Baustellen-Chaos versinkt","<span>Kai Wegner gefällt Beitrag über Berliner Staus, während die Hauptstadt im Baustellen-Chaos versinkt</span>",,/gesellschaft/news/kai-wegner-gefaellt-beitrag-ueber-berliner-staus-waehrend-die-hauptstadt-im-baustellen-chaos-versinkt/f3ea7e2b-d0f9-4c1b-b7f0-660c9a9b4e35,/gesellschaft,/articles/kai-wegner-gefaellt-beitrag-ueber-berliner-staus-waehrend-die-hauptstadt-im-baustellen-chaos-versinkt/f3ea7e2b-d0f9-4c1b-b7f0-660c9a9b4e35,"{'big_1x': 'https://api.nius.de/api/assets/office-hr/99692b34-c347-4322-9559-a34beedca2b1?width=1400&height=1000&mode=CropUpsize', 'big_2x': 'https://api.nius.de/api/assets/office-hr/99692b34-c347-4322-9559-a34beedca2b1?width=2000&height=1500&mode=CropUpsize', 'medium': 'https://api.nius.de/api/assets/office-hr/99692b34-c347-4322-9559-a34beedca2b1?width=800&height=600&mode=CropUpsize', 'small': 'https://api.nius.de/api/assets/office-hr/99692b34-c347-4322-9559-a34beedca2b1?width=400&height=300&mode=CropUpsize', 'portrait_1x': 'https://api.nius.de/api/assets/office-hr/99692b34-c347-4322-9559-a34beedca2b1?width=375&height=500&mode=CropUpsize', 'portrait_2x': 'https://api.nius.de/api/assets/office-hr/99692b34-c347-4322-9559-a34beedca2b1?width=750&height=1000&mode=CropUpsize', 'original': 'https://api.nius.de/api/assets/office-hr/99692b34-c347-4322-9559-a34beedca2b1', 'title': '', 'id': '99692b34-c347-4322-9559-a34beedca2b1'}",[],,['Gesellschaft'],kai-wegner-gefaellt-beitrag-ueber-berliner-staus-waehrend-die-hauptstadt-im-baustellen-chaos-versinkt,2025-08-04T18:31:07Z,2025-08-04T14:13:03Z,2025-08-04 16:41:36.561000+00:00,System Teaser,"[{'id': '644f639cf03076c588c404f5', 'email': 'redaktion@nius.de', 'name': 'Redaktion', 'active': True, 'permissions': [], 'slug': 'redaktion', 'firstName': '', 'authorSlug': 'redaktion', 'lastName': '', 'role': 'ADMIN', 'bio': '', 'profileImage': {'big_1x': 'https://api.nius.de/api/users/644f639cf03076c588c404f5/picture', 'big_2x': 'https://api.nius.de/api/users/644f639cf03076c588c404f5/picture', 'medium': 'https://api.nius.de/api/users/644f639cf03076c588c404f5/picture', 'small': 'https://api.nius.de/api/users/644f639cf03076c588c404f5/picture', 'portrait_1x': 'https://api.nius.de/api/users/644f639cf03076c588c404f5/picture', 'portrait_2x': 'https://api.nius.de/api/users/644f639cf03076c588c404f5/picture', 'original': 'https://api.nius.de/api/users/644f639cf03076c588c404f5/picture', 'title': '', 'id': '644f639cf03076c588c404f5'}}]","{'big_1x': 'https://api.nius.de/api/assets/office-hr/77175992-b387-45cd-915d-8da93b485ff9?width=1400&height=1000&mode=CropUpsize', 'big_2x': 'https://api.nius.de/api/assets/office-hr/77175992-b387-45cd-915d-8da93b485ff9?width=2000&height=1500&mode=CropUpsize', 'medium': 'https://api.nius.de/api/assets/office-hr/77175992-b387-45cd-915d-8da93b485ff9?width=800&height=600&mode=CropUpsize', 'small': 'https://api.nius.de/api/assets/office-hr/77175992-b387-45cd-915d-8da93b485ff9?width=400&height=300&mode=CropUpsize', 'portrait_1x': 'https://api.nius.de/api/assets/office-hr/77175992-b387-45cd-915d-8da93b485ff9?width=375&height=500&mode=CropUpsize', 'portrait_2x': 'https://api.nius.de/api/assets/office-hr/77175992-b387-45cd-915d-8da93b485ff9?width=750&height=1000&mode=CropUpsize', 'original': 'https://api.nius.de/api/assets/office-hr/77175992-b387-45cd-915d-8da93b485ff9', 'title': '', 'id': '77175992-b387-45cd-915d-8da93b485ff9'}",,False,False,[],True,"{'title': 'Kai Wegner gefällt Beitrag über Berliner Staus, während die Hauptstadt im Baustellen-Chaos versinkt', 'description': 'Hunderttausende stehen täglich im Stau an Baustellen, auf denen nicht gebaut wird. Die Hauptstadt Berlin ist auch Stau-Hauptstadt. Der Regierende Bürgermeister gibt ein Like für die Klagen über die Staustellen.', 'image': 'https://api.nius.de/api/assets/office-hr/99692b34-c347-4322-9559-a34beedca2b1/f3ea7e2b-d0f9-4c1b-b7f0-660c9a9b4e35.jpg', 'locale': 'office-hr', 'url': None, 'publishedAt': '2025-08-04T14:13:03Z', 'modifiedAt': '2025-08-04T16:41:36.561Z', 'author': None, 'category': 'Gesellschaft', 'tags': []}",https://www.nius.de/gesellschaft/news/kai-wegner-gefaellt-beitrag-ueber-berliner-staus-waehrend-die-hauptstadt-im-baustellen-chaos-versinkt/f3ea7e2b-d0f9-4c1b-b7f0-660c9a9b4e35,2025-08-04,"# Kai Wegner gefällt Beitrag über Berliner Staus, während die Hauptstadt im Baustellen-Chaos versinkt

Es ist ein Video-Dokument, das viele Deutsche aus eigenem Erleben kennen: kilometerlange Straßen-Baustellen, auf denen niemand arbeitet. Kai Wegner (CDU), Regierender Bürgermeister der Stau-Hauptstadt Berlin, kann den Ärger offenbar nachfühlen:
„Das muss man Kai Wegner lassen“, schreibt Ex-FDP-Politiker Marcel Luthe (parteilos) auf X, „der Bürgermeister von Deutschlands Stauhauptstadt Berlin (...) liked selbstironisch meinen Beitrag zu Straßenbaustellen ohne Bautätigkeit, während ich an einer der vielen maroden Brücken Berlins im Stau stehe. Wie Hunderttausende Berliner auch. Täglich.“
„Kai Wegner gefällt dein Post.“ Luthe hat das rote Herzchen des Regierenden Bürgermeisters dokumentiert.
In seinem Video zeigt Luthe endlose Warnbaken, die an seiner Frontscheibe vorbeiziehen und hinter denen niemand zu sehen ist. „Autobahn 9, München Richtung Nürnberg, mitten in den deutschen Sommerferien. Kilometerlange Absperrung ohne jede Tätigkeit, so wie Hunderte andere Baustellen auch. In anderen Ländern baut man im Drei-Schicht-System, in Deutschland verursacht die wurstige Bräsigkeit der öffentlichen Hand jährlich Milliardenschäden durch hausgemachte Staus.“
Ein Like kann Anteilnahme, fröhliches Daumendrücken oder Zwinkern bedeuten. Wegner weiß, dass die Baustellen auch in Berlin die Leute nerven. Das räumt er selbst ein. Was er als Regierungschef dagegen tun will, bleibt einstweilen unklar. Luthe zumindest will sich damit nicht abfinden und sammelt Beispiele für Bau-Versagen: „Sinnloses Herunterbremsen durch Tempolimit 80, das 200 Meter später aufgehoben wird? Geben Sie mir bitte mehr Beispiele, am besten als Video. Es wird Zeit, dafür Verantwortliche in die Verantwortung zu nehmen!“
Kai Wegner gefällt das.
Lesen Sie auch:
Kai Wegner wird zur Witzfigur"
b254e90a-2326-48b2-860f-4c96fd31c628,Rückruf von Rinder-Salami – Warnung vor Darmproblemen,"<span><span class=""font-highlight"">Rückruf von Rinder-Salami</span> – Warnung vor Darmproblemen</span>",,/wirtschaft/news/rueckruf-von-rinder-salami-darmprobleme-wiltmann/b254e90a-2326-48b2-860f-4c96fd31c628,/wirtschaft,/articles/rueckruf-von-rinder-salami-darmprobleme-wiltmann/b254e90a-2326-48b2-860f-4c96fd31c628,"{'big_1x': 'https://api.nius.de/api/assets/office-hr/c6effdb1-7112-468c-8db2-5d3da12fffd7?width=1400&height=1000&mode=CropUpsize', 'big_2x': 'https://api.nius.de/api/assets/office-hr/c6effdb1-7112-468c-8db2-5d3da12fffd7?width=2000&height=1500&mode=CropUpsize', 'medium': 'https://api.nius.de/api/assets/office-hr/c6effdb1-7112-468c-8db2-5d3da12fffd7?width=800&height=600&mode=CropUpsize', 'small': 'https://api.nius.de/api/assets/office-hr/c6effdb1-7112-468c-8db2-5d3da12fffd7?width=400&height=300&mode=CropUpsize', 'portrait_1x': 'https://api.nius.de/api/assets/office-hr/c6effdb1-7112-468c-8db2-5d3da12fffd7?width=375&height=500&mode=CropUpsize', 'portrait_2x': 'https://api.nius.de/api/assets/office-hr/c6effdb1-7112-468c-8db2-5d3da12fffd7?width=750&height=1000&mode=CropUpsize', 'original': 'https://api.nius.de/api/assets/office-hr/c6effdb1-7112-468c-8db2-5d3da12fffd7', 'title': '', 'id': 'c6effdb1-7112-468c-8db2-5d3da12fffd7'}",[],,['Wirtschaft'],rueckruf-von-rinder-salami-darmprobleme-wiltmann,2025-08-04T19:52:40Z,2025-08-04T19:20:05Z,2025-08-04 19:20:32.053000+00:00,Text Teaser,"[{'id': '644f639cf03076c588c404f5', 'email': 'redaktion@nius.de', 'name': 'Redaktion', 'active': True, 'permissions': [], 'slug': 'redaktion', 'firstName': '', 'authorSlug': 'redaktion', 'lastName': '', 'role': 'ADMIN', 'bio': '', 'profileImage': {'big_1x': 'https://api.nius.de/api/users/644f639cf03076c588c404f5/picture', 'big_2x': 'https://api.nius.de/api/users/644f639cf03076c588c404f5/picture', 'medium': 'https://api.nius.de/api/users/644f639cf03076c588c404f5/picture', 'small': 'https://api.nius.de/api/users/644f639cf03076c588c404f5/picture', 'portrait_1x': 'https://api.nius.de/api/users/644f639cf03076c588c404f5/picture', 'portrait_2x': 'https://api.nius.de/api/users/644f639cf03076c588c404f5/picture', 'original': 'https://api.nius.de/api/users/644f639cf03076c588c404f5/picture', 'title': '', 'id': '644f639cf03076c588c404f5'}}]",,,False,False,[],True,"{'title': '{{*Rückruf von Rinder-Salami*}} – Warnung vor Darmproblemen', 'description': 'Der Wurstproduzent Wiltmann ruft Rinder-Salami zurück, die bundesweit verkauft wurde. In einer einzelnen Probe wurden Bakterien nachgewiesen, die zu Darmproblemen führen können.', 'image': 'https://api.nius.de/api/assets/office-hr/c6effdb1-7112-468c-8db2-5d3da12fffd7/b254e90a-2326-48b2-860f-4c96fd31c628.jpg', 'locale': 'office-hr', 'url': None, 'publishedAt': '2025-08-04T19:20:05Z', 'modifiedAt': '2025-08-04T19:20:32.053Z', 'author': None, 'category': 'Wirtschaft', 'tags': []}",https://www.nius.de/wirtschaft/news/rueckruf-von-rinder-salami-darmprobleme-wiltmann/b254e90a-2326-48b2-860f-4c96fd31c628,2025-08-04,"# Rückruf von Rinder-Salami – Warnung vor Darmproblemen

Der Wurstproduzent Wiltmann ruft Rinder-Salami zurück, die bundesweit verkauft wurde. In einer einzelnen Probe wurden Bakterien nachgewiesen, die zu Darmproblemen führen können.
Wegen einer möglichen bakteriellen Belastung ruft der nordrhein-westfälische Wurstproduzent Wiltmann Rinder-Salami zurück, die bundesweit bei Rewe, Netto, Edeka und Kaufland sowie in weiteren Supermärkten verkauft wurde. In einer einzelnen Untersuchung seien EHEC-Bakterien nachgewiesen worden – sogenannte Shigatoxin-bildende Escherichia coli (STEC). Sie könnten schwere Durchfallerkrankungen auslösen, wie das Unternehmen im Internet mitteilte.
Zurückgerufen wird die „Rein Rind-Salami“ in der 70-Gramm-Packung der Marke Wiltmann mit den Mindesthaltbarkeitsdaten 14. August 2025, 21. August 2025 und 25. August 2025 mit der Chargennummer L2517700010. Aufgrund eines möglichen Gesundheitsrisikos sollten Verbraucher den Rückruf unbedingt beachten und das betroffene Produkt nicht essen, bat der Wurstproduzent. Weitere Chargen dieses Produkts seien aber nicht betroffen. Vor allem Verbraucher mit gesundheitlicher Empfindlichkeit wie Kinder, Schwangere oder ältere Personen sollten aufpassen. Die Salami könne dort zurückgegeben werden, wo man sie gekauft habe – der Kaufpreis werde auch ohne Vorlage des Kassenbons erstattet."
68af0d7b-50c6-44a4-aca3-a9c0fc563e69,Medienberichte: Netanjahu strebt Besetzung von ganz Gaza an,<span>Medienberichte: Netanjahu strebt Besetzung von ganz Gaza an</span>,,/ausland/news/medienberichte-netanjahu-strebt-einnahme-gaza-an/68af0d7b-50c6-44a4-aca3-a9c0fc563e69,/ausland,/articles/medienberichte-netanjahu-strebt-einnahme-gaza-an/68af0d7b-50c6-44a4-aca3-a9c0fc563e69,"{'big_1x': 'https://api.nius.de/api/assets/office-hr/4946e597-3d99-4517-9efa-72d2e853f124?width=1400&height=1000&mode=CropUpsize', 'big_2x': 'https://api.nius.de/api/assets/office-hr/4946e597-3d99-4517-9efa-72d2e853f124?width=2000&height=1500&mode=CropUpsize', 'medium': 'https://api.nius.de/api/assets/office-hr/4946e597-3d99-4517-9efa-72d2e853f124?width=800&height=600&mode=CropUpsize', 'small': 'https://api.nius.de/api/assets/office-hr/4946e597-3d99-4517-9efa-72d2e853f124?width=400&height=300&mode=CropUpsize', 'portrait_1x': 'https://api.nius.de/api/assets/office-hr/4946e597-3d99-4517-9efa-72d2e853f124?width=375&height=500&mode=CropUpsize', 'portrait_2x': 'https://api.nius.de/api/assets/office-hr/4946e597-3d99-4517-9efa-72d2e853f124?width=750&height=1000&mode=CropUpsize', 'original': 'https://api.nius.de/api/assets/office-hr/4946e597-3d99-4517-9efa-72d2e853f124', 'title': '', 'id': '4946e597-3d99-4517-9efa-72d2e853f124'}",[],,['Ausland'],medienberichte-netanjahu-strebt-einnahme-gaza-an,2025-08-04T19:47:16Z,2025-08-04T19:21:48Z,2025-08-04 19:25:32.896000+00:00,,"[{'id': '644f639cf03076c588c404f5', 'email': 'redaktion@nius.de', 'name': 'Redaktion', 'active': True, 'permissions': [], 'slug': 'redaktion', 'firstName': '', 'authorSlug': 'redaktion', 'lastName': '', 'role': 'ADMIN', 'bio': '', 'profileImage': {'big_1x': 'https://api.nius.de/api/users/644f639cf03076c588c404f5/picture', 'big_2x': 'https://api.nius.de/api/users/644f639cf03076c588c404f5/picture', 'medium': 'https://api.nius.de/api/users/644f639cf03076c588c404f5/picture', 'small': 'https://api.nius.de/api/users/644f639cf03076c588c404f5/picture', 'portrait_1x': 'https://api.nius.de/api/users/644f639cf03076c588c404f5/picture', 'portrait_2x': 'https://api.nius.de/api/users/644f639cf03076c588c404f5/picture', 'original': 'https://api.nius.de/api/users/644f639cf03076c588c404f5/picture', 'title': '', 'id': '644f639cf03076c588c404f5'}}]",,,False,False,[],True,"{'title': 'Medienberichte: Netanjahu strebt Besetzung von ganz Gaza an', 'description': 'Der Regierungschef will dem Vernehmen nach aufs Ganze gehen: die vollständige Besetzung des Gazastreifens. Das birgt viele Risiken. Die Armee wird er überzeugen müssen, dass sie sich lohnen.', 'image': 'https://api.nius.de/api/assets/office-hr/4946e597-3d99-4517-9efa-72d2e853f124/68af0d7b-50c6-44a4-aca3-a9c0fc563e69.jpg', 'locale': 'office-hr', 'url': None, 'publishedAt': '2025-08-04T19:21:48Z', 'modifiedAt': '2025-08-04T19:25:32.896Z', 'author': None, 'category': 'Ausland', 'tags': []}",https://www.nius.de/ausland/news/medienberichte-netanjahu-strebt-einnahme-gaza-an/68af0d7b-50c6-44a4-aca3-a9c0fc563e69,2025-08-04,"# Medienberichte: Netanjahu strebt Besetzung von ganz Gaza an

Der Regierungschef will dem Vernehmen nach aufs Ganze gehen: die vollständige Besetzung des Gazastreifens. Das birgt viele Risiken. Die Armee wird er überzeugen müssen, dass sie sich lohnen.
Israels Ministerpräsident Benjamin Netanjahu soll sich laut Medienberichten entschieden haben, den Gazastreifen vollständig einzunehmen. Dafür wolle er sich in den nächsten Tagen Rückendeckung des Kabinetts und der Militärführung holen, soll er zu Ministern seines Kabinetts gesagt haben. Das Nachrichtenportal ynetnews zitierte einen Offiziellen, der ihm nahe steht, mit den Worten: „Die Würfel sind gefallen – wir beabsichtigen, den Gazastreifen vollständig zu besetzen.“
Palästinenser tragen Mehlsäcke, die von einem humanitären Hilfskonvoi auf dem Weg vom nördlichen Gazastreifen nach Gaza abgeladen wurden.

## Hamas zu keiner Verhandlungslösung bereit

Netanjahu selbst hatte zuvor nur so viel gesagt, dass er in dieser Woche das Sicherheitskabinett einberufen werde, um über das weitere Vorgehen in dem abgeriegelten und großflächig zerstörten Küstenstreifen am Mittelmeer zu entscheiden. In einer Video-Botschaft am Sonntag hatte er dargelegt, dass die islamistische Hamas, die dort vor 18 Jahren die Macht an sich gerissen hatte, aus seiner Sicht zu keiner Verhandlungslösung bereit sei.
Die israelischen Streitkräfte kontrollieren derzeit rund 75 Prozent der Fläche des Küstengebiets, das in etwa so groß ist wie München. Die Geiseln werden in jenen Teilen vermutet, in die das israelische Militär bislang nicht vorgedrungen ist und die weiterhin von der Hamas kontrolliert werden.
Israels Präsident Isaac Herzog zeigt Fotos von Evyatar David (l) und Rom Braslavski, die von der Terrororganisation Hamas im Gazastreifen festgehalten werden, während einer gemeinsamen Erklärung mit Litauens Präsident Nauseda im Präsidentenpalast.
Israel führt gegen die Hamas seit fast 22 Monaten einen Krieg, nachdem die palästinensische Terrororganisation zusammen mit ihren Verbündeten am 7. Oktober 2023 im Süden Israels mehr als 1.200 Menschen getötet und weitere 250 als Geiseln in den Gazastreifen verschleppt hatte – bis heute halten die Terroristen Geiseln in ihrer Gewalt.

## Noch 20 Geiseln am Leben

Nach israelischer Einschätzung befinden sich derzeit noch 50 Geiseln in der Gewalt der Hamas, von denen noch 20 am Leben sein sollen. Monatelange indirekte Verhandlungen zwischen Israel und der Hamas, um eine Waffenruhe herbeizuführen und die letzten Geiseln freizubekommen, brachten kein Ergebnis.
Am 7.10.23 überfielen Hamas-Terroristen das Supernova-Festival in der Nähe des Kibbuz Reʿim.

## Armeeführung sah bisher Komplett-Besatzung kritisch

Das israelische Militär hat sich in der Vergangenheit gegen eine Komplett-Besatzung des Gazastreifens ausgesprochen. Die Beseitigung sämtlicher Hamas-Tunnel und -Bunker könne Jahre dauern, beschrieb die Times of Israel die Bedenken der Armeeführung. Auch könnten demnach Geiseln in Gefahr geraten und getötet werden, sollten israelische Truppen den Orten ihrer Gefangenschaft zu nahe kommen.
Den Medienberichten zufolge würde aber Netanjahu nunmehr dieses Risiko eingehen. „Es wird Militäreinsätze auch in Gebieten geben, in denen Geiseln festgehalten werden“, zitierte ynetnews den Offiziellen weiter. „Wenn der Generalstabschef (Ejal Zamir) damit nicht einverstanden ist, dann soll er zurücktreten.“
Lesen Sie auch:
Warum die Hamas ausgerechnet jetzt Bilder von ausgemergelten israelischen Geiseln zeigt"
2d221969-ab65-4395-96e3-43eaf3cdf9f0,Geschlechtertrennung an der Stange: Muslimische Frauen fordern Sharia-Pole-Dance,<span>Geschlechtertrennung an der Stange: Muslimische Frauen fordern Sharia-Pole-Dance</span>,,/gesellschaft/news/geschlechtertrennung-muslimische-frauen-fordern-sharia-pole-dance/2d221969-ab65-4395-96e3-43eaf3cdf9f0,/gesellschaft,/articles/geschlechtertrennung-muslimische-frauen-fordern-sharia-pole-dance/2d221969-ab65-4395-96e3-43eaf3cdf9f0,"{'big_1x': 'https://api.nius.de/api/assets/office-hr/d8d7c5ef-a7bb-4d86-971a-fffaa9c7a022?width=1400&height=1000&mode=CropUpsize', 'big_2x': 'https://api.nius.de/api/assets/office-hr/d8d7c5ef-a7bb-4d86-971a-fffaa9c7a022?width=2000&height=1500&mode=CropUpsize', 'medium': 'https://api.nius.de/api/assets/office-hr/d8d7c5ef-a7bb-4d86-971a-fffaa9c7a022?width=800&height=600&mode=CropUpsize', 'small': 'https://api.nius.de/api/assets/office-hr/d8d7c5ef-a7bb-4d86-971a-fffaa9c7a022?width=400&height=300&mode=CropUpsize', 'portrait_1x': 'https://api.nius.de/api/assets/office-hr/d8d7c5ef-a7bb-4d86-971a-fffaa9c7a022?width=375&height=500&mode=CropUpsize', 'portrait_2x': 'https://api.nius.de/api/assets/office-hr/d8d7c5ef-a7bb-4d86-971a-fffaa9c7a022?width=750&height=1000&mode=CropUpsize', 'original': 'https://api.nius.de/api/assets/office-hr/d8d7c5ef-a7bb-4d86-971a-fffaa9c7a022', 'title': '', 'id': 'd8d7c5ef-a7bb-4d86-971a-fffaa9c7a022'}",[],,['Gesellschaft'],geschlechtertrennung-muslimische-frauen-fordern-sharia-pole-dance,2025-08-12T19:54:53Z,2025-08-04T16:22:22Z,2025-08-04 21:08:10.860000+00:00,System Teaser,"[{'id': '67c88451207ce55b326d39fa', 'email': 'jens.winter@nius.com', 'name': 'Jens Winter', 'active': True, 'permissions': [], 'slug': 'jens-winter', 'firstName': '', 'authorSlug': 'jens-winter', 'lastName': '', 'role': 'ADMIN', 'bio': '', 'profileImage': {'big_1x': 'https://api.nius.de/api/users/67c88451207ce55b326d39fa/picture', 'big_2x': 'https://api.nius.de/api/users/67c88451207ce55b326d39fa/picture', 'medium': 'https://api.nius.de/api/users/67c88451207ce55b326d39fa/picture', 'small': 'https://api.nius.de/api/users/67c88451207ce55b326d39fa/picture', 'portrait_1x': 'https://api.nius.de/api/users/67c88451207ce55b326d39fa/picture', 'portrait_2x': 'https://api.nius.de/api/users/67c88451207ce55b326d39fa/picture', 'original': 'https://api.nius.de/api/users/67c88451207ce55b326d39fa/picture', 'title': '', 'id': '67c88451207ce55b326d39fa'}}]","{'big_1x': 'https://api.nius.de/api/assets/office-hr/0c016e65-e39b-435f-a65e-cf6071c06769?width=1400&height=1000&mode=CropUpsize', 'big_2x': 'https://api.nius.de/api/assets/office-hr/0c016e65-e39b-435f-a65e-cf6071c06769?width=2000&height=1500&mode=CropUpsize', 'medium': 'https://api.nius.de/api/assets/office-hr/0c016e65-e39b-435f-a65e-cf6071c06769?width=800&height=600&mode=CropUpsize', 'small': 'https://api.nius.de/api/assets/office-hr/0c016e65-e39b-435f-a65e-cf6071c06769?width=400&height=300&mode=CropUpsize', 'portrait_1x': 'https://api.nius.de/api/assets/office-hr/0c016e65-e39b-435f-a65e-cf6071c06769?width=375&height=500&mode=CropUpsize', 'portrait_2x': 'https://api.nius.de/api/assets/office-hr/0c016e65-e39b-435f-a65e-cf6071c06769?width=750&height=1000&mode=CropUpsize', 'original': 'https://api.nius.de/api/assets/office-hr/0c016e65-e39b-435f-a65e-cf6071c06769', 'title': '', 'id': '0c016e65-e39b-435f-a65e-cf6071c06769'}",,False,False,[],True,"{'title': 'Geschlechtertrennung an der Stange: Muslimische Frauen fordern Sharia-Pole-Dance', 'description': 'Ein Poledance-Studio aus Dortmund überlegt, einen geschlechtergetrennten Kurs nur für Frauen ins Programm zu nehmen. Grund hierfür seien „Anfragen von muslimischen Kundinnen“. Noch vor einem Monat posierte das Studio mit der sogenannten Progressive-Pride-Fahne.', 'image': 'https://api.nius.de/api/assets/office-hr/d8d7c5ef-a7bb-4d86-971a-fffaa9c7a022/2d221969-ab65-4395-96e3-43eaf3cdf9f0.jpg', 'locale': 'office-hr', 'url': None, 'publishedAt': '2025-08-04T16:22:22Z', 'modifiedAt': '2025-08-04T21:08:10.860Z', 'author': None, 'category': 'Gesellschaft', 'tags': []}",https://www.nius.de/gesellschaft/news/geschlechtertrennung-muslimische-frauen-fordern-sharia-pole-dance/2d221969-ab65-4395-96e3-43eaf3cdf9f0,2025-08-04,"# Geschlechtertrennung an der Stange: Muslimische Frauen fordern Sharia-Pole-Dance

Ein Poledance-Studio aus Dortmund überlegt, einen geschlechtergetrennten Kurs nur für Frauen ins Programm zu nehmen. Grund hierfür seien „Anfragen von muslimischen Kundinnen“. Noch vor einem Monat posierte das Studio mit der sogenannten Progressive-Pride-Fahne.
„Jeder ist willkommen, jeder soll sich wohl fühlen!“, schreibt das Tanzstudio „VI-Dance“ mit Filialen in Essen, Münster und Dortmund seinen Kunden in einer E-Mail. Deshalb überlege man nun, einen „Girls-Only Polcedance Kurs“ anzubieten.
Der Grund: „Immer wieder erhalten wir Anfragen von muslimischen Kundinnen und die Rückfragen ob Männer im Kurs sind.“ Man wolle „generell ALLE“ im Studio willkommen heißen, „unabhängig von Geschlecht oder Religion“, schreibt man in der Verteiler-E-Mail. Wer Interesse habe, am von Muslimen geforderten „Girls-Only Poledance Kurs“ teilzunehmen, könne sich gerne beim Studio melden.
Diese E-Mail versandte das „VI-Dance“-Tanzstudio über seinen Verteiler.

## Tanzstudio posierte schon mit Progressive-Pride-Fahne

Ende Juni postete das Studio anlässlich des sogenannten linken „Pride Month“ auf seinem Instagram-Kanal noch ein Video, in dem Damen in durchaus originellen Posen an der Stange mit der sogenannten Progressive-Pride-Fahne beziehungsweise der Regenbogenfahne posierten – beides Fahnen, die Linksextremisten nutzen.
Die Videos zeigen die Frauen mit der Fahne – mal Kopf über in den Händen, mal im senkrechten Spagat zwischen die Zehen gesteckt, mal als Mittelpunkt einer sich um sich selbst drehenden Zweier-Skulptur, mal zwischen Achseln und Kniekehle befestigt, ebenfalls zwischen zwei gestreckten Frauenkörpern. „Seid lieb zueinander, so wie die lieben Mäuse aus Essen“, steht unter dem Video.
Anlass des Wunsches der Frauen könnte der Umstand gewesen sein, dass sie – falls Männer anwesend sind – Kopftuch tragen müssten. Der Betreff der E-Mail zumindest heißt „Pole mit/ohne Kopftuch“.
NIUS fragte beim Studio an, ob man sich Gedanken darüber gemacht habe, ob die muslimischen Kundinnen womöglich auf Druck ihrer muslimischen Partner den Wunsch äußerten, einen Kurs ohne Männer zu besuchen, und ob solche Überlegungen für das Studio eine Rolle spielten.
Auch fragte NIUS, wie die Progressive-Pride-Fahne und Regenbogenfahne für sie zu verstehen seien, etwa als Symbol der Toleranz gegenüber der Kontrolle von Frauen durch den Islam.
Das „VI-Dance“-Tanzstudio ließ die Anfrage unbeantwortet.
Mehr NIUS: Getrennte Eingänge und getrennte Sitzplätze für Männer und Frauen: Geschlechtertrennung an der Uni Kiel während Islamwoche"
